"slug","verdict","genre","overallAvg","overallPriority","titleAvg","titlePriority","currentTitle","titleLength","titleOk","metaAvg","metaPriority","currentMeta","metaLength","metaOk","sonnet_titleScore","sonnet_suggestedTitle","sonnet_metaScore","sonnet_suggestedMeta","gemini_titleScore","gemini_suggestedTitle","gemini_metaScore","gemini_suggestedMeta","grok_titleScore","grok_suggestedTitle","grok_metaScore","grok_suggestedMeta"
"arrival","Too Close to Call","Science Fiction","2.7","high","4.3","high","Story of Your Life Book vs Movie","32","ok","1","high","","","ok","2","Story of Your Life vs Arrival: Chiang's Language, Villeneuve's Grief","1","Chiang's story is about language reshaping thought. Villeneuve's film is about grief and choice. Both transcendent—read first.","5","Arrival: Book vs Movie (Story of Your Life's Big Change)","1","The film 'Arrival' is based on the novella 'Story of Your Life.' We break down the key changes, the different endings, and which version is better.","6","Story of Your Life Book vs Movie: Mind-Bending","1","Chiang's story reshapes time; Villeneuve's film stuns. Which wins? Dive into our comparison now!"
"blade-runner","Film Wins","Science Fiction / Noir","2.8","high","4.5","high","Do Androids Dream of Electric Sheep? Book vs Movie","50","ok","1","high","","","ok","2","Do Androids Dream vs Blade Runner: Dick's Empathy, Scott's Noir","1","Dick's novel asks what makes us human. Scott's film is the most beautiful sci-fi noir ever made. Film wins—but read the book too.","","","","","7","Androids Dream Book vs Movie: Noir vs Soul","1","Dick's book probes android souls; Blade Runner redefines noir. Which wins? Read our analysis!"
"lady-chatterleys-lover","Film Wins","Literary Fiction / Romance","3","high","5","high","Lady Chatterley's Lover Book vs Movie","37","ok","1","high","","","ok","5","Lady Chatterley's Lover Book vs Movie: Corrin Fixes Lawrence's Prose","1","Lawrence's novel is preachy and dated. Corrin's 2022 film makes the affair feel urgent and modern. Watch the film first.","5","Lady Chatterley's Lover: Why the 2022 Movie Beats the Book","1","Lady Chatterley's Lover book vs movie: The 2022 Netflix film captures the passion without the novel's dated prose. See why the movie finally wins.","5","Lady Chatterley's Lover: Book vs Movie Clash","1","Lady Chatterley's Lover: Film shines, but book’s passion wins. Which is better? Find out!"
"the-haunting-of-hill-house","Too Close to Call","Horror / Drama","3.3","high","5.7","medium","The Haunting of Hill House: Jackson vs Flanagan — Book vs Series","64","TOO LONG","1","high","Shirley Jackson","15","ok","7","Haunting of Hill House Book vs Series: Jackson vs Flanagan","1","Jackson's psychological horror vs Flanagan's family trauma. Both are masterpieces of dread, different engines. Start with either.","5","Haunting of Hill House: Book vs Series — Jackson vs Flanagan","1","Jackson's novel is a masterclass in psychological horror. Flanagan's series is a heartbreaking family drama. We compare the two and declare a winner.","5","Hill House Book vs Series: Jackson's Terror","1","Jackson's subtle horror vs Flanagan's drama. Discover which wins!"
"the-book-thief","Book Wins","Historical Fiction / War Drama","3.5","high","3","high","The Book Thief Book vs Movie: Death Tells You Who Dies. The Film…","65","TOO LONG","4","high","Zusak's narrator announces deaths pages before they happen—a formal choice that makes the novel devastating. Percival's film is beautiful but ordinary.","151","TOO LONG","3","The Book Thief Book vs Movie: Death Narrates—Film Can't","6","Zusak's Death narrator announces deaths pages early—devastating. Percival's film is beautiful but can't replicate that formal power.","3","The Book Thief: Book vs Movie — Why the Narrator Matters","3","The book uses its narrator to announce deaths early, a devastating choice the film can't replicate. See why the book's unique structure wins.","3","The Book Thief Book vs Movie: Death's Unique Voice","3","Zusak's Death narrator shocks; the film feels ordinary. Discover why the book wins!"
"i-am-legend","Book Wins","Science Fiction / Horror","3.7","high","6.3","medium","I Am Legend: Book vs Film — Matheson's Ending Inverts Everything","64","TOO LONG","1","high","Richard Matheson","16","ok","9","I Am Legend Book vs Movie: Matheson's Ending Inverts Everything","1","Matheson's ending makes Neville the monster. The film makes him a hero. That inversion is the entire point. Read the book first.","4","I Am Legend: Book vs Movie (Why the Original Ending Is Better)","1","The film gives you a hero's sacrifice. The book's original ending is a shocking inversion of who the *real* monster is. See why it changes everything.","6","I Am Legend Book vs Film: Shocking Ending","1","Matheson's book inverts everything with its ending; film misses it. Which wins? Check our I Am Legend review!"
"pride-and-prejudice","Book Wins","Literary Fiction / Classic Romance","3.7","high","3","high","Pride and Prejudice Book vs Movie: Austen's Irony Dies the Momen…","65","TOO LONG","4.3","high","Wright made a beautiful film. Macfadyen's Darcy is perfect. But Elizabeth's interior voice—the thing that makes the novel great—can't survive on screen.","152","TOO LONG","3","Pride and Prejudice Book vs Movie: Elizabeth's Irony Dies","4","Macfadyen's Darcy is perfect, but Elizabeth's interior irony—what makes Austen great—can't survive on screen. Book wins.","3","Pride and Prejudice Book vs Movie: Why Austen's Irony Is Lost","3","The 2005 film is beautiful, but it loses Elizabeth Bennet's sharp internal voice—the source of Austen's genius. We explain why the book still wins.","3","Pride and Prejudice: Book vs Movie Irony","6","Pride and Prejudice book vs movie: Austen's wit beats film's charm. Which wins? Compare now!"
"where-the-crawdads-sing","Book Wins","Mystery / Literary Fiction","4.5","high","3","high","Where the Crawdads Sing Book vs Movie: Crawdads: Owens' Fireflie…","65","TOO LONG","6","medium","Edgar-Jones is excellent. The marsh is beautiful. But this is a novel about growing up inside a landscape, and that feeling only exists on the page.","148","ok","3","Where Crawdads Sing Book vs Movie: Marsh Feeling Only on Page","5","Edgar-Jones is excellent and the marsh beautiful. But Owens' novel about becoming the marsh itself only works on page. Read first.","3","Crawdads Sing: Book vs Movie (Why the Marsh Felt Different)","6","The film is beautiful and well-acted, but it can't capture the feeling of growing up *inside* a landscape. See why this internal story makes the book win.","3","Where the Crawdads Sing Book vs Movie: Marsh","7","Owens' Crawdads lives in the marsh; the film can't capture it. Which wins? Read the book first and compare!"
"divergent","Book Wins","Young Adult / Dystopian","4.7","high","3","high","Divergent Book vs Movie: Roth's Tris Questions Herself. Woodley …","65","TOO LONG","6.3","medium","The novel gives you a narrator who doubts her own choices. The film gives you a hero who looks conflicted. Read the book first.","127","ok","3","Divergent Book vs Movie: Tris Doubts Herself in the Novel","5","Roth's Tris questions every choice inside her head. Woodley's just looks conflicted. The internal spiral is everything.","3","Divergent: Book vs Movie (Why the Book's Self-Doubt Matters)","7","The film shows a conflicted hero, but the book puts you inside a narrator who doubts her choices. See our full breakdown & why the book wins.","3","Divergent Book vs Movie: Tris' Inner Conflict Wins","7","Roth's Tris doubts herself in the book; film shows mere conflict. Which is better? Check our Divergent analysis!"
"the-time-travelers-wife","Book Wins","Romance / Science Fiction","4.7","high","3","high","The Time Traveler's Wife Book vs Movie: The Date Headings Are th…","65","TOO LONG","6.3","medium","Schwentke linearised the romance and lost what makes Niffenegger's novel devastating. Every scene means differently because of what surrounds it.","145","ok","3","Time Traveler's Wife Book vs Movie: Why Structure Matters","6","Schwentke linearized the romance and lost Niffenegger's devastating structure. Every scene's meaning depends on what surrounds it.","3","Time Traveler's Wife: Book vs Movie (Why Order Matters)","6","The film tells the story in order, but the book's non-linear structure is the whole point. Find out why this change ruins the story & the book wins.","3","Time Traveler's Wife Book vs Movie: Dates","7","Niffenegger's Time Traveler's Wife devastates with structure; the film loses it. Which wins? Compare with us now!"
"water-for-elephants","Book Wins","Historical Fiction / Romance","4.7","high","3","high","Water for Elephants Book vs Movie: The Film Softens What Gruen M…","65","TOO LONG","6.3","medium","Lawrence turned Gruen's violent circus novel into a Pattinson romance. The dual timeline and unflinching cruelty that made the book work vanish.","144","ok","3","Water for Elephants Book vs Movie: Film Softens the Violence","5","Lawrence turned Gruen's violent circus novel into Pattinson romance. The dual timeline and unflinching cruelty vanish. Read first.","3","Water for Elephants: Book vs Movie (Cruelty vs. Romance)","7","The film turns a violent, gritty circus novel into a simple romance. We break down what was lost, from the dual timeline to the cruelty, and why the book wins.","3","Water for Elephants Book vs Movie: Cruelty","7","Gruen's Water for Elephants is raw and cruel; the film softens it. Which wins? Read the book and compare now!"
"devil-wears-prada","Book Wins","Comedy / Drama","4.8","high","3","high","The Devil Wears Prada Book vs Movie: The Book's Andy Deserves Yo…","65","TOO LONG","6.7","medium","Weisberger wrote a protagonist who sells out and knows it. The film made her sympathetic. That's the whole problem. Read the book first.","136","ok","3","Devil Wears Prada Book vs Movie: Andy Sells Out in the Novel","6","The book's Andy knows she's selling out. The film made her sympathetic. That shift changes everything. Read the novel first.","3","Devil Wears Prada: Book vs Movie (Why the Book's Andy Wins)","7","The film makes Andy sympathetic, but the book's protagonist sells out and knows it. We break down why this change matters & which version wins.","3","Devil Wears Prada: Book vs Movie - Andy's True Grit","7","Book's Andy sells out knowingly; film softens her. Which wins? Dive into our Devil Wears Prada comparison now!"
"fourth-wing","Book Wins","Fantasy Romance / Romantasy","4.8","high","3","high","Fourth Wing Book vs Series: Violet's Wit Lives in Her Head—Not o…","65","TOO LONG","6.7","medium","Yarros built Violet through internal voice: tactical thinking, self-awareness, razor wit. That's the hardest thing to adapt. Read the book first.","145","ok","3","Fourth Wing Book vs Series: Violet's Wit Lives in Her Head","6","Yarros built Violet through internal voice—tactical wit and self-awareness. That's the hardest thing to adapt. Read the book first.","3","Fourth Wing: Book vs Series (Why Violet's Inner Voice Wins)","7","The book builds Violet through her sharp internal voice. Can the TV series adapt it? We break down the challenge & why the book is our winner.","3","Fourth Wing Book vs Series: Violet's Wit Wins","7","Yarros' Violet shines with wit in book; series may miss it. Which wins? See our Fourth Wing comparison!"
"hannibal-series","Book Wins","Horror / Crime Thriller","4.8","high","3","high","Hannibal Book vs Series: Harris Built the Monster. Fuller Made H…","65","TOO LONG","6.7","medium","The novels are essential thrillers. Fuller's series is formally extraordinary. Both irreplaceable — neither a substitute. Read Harris first.","140","ok","3","Hannibal Book vs Series: Harris Built the Monster, Fuller the Art","6","Harris built essential thrillers. Fuller made formally extraordinary TV. Both irreplaceable—neither a substitute. Read Harris first.","3","Hannibal: Books vs TV Series (Which Is More Disturbing?)","7","Harris's novels are essential thrillers. Fuller's series is an art-house masterpiece. We break down the key differences and why you need both.","3","Hannibal Book vs Series: Monster's True Depth","7","Harris' books build Hannibal; Fuller's series dazzles. Which wins? See our Hannibal comparison!"
"hitchhikers-guide","Book Wins","Science Fiction / Comedy","4.8","high","2.7","high","The Hitchhiker's Guide to the Galaxy Book vs Movie: Hitchhiker's…","65","TOO LONG","7","medium","Adams wrote a novel where the narrator is funnier than the plot. Jennings cast it well and missed the point. Read the book first.","129","ok","3","Hitchhiker's Guide Book vs Movie: Adams' Narrator Beats the Plot","7","Adams wrote a novel where the narrator is funnier than the plot. Jennings cast well but missed the voice. Read the book.","2","Hitchhiker's Guide: Book vs Movie (Why the Narrator Matters)","7","The film has a great cast, but the book's narrator is the real star. Find out why Douglas Adams' unique voice makes the novel the clear winner.","3","Hitchhiker's Guide Book vs Movie: Humor Wins","7","Adams' book narrator outshines plot; film misses it. Which wins? Explore our Hitchhiker's analysis!"
"dune","Book Wins","Science Fiction / Epic","5","high","3","high","Dune Book vs Movie: Herbert Makes Paul a Villain. Villeneuve Mak…","65","TOO LONG","7","medium","The book is an argument about power and prophecy. The film is a spectacle that gestures toward it. Read Herbert first or miss the point.","136","ok","3","Dune Book vs Movie: Herbert Makes Paul a Villain, Not a Hero","7","Herbert's Paul is a cautionary tale about messianic power. Villeneuve's is a hero. The book is the argument. Read it first.","3","Dune: Book vs Movie (Is Paul a Hero or a Villain?)","7","The film is a spectacle, but the book is a warning about power. We break down the key changes to Paul's arc and why Herbert's version wins.","3","Dune Book vs Movie: Paul's Villainy Revealed","7","Herbert's Dune critiques power; film dazzles. Which is better? Uncover the truth in our comparison!"
"eat-pray-love","Book Wins","Memoir / Drama","5","high","3","high","Eat Pray Love Book vs Movie: Gilbert's Wit Lives on the Page. Ro…","65","TOO LONG","7","medium","Murphy made a beautiful travelogue. Gilbert wrote a memoir of intellectual rigor and self-awareness Roberts can't touch. Read the book first.","141","ok","3","Eat Pray Love Book vs Movie: Gilbert's Wit Beats Roberts' Glow","6","Gilbert wrote a memoir of self-awareness and wit. Murphy made a pretty travelogue. The book's intelligence wins. Read first.","3","Eat Pray Love: Book vs Movie (Why Gilbert's Wit Wins)","8","The film is a travelogue, but the book is a memoir of intellectual rigor. See why Gilbert's self-awareness wins over the movie's visuals.","3","Eat Pray Love Book vs Movie: Gilbert's Wit Shines","7","Gilbert's memoir outshines Roberts' film with wit. Which wins? Dive into our Eat Pray Love analysis!"
"english-patient","Too Close to Call","Literary Fiction / War","5","high","3","high","The English Patient Book vs Movie: Minghella Gets the Romance. O…","65","TOO LONG","7","medium","The film won nine Oscars for its love story. The novel has Kip's rage at Hiroshima—the political reckoning Minghella cut. Read both.","132","ok","3","English Patient Book vs Movie: Ondaatje's Kip vs Minghella's Love","7","The film won Oscars for romance. The novel has Kip's rage at Hiroshima—the political reckoning Minghella cut. Read both.","3","The English Patient: Book vs Movie (What the Film Cut Out)","7","The film won Oscars for its romance, but it cut the book's political core: Kip's rage. See the key differences & why it's too close to call.","3","English Patient Book vs Movie: Romance & Rage","7","Film excels in romance; book adds political rage. Which wins? Check our English Patient analysis now!"
"everything-everything","Book Wins","YA Romance / Drama","5","high","3","high","Everything, Everything Book vs Movie: Yoon's Twist Devastates. T…","65","TOO LONG","7","medium","Yoon's multimedia format makes you live inside Maddy's mind before the medical reveal shatters it. The film just shows you the plot. Read first.","144","ok","3","Everything, Everything Book vs Movie: Yoon's Twist Devastates","6","Yoon's multimedia format puts you inside Maddy's mind before the medical twist shatters it. The film just shows plot. Read first.","3","Everything, Everything: Book vs Movie (The Twist is Better)","7","The film shows you the plot, but the book's format makes you live the twist. We break down why this difference matters and makes the book our winner.","3","Everything, Everything: Book vs Movie Twist","8","Yoon's book shatters with a twist; film just plots. Which wins? See our Everything, Everything review!"
"fight-club","Too Close to Call","Literary Fiction / Thriller","5","high","3","high","Fight Club Book vs Movie: Palahniuk's Prose vs Fincher's Sublimi…","65","TOO LONG","7","medium","The novel's rhythm lives in sentence fragments. The film's lives in frames you don't see. Both are perfect for their medium. Either order works.","144","ok","3","Fight Club Book vs Movie: Palahniuk's Prose vs Fincher's Frames","7","The novel's rhythm lives in sentence fragments. The film's lives in subliminal cuts. Both are perfect for their medium. Either works.","3","Fight Club: Book vs Movie (Which Version Is More Anarchic?)","6","Palahniuk's prose vs. Fincher's subliminal frames. Both versions are perfect for their medium, but which one is better? See our final verdict.","3","Fight Club Book vs Movie: Prose vs Visuals","8","Palahniuk's prose vs Fincher's frames—both perfect. Which wins? Dive into our Fight Club comparison!"
"five-feet-apart","Book Wins","YA Romance / Drama","5","high","3","high","Five Feet Apart Book vs Movie: Stella's Rules Mean Nothing Witho…","65","TOO LONG","7","medium","Baldoni's film makes the distance romantic. Lippincott's book makes it survival. The internal spiral is what makes the rules matter.","132","ok","3","Five Feet Apart Book vs Movie: Stella's Rules Mean Survival","6","Baldoni makes the distance romantic. Lippincott makes it survival—Stella's internal spiral is what makes the rules matter.","3","Five Feet Apart: Book vs Movie (Why the Book's Rules Matter)","8","The film romanticizes the distance, but the book frames it as survival. We explore why the internal spiral makes the book win. See the full analysis.","3","Five Feet Apart Book vs Movie: Rules Matter","7","Book makes distance survival; film romanticizes it. Which wins? Explore our Five Feet Apart analysis!"
"girl-on-the-train","Book Wins","Psychological Thriller","5","high","3","high","The Girl on the Train Book vs Movie: Blunt Can't Give You Rachel…","65","TOO LONG","7","medium","Hawkins traps you inside an unreliable narrator's spiral. Taylor can only show you a drunk woman on a train. Read the book first.","129","ok","3","Girl on the Train Book vs Movie: Rachel's Spiral Lives on Page","7","Hawkins traps you inside an unreliable narrator's spiral. Taylor can only show you a drunk woman. The book wins. Read first.","3","Girl on the Train: Book vs Movie (The Unreliable Narrator)","7","The film shows a drunk woman on a train, but the book traps you inside her unreliable mind. Find out why this perspective makes the book superior.","3","Girl on the Train Book vs Movie: Rachel's Mind","7","Hawkins' book traps you in Rachel's spiral; film falls short. Which wins? Explore our comparison!"
"girl-with-the-dragon-tattoo","Book Wins","Thriller / Crime","5","high","2.7","high","The Girl with the Dragon Tattoo Book vs Movie: Dragon Tattoo: Fi…","65","TOO LONG","7.3","low","Mara's performance is stunning. But Larsson gives you Lisbeth's interior world and Sweden's rot in ways Fincher can't. Read the book first.","139","ok","3","Girl with Dragon Tattoo Book vs Movie: Lisbeth's Mind Wins","7","Mara's performance stuns. But Larsson gives you Lisbeth's interior world and Sweden's rot. The book wins. Read first.","2","Dragon Tattoo: Book vs Movie (Why Larsson's World Is Deeper)","7","Rooney Mara is a stunning Lisbeth, but the book reveals her inner world and Sweden's rot in ways the film can't. See why the book wins.","3","Dragon Tattoo Book vs Movie: Lisbeth's Depth","8","Larsson's book reveals Lisbeth's world; film can't match. Which wins? See our Dragon Tattoo analysis!"
"good-omens","Too Close to Call","Fantasy / Comedy","5","high","3","high","Good Omens Book vs Series: Pratchett's Footnotes vs Sheen and Te…","65","TOO LONG","7","medium","The novel's wit lives in the margins. The series lives in two performances you can't replicate on the page. Read first, then watch.","131","ok","3","Good Omens Book vs Series: Pratchett's Footnotes vs Sheen/Tennant","7","The novel's wit lives in Pratchett's footnotes. The series lives in Sheen and Tennant's chemistry. Both essential. Read first.","3","Good Omens: Book vs Series (Footnotes vs. Sheen & Tennant)","7","The book's wit is in Pratchett's footnotes. The series' is in Sheen & Tennant's chemistry. Which is better? See our in-depth comparison.","3","Good Omens Book vs Series: Wit vs Chemistry","7","Book's wit in margins; series shines with Sheen. Which wins? Check our Good Omens comparison now!"
"high-fidelity","Too Close to Call","Literary Fiction / Comedy","5","high","3","high","High Fidelity Book vs Movie: Hornby's Lists Hide Pain. Cusack's …","65","TOO LONG","7","medium","Hornby wrote a man who hides behind music. Cusack plays him as someone who can't. Both versions work. Start with either.","120","ok","3","High Fidelity Book vs Movie: Hornby's Lists vs Cusack's Heart","8","Hornby wrote a man who hides behind music. Cusack plays him as someone who can't. Both work. Start with either.","3","High Fidelity: Book vs Movie (Which Rob is the Real Rob?)","6","Hornby's Rob hides his pain behind lists. Cusack's Rob wears it on his sleeve. We break down the two versions and declare a surprising winner.","3","High Fidelity Book vs Movie: Pain in Music","7","Hornby's lists hide pain; Cusack reveals it. Which wins? Check our High Fidelity comparison now!"
"hunger-games-sunrise","Too Close to Call","Dystopian Fiction","5","high","3","high","Hunger Games Book vs Movie: Collins's Propaganda vs Fiennes's Sn…","65","TOO LONG","7","medium","The book gives you the ideology behind the Games. The film will give you the man who built them. Both are essential—in different ways.","134","ok","3","Hunger Games Book vs Movie: Collins' Propaganda vs Snow's Origin","7","The book gives you the ideology behind the Games. The film gives you Snow's origin story. Both essential—different angles.","3","Sunrise on the Reaping: Book vs Movie (Haymitch's Story)","7","Collins's book will explore the ideology of the Games. The film will focus on the man. We break down what to expect and why both will be essential.","3","Hunger Games Book vs Movie: Propaganda Depth","7","Book reveals Games' ideology; film shows the man. Which wins? See our Hunger Games comparison!"
"looking-for-alaska","Book Wins","YA / Coming of Age","5","high","3","high","Looking for Alaska Book vs Series: Green Traps You in Pudge's Gr…","65","TOO LONG","7","medium","The novel's first-person spiral makes Alaska's death unbearable in ways the series can't touch. You need to feel it from inside Pudge's head.","141","ok","3","Looking for Alaska Book vs Series: Green Traps You in Grief","7","The novel's first-person spiral—the guilt, the obsessive replaying—makes Alaska's death unbearable. The series can't touch it.","","","","","3","Looking for Alaska Book vs Series: Grief","7","Looking for Alaska: Book’s grief crushes; series can’t match. Which wins? Read first!"
"world-war-z","Book Wins","Science Fiction / Horror","5","high","3","high","World War Z Book vs Movie: Brooks's Oral History Can't Be Filmed…","65","TOO LONG","7","medium","Forster made a decent action thriller. Brooks wrote something formally original that only works on the page. They share a title, nothing else.","142","ok","3","World War Z Book vs Movie: Brooks's Oral History Can't Film","6","Forster made decent action. Brooks wrote an oral history that builds global dread through voices. They share a title, nothing else.","3","World War Z: Book vs Movie (Oral History vs. Action Flick)","7","The movie is a standard action thriller. The book is a unique oral history of a global crisis. They share a title, nothing more. See why the book wins.","3","World War Z Book vs Movie: Oral History","8","Brooks' World War Z is a unique oral history; the film is just action. Which wins? Read the book and compare!"
"enders-game-film","Book Wins","Science Fiction / YA","5.2","medium","3","high","Ender's Game Book vs Movie: Hood Shows the War. Card Shows the C…","65","TOO LONG","7.3","low","The Battle Room looks stunning. But Card's novel lives inside Ender's mind as it's weaponized—something no film can do. Read the book first.","140","ok","3","Ender's Game Book vs Movie: Card Shows the Child Being Weaponized","6","The Battle Room looks great. But Card shows a child's mind being weaponized from inside. The film can't do that. Read first.","3","Ender's Game: Book vs Movie (Why the Internal Struggle Wins)","8","The film's Battle Room is stunning, but the book puts you inside Ender's weaponized mind. Find out why this internal view makes the book win.","3","Ender's Game Book vs Movie: Mind Over War","8","Card's Ender lives in his mind; film shows war. Which is better? Explore our Ender's Game comparison!"
"geralds-game","Book Wins","Horror / Thriller","5.2","medium","3","high","Gerald's Game Book vs Movie: Flanagan's Triumph Still Can't Get …","65","TOO LONG","7.3","low","King spends 332 pages inside Jessie's fracturing mind. Flanagan made a masterpiece—but dissociation only works on the page. Read the book first.","144","ok","3","Gerald's Game Book vs Movie: King's Dissociation Beats Flanagan","6","King spends 332 pages inside Jessie's fracturing mind. Flanagan made a masterpiece but dissociation lives on the page. Read first.","3","Gerald's Game: Book vs Movie (Why the Book Is More Terrifying)","8","Flanagan's film is a masterpiece, but King's novel traps you inside a fracturing mind. We explain why this makes the book win. See the verdict.","3","Gerald's Game Book vs Movie: Mind's Descent","8","King's book traps you in Jessie's mind; film can't. Which wins? Dive into our Gerald's Game review!"
"heated-rivalry","Too Close to Call","Romance / Sports Drama / LGBTQ+","5.2","medium","3","high","Heated Rivalry Book vs Series: Reid Owns the Longing. Tierney Ow…","65","TOO LONG","7.3","low","The novel gives you Ilya's silence. The show gives you the glances that break it. Both versions are essential for different reasons.","132","ok","3","Heated Rivalry Book vs Series: Reid's Longing vs Tierney's Glances","7","The novel gives you Ilya's silence and longing. The show gives you the glances that break it. Both essential. Read first.","3","Heated Rivalry: Book vs Series (The Longing vs. The Glances)","8","The book gives you Ilya's silent longing, while the show will give you the glances that break it. See why both versions are essential for fans.","3","Heated Rivalry Book vs Series: Longing Wins","7","Book captures Ilya's silence; series shows glances. Which wins? Dive into our Heated Rivalry review!"
"hillbilly-elegy","Book Wins","Memoir","5.2","medium","3","high","Hillbilly Elegy Book vs Movie: Vance Explains Appalachia. Howard…","65","TOO LONG","7.3","low","The book is sociology disguised as memoir. The film is melodrama disguised as empathy. Read the book first or you'll miss the entire point.","139","ok","3","Hillbilly Elegy Book vs Movie: Vance's Sociology vs Howard's Melodrama","7","The book is sociology disguised as memoir. The film is melodrama disguised as empathy. Read the book or miss the argument.","3","Hillbilly Elegy: Book vs Movie (Sociology vs. Melodrama)","8","The book is sociology as memoir; the film is melodrama as empathy. We explain why this change matters and why the book is the essential version.","3","Hillbilly Elegy Book vs Movie: True Appalachia","7","Vance's book explains Appalachia; film over-dramatizes. Which wins? See our Hillbilly Elegy analysis!"
"howls-moving-castle","Too Close to Call","Fantasy / Children's Literature","5.2","medium","3","high","Howl's Moving Castle Book vs Movie: Jones Gives Sophie Magic. Mi…","65","TOO LONG","7.3","low","Jones's Sophie breaks curses without knowing it. Miyazaki's breaks them by feeling everything. Both are essential. Read the book first.","135","ok","3","Howl's Moving Castle Book vs Movie: Jones' Magic vs Miyazaki's Heart","7","Jones's Sophie breaks curses without knowing it. Miyazaki's breaks them by feeling everything. Both essential. Read first.","3","Howl's Moving Castle: Book vs Movie (Two Kinds of Magic)","7","In the book, Sophie has innate magic. In the film, her power comes from emotion. We explore the two versions and why both are essential viewing.","3","Howl's Moving Castle Book vs Movie: Magic","8","Jones' Sophie breaks curses; Miyazaki feels them. Which wins? Dive into our Howl's Castle review!"
"i-robot","Book Wins","Science Fiction / Action","5.2","medium","3","high","I, Robot Book vs Movie: Asimov's Puzzles Become Will Smith's Pro…","65","TOO LONG","7.3","low","The Three Laws are the foundation of science fiction ethics. Proyas uses them as window dressing for explosions. Read the book.","127","ok","3","I, Robot Book vs Movie: Asimov's Ethics vs Smith's Explosions","8","The Three Laws are the foundation of SF ethics. Proyas uses them as window dressing for explosions. Read Asimov first.","3","I, Robot: Book vs Movie (Asimov's Puzzles vs. Will Smith)","7","Asimov's book is a masterclass in ethics via the Three Laws. The film uses them as window dressing for explosions. See why the book wins.","3","I, Robot Book vs Movie: Asimov's Ethics","7","Asimov's Three Laws define ethics; film uses them for action. Which wins? See our I, Robot analysis!"
"it-muschietti","Book Wins","Horror / Coming of Age","5.2","medium","3","high","It Book vs Movie: King's Cosmic Horror Lives Only in the Book's …","65","TOO LONG","7.3","low","Muschietti made the best King adaptation in years. He still can't touch the novel's dual timeline or what It actually is. Read the book first.","142","ok","3","It Book vs Movie: King's Cosmic Horror Lives Only on the Page","7","Muschietti made the best King adaptation in years. He still can't show the Ritual of Chüd or what It truly is. Read first.","3","It Book vs Movie: Why King's Cosmic Horror Beats the Film","8","IT book vs movie: Muschietti's film is great, but it misses the novel's dual timeline & cosmic horror. Find out why King's original is unbeatable.","3","It Book vs Movie: Cosmic Horror on Page Only","7","It: Muschietti's film shines, but King's dual timeline wins. Which is better? Read first!"
"jane-eyre","Book Wins","Gothic Romance / Classic","5.2","medium","3","high","Jane Eyre Book vs Movie: Brontë's 'Reader, I Married Him' Can't …","65","TOO LONG","7.3","low","Fukunaga made the finest adaptation yet. It's still considerably less than the novel. Jane's voice is its own world.","116","ok","3","Jane Eyre Book vs Movie: Brontë's Voice Can't Transfer to Film","8","Fukunaga made the finest adaptation yet. Jane's interior voice—her moral reasoning—still lives only on the page.","3","Jane Eyre Book vs Movie: Why the Film Can't Capture Her Voice","7","Jane Eyre book vs movie: Fukunaga's 2011 film is the best adaptation yet, but it can't capture Jane's inner voice. See why the book always wins.","3","Jane Eyre Book vs Movie: Brontë's Voice Wins","7","Jane Eyre: Fukunaga's film is great, but Brontë's voice is unmatched. Which wins? Read now!"
"the-electric-state","Book Wins","Science Fiction / Dystopian","5.2","medium","3","high","The Electric State Book vs Movie: Stålenhag's Paintings Demand S…","65","TOO LONG","7.3","low","The Russos made a spectacle. Stålenhag made something you need to sit with. The book's melancholy only works at your own pace.","126","ok","3","The Electric State Book vs Movie: Paintings Demand Silence","8","Russos made spectacle. Stålenhag made melancholy that only works at your own pace. The book's silence is the entire experience.","3","The Electric State: Book vs Movie — Why Pacing Is Everything","7","The Russos deliver spectacle, but Stålenhag's illustrated novel demands you sit with its melancholy. See why the book's quiet pace wins.","3","Electric State Book vs Movie: Art's Melancholy","7","Stålenhag's art haunts; the film lacks depth. Read the book for true impact!"
"the-hours","Too Close to Call","Literary Fiction / Drama","5.2","medium","3","high","The Hours Book vs Movie: Cunningham Echoes Woolf. Glass Answers …","65","TOO LONG","7.3","low","Cunningham's prose rhythms do what only reading can. Glass's score does what only music can. Both are essential. Start with either.","131","ok","3","The Hours Book vs Movie: Cunningham's Prose vs Glass's Score","8","Cunningham's prose rhythms do what only reading can. Glass's score does what only music can. Both essential. Start with either.","3","The Hours: Book vs Movie — Prose Rhythms vs a Haunting Score","7","Cunningham's prose has a rhythm only reading can provide. Philip Glass's score does what only music can. See why both versions are essential.","3","The Hours Book vs Movie: Woolf's Echoes","7","Cunningham's prose vs Glass's score. Both stun—start anywhere!"
"the-lincoln-lawyer","Book Wins","Legal Thriller","5.2","medium","3","high","The Lincoln Lawyer Book vs Movie: Connelly Traps You. Furman Jus…","65","TOO LONG","7.3","low","McConaughey's charm can't replicate what Connelly does in Haller's head. The film races past the moral trap the book makes inescapable.","135","ok","3","The Lincoln Lawyer: Connelly's Trap vs Furman's Chase","8","McConaughey's charm can't replicate what Connelly does in Haller's head. Film races past the moral trap the book makes inescapable.","3","The Lincoln Lawyer: Book vs Movie — The Moral Trap the Film Ignores","7","McConaughey's charm is undeniable, but it can't replicate Haller's inner conflict. See how the film races past the moral trap the book makes you feel.","3","Lincoln Lawyer Book vs Movie: Moral Traps","7","Connelly's moral traps beat McConaughey's charm. Read the book first!"
"the-princess-bride","Too Close to Call","Fantasy / Adventure / Comedy","5.2","medium","3","high","The Princess Bride Book vs Movie: Goldman's Frame vs Patinkin's …","65","TOO LONG","7.3","low","Goldman wrote both. The book has a meta-fictional frame the film can't touch. The film has Patinkin's Inigo the book can't match. Both win.","139","ok","3","The Princess Bride Book vs Movie: Which Goldman Wins?","6","Goldman wrote both. The book has meta-fiction the film can't touch. The film has Patinkin's Inigo. Discover which wins for you.","3","The Princess Bride: Book vs Movie (Which Is More Inconceivable?)","8","The book has a meta-frame the film can't touch. The film has an Inigo the book can't match. So which is better? See our final verdict and why.","3","The Princess Bride Book vs Movie: Frame or Inigo?","8","Goldman's book has a unique frame; Patinkin's Inigo steals the film. Which wins? Dive into our Princess Bride comparison now!"
"the-sisterhood-of-the-traveling-pants","Book Wins","YA / Coming of Age","5.2","medium","3","high","The Sisterhood of the Traveling Pants Book vs Movie: Sisterhood …","65","TOO LONG","7.3","low","Brashares gives you four interior lives. Kwapis gives you four plots. The difference is everything in a story about becoming yourself.","134","ok","3","Sisterhood Traveling Pants: Book's 4 Voices vs Film's Plot","8","Brashares gives four interior lives. Kwapis gives four plots. The difference is everything in becoming yourself. Read first.","3","Traveling Pants: Book vs Movie (Interior Lives vs. Plot)","6","The book gives you four rich interior lives. The movie gives you four plots. We break down why this change matters and which version wins.","3","Sisterhood of Traveling Pants Book vs Movie","8","Brashares’ book dives into four lives; the film just plots. Which wins in Sisterhood of Traveling Pants? Compare now!"
"a-knight-of-the-seven-kingdoms","Too Close to Call","Fantasy / Historical Fiction","5.3","medium","3","high","A Knight of the Seven Kingdoms Book vs Series: Martin's Warmth v…","65","TOO LONG","7.7","low","Martin gave Westeros heart in three novellas. HBO gave it scale and faces. Both versions are irreplaceable—read and watch in any order.","135","ok","3","Knight of the Seven Kingdoms: Martin's Heart vs HBO's Scale","7","Martin's novellas gave Westeros warmth. HBO gave it faces and scale. Read the books first—they're the emotional core.","3","Knight of the Seven Kingdoms: Book vs Series (Dunk & Egg)","8","Martin's novellas gave Westeros heart. HBO's series gives it scale. We break down the key differences and why both are essential viewing/reading.","3","Knight of Seven Kingdoms Book vs Series: Epic Clash","8","Martin's novellas bring heart; HBO adds epic scale. Which wins? Dive into our detailed comparison!"
"band-of-brothers","Too Close to Call","Military History / War Drama","5.3","medium","3","high","Band of Brothers Book vs Series: Ambrose Owns the Record. HBO Ow…","65","TOO LONG","7.7","low","The book is history. The series is the finest combat television ever made. You need both. Either order works.","109","ok","3","Band of Brothers Book vs Series: History vs the Best War TV Ever","7","Ambrose's book is history. HBO's series is the finest combat television ever made. You need both—either order works perfectly.","3","Band of Brothers: Book vs Series (History vs Experience)","7","The book is the definitive history. The series is the definitive combat experience. We break down the differences and why you need both in your life.","3","Band of Brothers Book vs Series: History vs Epic","9","Ambrose's history vs HBO's epic combat. Which wins? Check our in-depth analysis now!"
"doctor-sleep","Book Wins","Horror / Drama","5.3","medium","3","high","Doctor Sleep Book vs Movie: King's Recovery Arc Is What Flanagan…","65","TOO LONG","7.7","low","McGregor nails Danny. But King spends 500 pages inside an addict's mind in ways no film can match. The book earns what the film rushes.","135","ok","3","Doctor Sleep Book vs Movie: King's 500-Page Recovery Arc Wins","7","King spends 500 pages inside an addict's mind. Flanagan rushes the recovery. The book earns what the film skips. Read first.","3","Doctor Sleep: Book vs Movie (King's Deeper Recovery Arc)","8","The film rushes Danny's recovery, but the book spends 500 pages inside an addict's mind. We explain why King's version is essential & wins.","3","Doctor Sleep Book vs Movie: King's Recovery Depth","8","King's book dives deep into addiction; film rushes it. Which wins? Explore our Doctor Sleep comparison now!"
"frankenstein","Book Wins","Gothic Fiction / Horror","5.3","medium","3","high","Frankenstein Book vs Movie: Shelley's Creature Argues. Del Toro'…","65","TOO LONG","7.7","low","Del Toro made the most faithful adaptation in cinema history. It still can't give you the creature's voice. Read the book first.","128","ok","3","Frankenstein Book vs Movie: Shelley's Creature Argues Philosophy","7","Del Toro made the most faithful adaptation ever. It still can't give you the creature's philosophical voice. Read the book.","3","Frankenstein: Book vs Movie (Why the Creature's Voice Wins)","8","Even the most faithful film can't capture the creature's own voice from Shelley's novel. See why this key element makes the book the ultimate winner.","3","Frankenstein Book vs Movie: Creature's Voice","8","Shelley's creature speaks in book; film can't match. Which wins? Check our Frankenstein analysis now!"
"gone-girl","Too Close to Call","Psychological Thriller","5.3","medium","3","high","Gone Girl Book vs Movie: Pike Owns the Screen. Flynn Owns Amy's …","65","TOO LONG","7.7","low","Fincher's film gives you Rosamund Pike's face. Flynn's novel gives you Amazing Amy's architecture. Both manipulate you differently.","131","ok","3","Gone Girl Book vs Movie: Pike's Face vs Amy's Architecture","7","Fincher gives you Pike's face. Flynn gives you Amy's calculated architecture. Both manipulate differently. Read first, then watch.","3","Gone Girl: Book vs Movie (Pike's Amy vs. Flynn's Amy)","8","Rosamund Pike's performance vs. Gillian Flynn's 'Amazing Amy' monologue. Both versions manipulate you, but which one does it better? See our verdict.","3","Gone Girl Book vs Movie: Amy's Manipulation","8","Flynn's book builds Amy's mind; Pike owns the screen. Which wins? Dive into our Gone Girl review!"
"hamnet","Book Wins","Historical Fiction","5.3","medium","3","high","Hamnet Book vs Movie: Buckley Can't Give You 300 Pages Inside Ag…","65","TOO LONG","7.7","low","O'Farrell makes you live inside grief. Zhao can only show you its face. The novel's intimacy is what makes the loss unbearable. Read first.","139","ok","3","Hamnet Book vs Movie: O'Farrell's 300 Pages Inside Grief Win","7","O'Farrell makes you live inside grief for 300 pages. Zhao can only show its face. The novel's intimacy wins. Read first.","3","Hamnet: Book vs Movie (Why the Novel's Intimacy Wins)","8","The film can only show grief's face, but the novel makes you live inside it. We explain why this intimacy makes the book an unbearable masterpiece.","3","Hamnet Book vs Movie: Grief's Intimate Pain","8","O'Farrell's book lives in grief; film shows it. Which wins? Explore our Hamnet comparison now!"
"interview-with-the-vampire-amcplus","Book Wins","Horror / Fantasy","5.3","medium","3","high","Interview with the Vampire Book vs Series: Rice's Grief Lives in…","65","TOO LONG","7.7","low","AMC's series is bold and brilliant. It still can't give you what Rice does with language alone. Read the book first.","116","ok","3","Interview with Vampire Book vs Series: Rice's Grief Wins","7","AMC's series is bold and brilliant. It still can't give you Rice's language and grief on the page. Read the book first.","3","Interview with the Vampire: Book vs Series (Rice's Prose Wins)","8","AMC's series is bold and brilliant, but it can't replicate the gothic grief of Anne Rice's prose. We break down why the book remains superior.","3","Interview Vampire Book vs Series: Grief Wins","8","Rice's book captures grief in language; series can't match. Which wins? Explore our Vampire analysis!"
"kite-runner","Book Wins","Literary Fiction / Drama","5.3","medium","3","high","The Kite Runner Book vs Movie: Forster Can't Trap You in Amir's …","65","TOO LONG","7.7","low","Hosseini makes you live inside Amir's shame for 400 pages. Forster's film is sincere but can't replicate that suffocation. Read first.","134","ok","3","The Kite Runner Book vs Movie: Forster Can't Trap You in Shame","7","Hosseini traps you in Amir's shame for 400 pages—the rationalizations, the self-loathing. Forster's film can't replicate it.","3","Kite Runner Book vs Movie: Why the Book's Guilt Hits Harder","8","The Kite Runner book vs movie: The film is sincere, but it can't replicate the suffocating shame Hosseini builds. See why the book is essential.","3","Kite Runner Book vs Movie: Amir's Shame","8","Kite Runner: Hosseini's shame grips you; film can't. Which wins? Read first!"
"la-confidential","Too Close to Call","Crime / Noir","5.3","medium","3","high","LA Confidential Book vs Movie: Ellroy's Staccato Owns the Page. …","65","TOO LONG","7.7","low","One of the great American crime novels. One of the great American crime films. Different achievements at different scales. Read both.","133","ok","3","LA Confidential Book vs Movie: Ellroy's Staccato vs Hanson's Noir","6","One of the great American crime novels. One of the great American crime films. Ellroy's prose vs Hanson's plot—both essential.","3","LA Confidential Book vs Movie: A Rare Case Where Both Win","10","LA Confidential book vs movie: One of the great crime novels, one of the great crime films. We explain why both are essential, but for different reasons.","3","LA Confidential Book vs Movie: Noir Battle","7","LA Confidential: Ellroy's novel and film are both epic. Which wins? Experience both!"
"little-women","Too Close to Call","Literary Fiction / Classic","5.3","medium","3","high","Little Women Book vs Movie: Alcott's Moral Voice vs Gerwig's Str…","65","TOO LONG","7.7","low","Alcott wrote the great American novel of female ambition. Gerwig made it formally inventive. Both are essential. Read and watch in either order.","144","ok","3","Little Women Book vs Movie: Alcott's Morals vs Gerwig's Structure","6","Alcott wrote the great American novel of female ambition. Gerwig's dual timeline adds meta-commentary on Jo's choices. Both essential.","3","Little Women Book vs Movie: Alcott's Classic vs Gerwig's Spin","10","Little Women book vs movie: Alcott's classic novel vs. Gerwig's inventive film. We break down why both are essential viewing and reading experiences.","3","Little Women Book vs Movie: Alcott vs Gerwig","7","Little Women: Alcott’s novel and Gerwig’s film are essential. Which wins? See both!"
"lonesome-dove","Book Wins","Western / Epic","5.3","medium","3","high","Lonesome Dove Book vs Movie: Duvall Is Perfect. He Still Can't S…","65","TOO LONG","7.5","low","McMurtry gives you decades of silence between Call and Gus. The miniseries gives you their faces. Read the book first—then watch them ride.","139","ok","3","Lonesome Dove Book vs Movie: Duvall Can't Show Decades of Silence","7","McMurtry gives you decades of unspoken history between Call and Gus. The miniseries gives you their faces. Read first, then watch.","","","","","3","Lonesome Dove Book vs Movie: Epic Silence","8","Lonesome Dove: McMurtry’s depth beats miniseries charm. Which wins? Read first!"
"lord-of-the-flies","Book Wins","Literary Fiction / Classic","5.3","medium","3","high","Lord of the Flies Book vs Movie: Golding Makes You Complicit. Br…","65","TOO LONG","7.5","low","The novel's ironic voice implicates the reader in the horror. Brook's film is raw and sincere, but it can't argue what Golding argues.","134","ok","3","Lord of the Flies Book vs Movie: Golding Makes You Complicit","7","The novel's ironic voice makes you complicit in the horror—you're the adult watching. Brook's film is raw but can't argue that.","","","","","3","Lord of the Flies Book vs Movie: Complicity","8","Lord of the Flies: Golding implicates you; film can’t. Which wins? Read first!"
"love-simon","Book Wins","YA Romance / Comedy","5.3","medium","3","high","Simon vs. the Homo Sapiens Agenda Book vs Movie: Love, Simon: Th…","65","TOO LONG","7.5","low","Albertalli's Simon is anxious, messy, self-sabotaging. Berlanti's is a rom-com lead. The neuroses are what make the coming-out story work.","138","ok","3","Love, Simon Book vs Movie: Albertalli's Anxiety vs Berlanti's Rom-Com","7","Albertalli's Simon is anxious, messy, self-sabotaging. Berlanti's is a rom-com lead. The mess is the coming-out story. Read first.","","","","","3","Love, Simon Book vs Movie: Real Anxiety","8","Love, Simon: Book’s messy Simon wins over rom-com film. Which is better? Read first!"
"margos-got-money-troubles","Book Wins","Comedy / Drama","5.3","medium","3","high","Margo's Got Money Troubles Book vs Series: Thorpe's Voice Is Unt…","65","TOO LONG","7.5","low","Walsh cast it perfectly. The series is warm, sharp, excellent. But Thorpe's first-person wit lives only on the page. Read the book first.","137","ok","3","Margo's Got Money Troubles Book vs Series: Thorpe's Voice Is Untransferable","7","Walsh cast it perfectly. The series is warm and sharp. But Thorpe's first-person wit—the asides, the self-awareness—lives on the page.","","","","","3","Margo's Money Troubles Book vs Series: Wit","8","Margo's Money Troubles: Thorpe’s wit beats series charm. Which wins? Read first!"
"me-before-you","Book Wins","Romance / Drama","5.3","medium","3","high","Me Before You Book vs Movie: The Book Lets Will Explain. The Fil…","65","TOO LONG","7.5","low","Moyes gives you Will's reasoning in his own voice. Clarke can only show his exterior. The novel earns what the film can't. Read first.","134","ok","3","Me Before You Book vs Movie: The Book Lets Will Explain Himself","7","Moyes gives you Will's reasoning in his own voice—why dignity matters more than love. Clarke can only show his exterior. Read first.","","","","","3","Me Before You Book vs Movie: Will’s Voice","8","Me Before You: Book’s Will explains; film can’t. Which wins? Read first!"
"my-brilliant-friend","Book Wins","Literary Fiction / Drama","5.3","medium","3","high","My Brilliant Friend Book vs Movie: Without Elena's Jealousy, Lil…","65","TOO LONG","7.5","low","Costanzo's series is beautiful. But Ferrante's unreliable narrator is the story—and HBO can't show what Elena won't admit she feels.","132","ok","3","My Brilliant Friend Book vs Series: Without Elena's Jealousy, It's Lost","7","Costanzo's series is beautiful. But Ferrante's unreliable narrator—Elena's jealousy of Lila—is the story. HBO can't show it.","","","","","3","My Brilliant Friend Book vs Series: Jealousy","8","My Brilliant Friend: Ferrante’s narrator wins over HBO. Which is better? Read first!"
"my-sisters-keeper","Book Wins","Drama / Medical Fiction","5.3","medium","3","high","My Sister's Keeper Book vs Movie: The Book's Seven Voices Make t…","65","TOO LONG","7.5","low","Picoult gives every family member a chapter. Cassavetes gives Cameron Diaz a voiceover. The moral weight disappears. Read the book first.","137","ok","3","My Sister's Keeper Book vs Movie: Seven Voices vs Cameron Diaz","7","Picoult gives every family member a chapter—their justifications, their guilt. Cassavetes gives Cameron Diaz a voiceover. Read first.","","","","","3","My Sister's Keeper Book vs Movie: Voices","8","My Sister's Keeper: Picoult’s voices win; film lacks depth. Which is better? Read first!"
"narnia-magicians-nephew","Book Wins","Fantasy / Children's Literature","5.3","medium","3","high","The Magician's Nephew Book vs Movie: Aslan's Song Can't Survive …","65","TOO LONG","7.5","low","Lewis made you hear creation in silence. Gerwig will give you a soundtrack. The book's magic lives in what you imagine, not what you see.","137","ok","3","The Magician's Nephew Book vs Movie: Aslan's Song Can't Survive Film","7","Lewis made you hear creation in silence—Aslan singing the world into being. Gerwig will give you a soundtrack. Read the book first.","","","","","3","Magician's Nephew Book vs Movie: Aslan’s Song","8","Magician's Nephew: Lewis’s magic beats film visuals. Which wins? Read first!"
"never-let-me-go","Book Wins","Literary Fiction / Science Fiction","5.3","medium","3","high","Never Let Me Go Book vs Movie: Kathy's Voice Is Everything Roman…","65","TOO LONG","7.5","low","Ishiguro's digressions are the point—they enact memory, denial, grief. The film is faithful and heartbreaking. It still isn't the book.","135","ok","3","Never Let Me Go Book vs Movie: Kathy's Voice Is Everything","7","Ishiguro's digressions are the point—Kathy avoiding what she knows. The film is faithful and heartbreaking but can't do that.","","","","","3","Never Let Me Go Book vs Movie: Kathy’s Voice","8","Never Let Me Go: Ishiguro’s memory wins over film. Which is better? Read first!"
"olive-kitteridge","Book Wins","Literary Fiction / Drama","5.3","medium","3","high","Olive Kitteridge Book vs Movie: Strout Hides Her. HBO Won't Stop…","65","TOO LONG","7.5","low","The book lets Olive haunt the edges of other people's stories. The miniseries makes her the star of every scene. Read the novel first.","134","ok","3","Olive Kitteridge Book vs Movie: Strout Hides Her, HBO Won't Stop Showing","7","The book lets Olive haunt the edges of other people's stories. HBO makes her the star of every scene, explaining her. Read first.","","","","","3","Olive Kitteridge Book vs Series: Hidden Depth","8","Olive Kitteridge: Book hides her; HBO centers her. Which wins? Read first!"
"people-we-meet-on-vacation","Book Wins","Romance / Contemporary Fiction","5.3","medium","3","high","People We Meet on Vacation Book vs Movie: Ten Years in Poppy's V…","65","TOO LONG","7.7","low","Henry earns every moment of that final payoff through a decade of accumulation. Haley's film rushes what the book lets you feel. Read first.","140","ok","3","People We Meet on Vacation Book vs Movie: Ten Years vs Two Hours","7","Henry's decade-long payoff gets rushed in Haley's film. The book earns every moment through accumulation. Book wins—read first.","3","People We Meet on Vacation: Book vs Movie's Rushed Romance","8","The book builds a decade of tension for a huge payoff. The movie rushes it. We break down why the book's slow-burn romance wins. Read it first.","3","People We Meet on Vacation: Book vs Movie Depth","8","Book vs movie: Poppy's decade in text beats film's rush. Which wins? Compare now on BooksVersusMovies!"
"sphere","Book Wins","Science Fiction / Thriller","5.3","medium","3","high","Sphere Book vs Movie: Crichton Traps You in Norman's Mind. Levin…","65","TOO LONG","7.5","low","The novel makes you feel Norman's paranoia from inside. The film can only show it from outside. Read the book first—the fear is structural.","139","ok","3","Sphere Book vs Movie: Inside Norman's Paranoid Mind","7","Crichton traps you inside Norman's paranoid mind. Levinson's film can only show it from outside. Book wins—the fear is structural.","","","","","3","Sphere Book vs Movie: Mind-Bending Fear","8","Sphere book vs movie: Crichton's paranoia wins over film's visuals. Which scares more? Compare now!"
"stardust","Too Close to Call","Fantasy / Romance","5.3","medium","3","high","Stardust Book vs Movie: Gaiman's Prose vs De Niro's Captain Shak…","65","TOO LONG","7.5","low","Vaughn's film is warmer and funnier than the novel. Gaiman's Victorian elegance can't transfer. Both versions earn their ending differently.","140","ok","3","Stardust Book vs Movie: Gaiman's Prose vs De Niro's Captain","7","Vaughn's film is warmer and funnier. Gaiman's Victorian elegance can't transfer. Both earn their endings differently. Start either.","","","","","3","Stardust Book vs Movie: Fantasy Charm","8","Stardust book vs movie: Gaiman's elegance vs Vaughn's humor. Which wins? Compare now on our site!"
"station-eleven","Too Close to Call","Literary Fiction / Post-Apocalyptic","5.3","medium","3","high","Station Eleven Book vs Series: Mandel Built It Perfect. Somervil…","65","TOO LONG","7.5","low","The novel is a formal masterpiece. The series breaks your heart in ways the book can't. Both are essential. Read or watch first—either works.","141","ok","3","Station Eleven Book vs Series: Mandel's Structure vs HBO's Heart","7","Mandel's novel is a formal masterpiece. Somerville's series breaks your heart differently. Both essential—start with either.","","","","","3","Station Eleven: Book vs Series Emotion","8","Station Eleven book vs series: Mandel's craft vs TV's heart. Which wins? Compare now!"
"talented-mr-ripley","Book Wins","Thriller / Crime","5.3","medium","3","high","The Talented Mr. Ripley Book vs Movie: Highsmith's Sociopath vs …","65","TOO LONG","7.5","low","Minghella made Tom comprehensible. Highsmith made him genuinely alien. The film is gorgeous. The novel is unsettling. Read the book first.","138","ok","3","Talented Mr. Ripley Book vs Movie: Alien Sociopath vs Sad Boy","7","Minghella made Tom comprehensible. Highsmith made him genuinely alien. The film is gorgeous, the novel unsettling. Book wins—read first.","","","","","3","Talented Mr. Ripley: Book vs Movie Chill","8","Talented Mr. Ripley book vs movie: Highsmith's alien wins over film. Which unsettles more? Compare!"
"the-color-purple","Book Wins","Literary Fiction / Historical","5.3","medium","3","high","The Color Purple Book vs Movie: Celie's Letters to God Can't Be …","65","TOO LONG","7.7","low","Walker's vernacular epistolary voice is the novel's soul. Spielberg gives you Goldberg's face. Both matter. The book matters more.","130","ok","3","The Color Purple Book vs Movie: Celie's Letters Can't Film","7","Walker's vernacular letters to God are the novel's soul. Spielberg gives you Goldberg's face. The voice only exists on the page.","3","The Color Purple: Book vs Movie — Why the Letters Are Everything","8","Walker's epistolary voice is the novel's soul. Spielberg gives you Goldberg's face. We explain why the book's unique format can't be filmed.","3","The Color Purple Book vs Movie: Celie's Letters","8","Walker's letters define Celie; Spielberg's film can't match. Read the book first!"
"the-fault-in-our-stars","Book Wins","YA Romance / Drama","5.3","medium","3","high","The Fault in Our Stars Book vs Movie: Shailene Woodley Can't Giv…","65","TOO LONG","7.7","low","Green's Hazel is sardonic, precise, and darkly funny. The film smooths her into something softer. Read the book first—the voice is the experience.","146","ok","3","The Fault in Our Stars: Green's Hazel vs Woodley's Softness","9","Green's Hazel is sardonic, precise, darkly funny. Film smooths her into something softer. Read the book first—the voice is everything.","3","Fault in Our Stars: Book vs Movie — The Hazel the Film Softened","8","Green's Hazel is sardonic and darkly funny. The film smooths her edges. We break down the key character changes & why the book's voice is superior.","3","Fault in Our Stars Book vs Movie: Hazel's Voice","6","Green's Hazel is sharp and funny; the film softens her. Read the book first!"
"the-firm","Book Wins","Legal Thriller","5.3","medium","3","high","The Firm Book vs Movie: Grisham's Ending Is Brilliant. Pollack T…","65","TOO LONG","7.7","low","The novel ends with billing fraud brilliance. The film ends with a chase. Pollack made Cruise watchable but lost what made Grisham clever.","138","ok","3","The Firm Book vs Movie: Grisham's Ending vs Pollack's Chase","8","Novel ends with billing fraud brilliance. Film ends with a chase. Pollack made Cruise watchable but lost what made Grisham clever.","3","The Firm: Book vs Movie — A Brilliant Ending vs a Generic Chase","8","The novel ends with billing fraud brilliance. The film ends with a chase. See how the movie lost the cleverness that made Grisham's book a classic.","3","The Firm Book vs Movie: Grisham's Clever End","7","Grisham's billing fraud twist beats the film's chase. Read the book first!"
"the-giver","Book Wins","Dystopian Fiction / YA","5.3","medium","3","high","The Giver Book vs Movie: Lowry's Restraint Creates Dread the Fil…","65","TOO LONG","7.7","low","The novel withholds what the film expands into action. That restraint is the entire point. The 2014 adaptation misses what made it devastating.","143","ok","3","The Giver Book vs Movie: Lowry's Restraint vs Film's Action","9","Novel withholds what the film expands into action. That restraint is the entire point. 2014 adaptation misses what made it devastating.","3","The Giver: Book vs Movie — How the Film Ruined the Book's Dread","8","The novel's power comes from what it withholds. The film adds action and exposition, missing the entire point. See why the book's restraint is key.","3","The Giver Book vs Movie: Lowry's Dread Wins","6","Lowry's restraint builds dread; the film overexplains. Read the book first!"
"the-great-gatsby","Book Wins","Literary Fiction / Classic","5.3","medium","3","high","The Great Gatsby Book vs Movie: Read It. No Film Can Touch the P…","65","TOO LONG","7.7","low","DiCaprio's face is beautiful. The prose is the thing. One hundred and eighty pages that no amount of visual spectacle can replace. Read it first.","145","ok","3","The Great Gatsby Book vs Movie: No Film Touches the Prose","9","DiCaprio's face is beautiful. The prose is the thing. 180 pages that no amount of visual spectacle can replace. Read it first.","3","The Great Gatsby: Book vs Movie — Why No Film Can Touch the Prose","8","DiCaprio's face is beautiful, but Fitzgerald's prose is the real star. We explain why 180 pages of perfect writing can't be matched by spectacle.","3","Great Gatsby Book vs Movie: Prose Unmatched","6","Fitzgerald's prose beats any film spectacle. Read Gatsby first!"
"the-handmaids-tale","Book Wins","Dystopian Fiction","5.3","medium","3","high","The Handmaid's Tale Book vs Series: Offred's Voice Only Exists i…","65","TOO LONG","7.7","low","Schlöndorff tried. Hulu tried harder. Neither can do what Atwood does with first-person uncertainty and the Historical Notes. Read the book first.","146","ok","3","The Handmaid's Tale Book vs Series: Offred's Voice vs Hulu","9","Schlöndorff tried. Hulu tried harder. Neither can do what Atwood does with first-person uncertainty and Historical Notes. Read first.","3","The Handmaid's Tale: Book vs Series — Why Offred's Voice Is Key","8","Neither the 1990 film nor the Hulu series can replicate Atwood's first-person uncertainty. See why the book's specific voice remains unmatched.","3","Handmaid's Tale Book vs Movie: Offred's Voice","6","Atwood's uncertain voice trumps adaptations. Read the book first!"
"the-longest-ride","Book Wins","Romance / Drama","5.3","medium","3","high","The Longest Ride Book vs Movie: Ira's Voice Is Sparks's Best. Th…","65","TOO LONG","7.7","low","Sparks spent 400 pages building Ira's first-person voice into something rare for him. Tillman's film can't replicate that accumulation. Read first.","147","ok","3","The Longest Ride Book vs Movie: Ira's Voice vs Tillman's Film","9","Sparks spent 400 pages building Ira's first-person voice into something rare for him. Tillman's film can't replicate that accumulation.","3","The Longest Ride: Book vs Movie — Why Ira's Voice Is Everything","8","Sparks builds Ira's first-person voice into something truly special. The film can't replicate that slow accumulation. See why the book is a must-read.","3","Longest Ride Book vs Movie: Ira's Rare Voice","6","Sparks's Ira haunts; the film can't match. Read the book first!"
"the-lovely-bones","Book Wins","Literary Fiction / Thriller","5.3","medium","3","high","The Lovely Bones Book vs Movie: Sebold's Grief Accumulates. Jack…","65","TOO LONG","7.7","low","Jackson made something beautiful. It still can't do what Sebold does with Susie's voice. The spectacle kills the restraint. Read first.","135","ok","3","The Lovely Bones Book vs Movie: Sebold's Grief vs Jackson's CGI","8","Jackson made something beautiful. It can't do what Sebold does with Susie's voice. The spectacle kills the restraint. Read first.","3","The Lovely Bones: Book vs Movie — How Spectacle Killed Restraint","8","Peter Jackson's film is beautiful, but its spectacle undermines the quiet grief of Sebold's novel. We explain why the book's restraint is more powerful.","3","Lovely Bones Book vs Movie: Susie's Grief","7","Sebold's grief outshines Jackson's visuals. Read the book first!"
"the-martian","Too Close to Call","Science Fiction","5.3","medium","3","high","The Martian Book vs Movie: Weir's Logs Own Your Mind. Scott Owns…","65","TOO LONG","7.7","low","Damon nails Watney's humor, but the book's problem-solving lives inside your head in ways no film can match. Both are essential.","128","ok","3","The Martian Book vs Movie: Weir's Logs vs Scott's Spectacle","8","Damon nails Watney's humor, but the book's problem-solving lives inside your head in ways no film can match. Both essential.","3","The Martian: Book vs Movie — Weir's Science vs Scott's Spectacle","7","The book puts you inside Watney's head to solve every problem. The film gives you Ridley Scott's stunning visuals. See why both are essential experiences.","3","The Martian Book vs Movie: Weir's Logs Win","8","Weir's logs captivate; Scott's film stuns. See which wins!"
"the-notebook","Book Wins","Romance / Drama","5.3","medium","3","high","The Notebook Book vs Movie: Sparks's Noah Thinks. Gosling's Just…","65","TOO LONG","7.7","low","The film has the chemistry. The book has the weight. Sparks wrote a man haunted by loss. Cassavetes cast a man who builds things. Read first.","141","ok","3","The Notebook Book vs Movie: Sparks's Noah vs Gosling's Charm","9","Film has the chemistry. Book has the weight. Sparks wrote a man haunted by loss. Cassavetes cast a man who builds things. Read first.","3","The Notebook: Book vs Movie — A Haunted Man vs a Romantic Hero","8","The film has iconic chemistry. The book has the weight of a man haunted by loss. We break down why Sparks's original Noah is a deeper character.","3","Notebook Book vs Movie: Noah's Haunting","6","Sparks's haunted Noah beats Gosling's charm. Read the book first!"
"the-odyssey","Too Close to Call","Epic / Classic Literature","5.3","medium","3","high","The Odyssey Book vs Movie: Homer's Similes vs Nolan's Fractured …","65","TOO LONG","7.7","low","Nolan's chronology mirrors Homer's structure in ways no linear film could. But the epic similes? Those live only on the page. Read first.","137","ok","3","The Odyssey Book vs Movie: Homer's Similes vs Nolan's Structure","8","Nolan's chronology mirrors Homer's structure in ways no linear film could. But the epic similes? Those live only on the page.","3","The Odyssey: Book vs Movie — Homer's Similes vs Modern Structure","8","A modern film's fractured timeline can mirror Homer's structure, but the epic similes live only on the page. We explore why you need both for the full story.","3","Odyssey Book vs Movie: Homer's Epic Similes","7","Homer's similes outshine Nolan's structure. Read the epic first!"
"the-outsiders","Too Close to Call","Coming of Age / Classic","5.3","medium","3","high","The Outsiders Book vs Movie: Hinton Owns Ponyboy. Coppola Owns t…","65","TOO LONG","7.7","low","The novel gives you a fifteen-year-old's voice. The film gives you Dillon, Lowe, Cruise, Swayze. Both matter. Either order works.","129","ok","3","The Outsiders Book vs Movie: Hinton's Voice vs Coppola's Cast","8","Novel gives you a fifteen-year-old's voice. Film gives you Dillon, Lowe, Cruise, Swayze. Both matter. Either order works.","3","The Outsiders: Book vs Movie — Hinton's Voice vs Coppola's Cast","7","The novel gives you an authentic teen's voice. The film gives you an iconic cast of future stars. We break down why both are classics for different reasons.","3","Outsiders Book vs Movie: Ponyboy's Voice","8","Hinton's raw voice vs Coppola's star cast. Both win—start anywhere!"
"the-pianist","Too Close to Call","Memoir / War Drama","5.3","medium","3","high","The Pianist Book vs Movie: Szpilman Testifies. Brody Becomes the…","65","TOO LONG","7.7","low","The memoir gives you survival in Szpilman's own words. Polanski gives you Brody's body wasting away in real time. Both are essential.","133","ok","3","The Pianist Book vs Movie: Szpilman's Words vs Brody's Body","8","Memoir gives you survival in Szpilman's own words. Polanski gives you Brody's body wasting away in real time. Both are essential.","3","The Pianist: Book vs Movie — Szpilman's Words vs Brody's Body","7","The memoir is Szpilman's own testimony of survival. The film is Brody's harrowing physical transformation. We explain why both are essential viewing.","3","Pianist Book vs Movie: Szpilman's Survival","8","Szpilman's words vs Brody's raw decay. Both essential—start anywhere!"
"the-thursday-murder-club","Book Wins","Mystery / Comedy","5.3","medium","3","high","The Thursday Murder Club Book vs Movie: Thursday Murder Club: Jo…","65","TOO LONG","7.7","low","Osman's novel lives in Joyce's voice and Elizabeth's secrets. The 2026 film flattens both into plot devices. Read the book first.","129","ok","3","Thursday Murder Club Book vs Movie: Joyce's Voice Gets Lost","7","Osman's novel lives in Joyce's voice and Elizabeth's secrets. The 2026 film turns both into plot devices. Read first.","3","Thursday Murder Club: Book vs Movie (Joyce's Voice vs Plot)","8","The novel lives in Joyce's diary and Elizabeth's secrets. Will the film flatten them into plot? We predict why the book will likely win.","3","Thursday Murder Club Book vs Movie: Voice","8","Osman's Thursday Murder Club shines with voice; the film flattens it. Which wins? Read the book and compare now!"
"thirteen-reasons-why","Book Wins","YA / Drama","5.3","medium","3","high","Thirteen Reasons Why Book vs Series: Netflix Exploits What Asher…","65","TOO LONG","7.7","low","Asher's restraint lets Hannah own her story. Netflix's graphic scenes and invented seasons turn her suicide into spectacle. Read the book first.","144","ok","3","13 Reasons Why Book vs Series: Netflix Exploits Hannah's Story","6","Asher's restraint lets Hannah own her story. Netflix's graphic scenes and invented seasons exploit her suicide. Read first.","3","13 Reasons Why: Book vs Netflix (Restraint vs. Exploitation)","10","The book's restraint lets Hannah own her story. The Netflix series turns her tragedy into spectacle. We explain why the book's approach is better.","3","Thirteen Reasons Why Book vs Series: Truth","7","Asher's Thirteen Reasons Why respects Hannah; Netflix exploits her. Which wins? Read the book first and compare!"
"to-kill-a-mockingbird","Too Close to Call","Literary Fiction / Classic","5.3","medium","3","high","To Kill a Mockingbird Book vs Movie: Scout's Voice vs Peck's Att…","65","TOO LONG","7.7","low","Lee's double narration gives you Scout at eight and thirty-three. Peck gives you the most iconic Atticus ever filmed. Both are essential.","137","ok","3","To Kill a Mockingbird Book vs Movie: Scout vs Peck's Atticus","7","Lee's double narration gives Scout at 8 and 33. Peck gives the most iconic Atticus ever filmed. Both are essential—start anywhere.","3","To Kill a Mockingbird: Book vs Movie (Scout vs. Atticus)","7","The book gives you Scout's voice. The film gives you Gregory Peck's Atticus. It's a rare case where both are essential. See our full breakdown.","3","To Kill a Mockingbird Book vs Movie: Scout","9","Lee's Mockingbird has Scout's dual voice; Peck's Atticus is iconic. Which wins? Compare both essentials with us!"
"wolf-hall","Book Wins","Historical Fiction","5.3","medium","3","high","Wolf Hall Book vs Series: Mantel Gives You Cromwell's Mind. Ryla…","65","TOO LONG","7.7","low","Rylance's performance is definitive. But Mantel's present-tense prose puts you inside Cromwell's calculations in ways no actor can. Read first.","143","ok","3","Wolf Hall Book vs Series: Mantel Gives You Cromwell's Mind","6","Rylance's performance is definitive but Mantel's present-tense puts you inside Cromwell's political calculations. Read first.","3","Wolf Hall: Book vs Series (Mantel's Prose vs Rylance's Act)","10","Mark Rylance's performance is legendary, but Mantel's prose puts you inside Cromwell's mind in a way no actor can. See why the book still wins.","3","Wolf Hall Book vs Series: Cromwell's Mind","7","Mantel's Wolf Hall puts you in Cromwell's mind; Rylance can't match it. Which wins? Read first and compare!"
"a-beautiful-mind","Too Close to Call","Biography / Drama","5.5","medium","3","high","A Beautiful Mind Book vs Movie: Nasar Owns the Truth. Howard Own…","65","TOO LONG","8","low","The biography gives you Nash's full life—the cruelty, the brilliance, the decades of illness. The film gives you what it feels like to lose reality.","148","ok","3","A Beautiful Mind Book vs Movie: Which Tells Nash's Truth?","8","Nasar's biography shows Nash's full cruelty and brilliance. Howard's film makes you feel madness. Both essential—read first.","3","A Beautiful Mind: Book vs Movie (The Real Story vs The Film)","7","The book reveals Nash's full, cruel life. The film captures the feeling of losing reality. We explain which version tells the truer story. See why.","3","A Beautiful Mind Book vs Movie: Truth vs Drama","9","Nash's biography reveals raw truth; the film shows losing reality. Which wins? Read our comparison now!"
"a-walk-to-remember","Book Wins","YA Romance / Drama","5.5","medium","3","high","A Walk to Remember Book vs Movie: Sparks's 1950s Grief Earns Wha…","65","TOO LONG","8","low","The novel's retrospective voice and period setting make the loss feel earned. The 2002 film is easier to cry at—but harder to believe.","134","ok","3","A Walk to Remember Book vs Movie: 1950s Grief vs 2002 Tears","9","Sparks's 1950s setting and retrospective voice earn the loss. The 2002 film is easier to cry at but harder to believe. Read first.","3","A Walk to Remember: Book vs Movie (Why The Book Hits Harder)","7","The film gives you easy tears, but the book's 1950s setting makes the grief feel earned. We break down why the book wins & is more believable.","3","A Walk to Remember Book vs Movie: Grief Depth","8","Sparks's novel earns its grief; the film feels shallow. Which wins? Explore our detailed review!"
"all-quiet-on-the-western-front","Too Close to Call","War / Historical Fiction","5.5","medium","3","high","All Quiet Book vs Movie: Remarque's Voice vs Berger's Armistice …","65","TOO LONG","8","low","Remarque wrote from the trenches in first person. Berger made the first honest German-language film. Both are irreplaceable. Read first.","136","ok","3","All Quiet Book vs Movie: Remarque's Voice vs Berger's Vision","7","Remarque wrote from the trenches in first person. Berger made the first honest German film. Both irreplaceable—read first.","3","All Quiet: Book vs Movie (Remarque's Voice vs Berger's Film)","9","Remarque's novel is a soldier's first-person cry. Berger's film is a nation's brutal truth. We explain why both are essential & why to read first.","3","All Quiet Book vs Movie: Voice vs Vision","8","Remarque's raw voice vs Berger's brutal film. Which wins? Dive into our detailed comparison!"
"animal-farm","Book Wins","Political Satire / Classic","5.5","medium","3","high","Animal Farm Book vs Movie: Orwell's 80 Pages Are Perfect. Serkis…","65","TOO LONG","8","low","The novella is surgical. The film is sincere and beautiful. But every scene Serkis adds to reach feature length dilutes what Orwell kept spare.","143","ok","3","Animal Farm Book vs Movie: Orwell's 80 Pages Are Perfect","8","Orwell's novella is surgical. Serkis's film is sincere but every added scene dilutes what Orwell kept spare. Read the book first.","3","Animal Farm: Book vs Movie (Why Orwell's Novella Is Perfect)","8","Orwell's novella is surgical perfection. The film adds scenes that dilute its power. We explain why the book wins and why less is so much more.","3","Animal Farm Book vs Movie: Sharp vs Sincere","8","Orwell's novella cuts deep; Serkis's film dilutes. Which wins? Explore our full comparison!"
"atonement","Book Wins","Literary Fiction / Romance","5.5","medium","3","high","Atonement Book vs Movie: Read It First or Briony's Confession Me…","65","TOO LONG","8","low","Wright made one of the most beautiful films of the 2000s. It still can't do what McEwan does on the page. Read the book first.","126","ok","3","Atonement Book vs Movie: Briony's Confession Needs the Page","8","Wright made one of the most beautiful films of the 2000s but can't do what McEwan does on the page. Read the book first.","3","Atonement: Book vs Movie (Why You MUST Read It First)","8","The film is beautiful, but the book's power lies in its structure, which the movie reveals too soon. We explain why the book wins & must be read first.","3","Atonement Book vs Movie: Confession Depth","8","McEwan's novel pierces; Wright's film dazzles. Which wins? Read our detailed comparison now!"
"beloved","Book Wins","Literary Fiction / Historical","5.5","medium","3","high","Beloved Book vs Movie: Morrison's Fragments Enact Trauma. Demme …","65","TOO LONG","8","low","The novel's structure is the trauma—nonlinear, circling, refusing closure. Demme's film proceeds chronologically. Read the book first.","134","ok","3","Beloved Book vs Movie: Morrison's Structure Is the Trauma","8","Morrison's nonlinear structure enacts trauma—circling, refusing closure. Demme's film proceeds chronologically. Read the book first.","","","","","3","Beloved Book vs Movie: Trauma vs Timeline","8","Morrison's fragmented trauma wins; Demme's film linearizes. Which is better? Read our review!"
"big-fish","Too Close to Call","Literary Fiction / Fantasy","5.5","medium","3","high","Big Fish Book vs Movie: Wallace's Gaps vs Burton's Daffodils—Bot…","65","TOO LONG","8","low","Wallace wrote spare melancholy. Burton made visual extravagance. Each owns something the other can't touch. Read or watch first—both work.","138","ok","3","Big Fish Book vs Movie: Wallace's Gaps vs Burton's Daffodils","7","Wallace wrote spare melancholy. Burton made visual extravagance. Each owns something the other can't touch. Either order works.","","","","","3","Big Fish Book vs Movie: Sparse vs Stunning","9","Wallace's spare sadness vs Burton's visual magic. Which wins? Dive into our comparison now!"
"big-little-lies-hbo","Too Close to Call","Mystery / Drama","5.5","medium","3","high","Big Little Lies Book vs Series: Moriarty's Wit vs. Kidman's Wrec…","65","TOO LONG","8","low","The novel is funnier. The series is more devastating. Vallée's Monterey sharpens what Moriarty kept light. Both versions earn their ending.","139","ok","3","Big Little Lies Book vs Series: Moriarty's Wit vs Kidman's Wreck","7","Moriarty's novel is funnier. Vallée's series is more devastating. Both earn their ending—read first for the wit, watch for the wreck.","","","","","3","Big Little Lies Book vs Series: Wit vs Wreck","9","Moriarty's wit vs Kidman's raw pain. Which wins? Read our detailed comparison now!"
"bridgerton","Book Wins","Historical Romance","5.5","medium","3","high","The Duke and I Book vs Series: Bridgerton: Quinn's Intimacy Beat…","65","TOO LONG","8","low","The show is gorgeous. But Quinn keeps you inside Daphne and Simon's negotiation in ways the series can't. The book's focus wins.","128","ok","3","The Duke and I vs Bridgerton: Quinn's Intimacy Beats Netflix","8","The show is gorgeous but Quinn keeps you inside Daphne and Simon's negotiation in ways the series can't. The book's focus wins.","","","","","3","Duke and I Book vs Series: Intimacy Wins","8","Quinn's intimate focus beats the show's glamour. Which wins? Read our detailed review now!"
"brooklyn","Book Wins","Literary Fiction / Romance","5.5","medium","3","high","Brooklyn Book vs Movie: What Eilis Doesn't Say Is What Tóibín Do…","65","TOO LONG","8","low","Ronan's performance is luminous. But the novel's power lives in the silence between feeling and speech—something no actor can show.","131","ok","3","Brooklyn Book vs Movie: What Eilis Doesn't Say Is Everything","8","Ronan's performance is luminous but Tóibín's power lives in silence between feeling and speech—something no actor can show.","","","","","3","Brooklyn Book vs Movie: Silence vs Screen","8","Tóibín's silent emotions win; Ronan's film shines. Which is better? Check our comparison!"
"catch-22","Book Wins","Literary Fiction / Satire","5.5","medium","3","high","Catch-22 Book vs Series: Heller's Circles Are the Point. Nichols…","65","TOO LONG","8","low","The novel loops back on itself until war's logic collapses. The film gives you the scenes without the trap. Read the book first.","128","ok","3","Catch-22 Book vs Movie: Heller's Circles Are the Point","8","Heller's novel loops back until war's logic collapses. Nichols gives you the scenes without the trap. Read the book first.","","","","","3","Catch-22 Book vs Series: Loops vs Linear","8","Heller's looping absurdity wins; the film flattens. Which is better? Read our analysis now!"
"catch-me-if-you-can","Too Close to Call","Memoir / Crime","5.5","medium","3","high","Catch Me If You Can Book vs Movie: Abagnale Teaches Crime. Spiel…","65","TOO LONG","8","low","The memoir shows you how the cons worked. The film gives Frank a father worth chasing. Both are essential for different reasons.","128","ok","3","Catch Me If You Can: Abagnale Teaches Crime, Spielberg Adds Heart","7","Abagnale's memoir shows you how the cons worked. Spielberg gives Frank a father worth chasing. Both essential—read first for the how.","","","","","3","Catch Me If You Can Book vs Movie: Con vs Heart","9","Abagnale's cons teach; Spielberg adds heart. Which wins? Dive into our comparison now!"
"cold-mountain","Book Wins","Historical Fiction / War","5.5","medium","3","high","Cold Mountain Book vs Movie: Frazier's Sentences Walk. Minghella…","65","TOO LONG","8","low","The novel's rhythm is the journey—long, rolling sentences that enact Inman's walk home. The film can only photograph it. Read the book first.","141","ok","3","Cold Mountain Book vs Movie: Frazier's Sentences Walk Home","8","Frazier's rolling sentences enact Inman's walk home—rhythm is the journey. Minghella can only photograph it. Read the book first.","","","","","3","Cold Mountain Book vs Movie: Prose vs Picture","8","Frazier's prose walks with Inman; the film just shows. Which wins? Read our review now!"
"contact","Too Close to Call","Science Fiction","5.5","medium","3","high","Contact Book vs Movie: Sagan's Pi Ending Can't Be Filmed. Foster…","65","TOO LONG","8","low","The novel ends with a mathematical proof of God. The film ends with Jodie Foster's face. Both are transcendent. Read first, then watch.","135","ok","3","Contact Book vs Movie: Sagan's Pi Ending vs Foster's Face","7","Sagan's novel ends with mathematical proof of God. Zemeckis's film ends with Foster's face. Both transcendent—read first, then watch.","","","","","3","Contact Book vs Movie: Math vs Emotion","9","Sagan's math proves God; Foster's face moves. Which wins? Check our comparison now!"
"daisy-jones-and-the-six","Book Wins","Historical Fiction / Drama","5.5","medium","3","high","Daisy Jones Book vs Series: Reid's Oral History Does What the Se…","65","TOO LONG","8","low","The contradictions between band members create the truth in Reid's novel. The series just dramatizes it. Read the book first.","125","ok","3","Daisy Jones Book vs Series: Reid's Oral History Creates Truth","8","Reid's contradictions between band members create the truth. The series just dramatizes it. Read the book first for the format.","","","","","3","Daisy Jones Book vs Series: Truth vs Drama","8","Reid's oral history reveals truth; the series dramatizes. Which wins? Read our review now!"
"dark-matter","Too Close to Call","Science Fiction / Thriller","5.5","medium","3","high","Dark Matter Book vs Series: Crouch's Velocity vs Edgerton's Two …","65","TOO LONG","8","low","The novel is propulsive in ways TV can't be. Edgerton does things with Jason's split that prose can't. Both are essential.","122","ok","3","Dark Matter Book vs Series: Crouch's Speed vs Edgerton's Split","7","Crouch's novel is propulsive in ways TV can't be. Edgerton does things with Jason's split prose can't. Both essential—read first.","","","","","3","Dark Matter Book vs Series: Speed vs Split","9","Crouch's pace thrills; Edgerton's split stuns. Which wins? Check our detailed comparison now!"
"dracula","Book Wins","Gothic Horror / Classic","5.5","medium","3","high","Dracula Book vs Movie: Stoker Never Shows the Monster. That's Wh…","65","TOO LONG","8","low","Coppola's Dracula is gorgeous, operatic, everywhere. Stoker's is fragments, terror, absence. The novel is stranger and more frightening.","136","ok","3","Dracula Book vs Movie: Stoker's Absence Beats Coppola's Opera","8","Coppola shows everything. Stoker shows fragments and absence. The novel's restraint makes it more terrifying. Read the book.","3","Dracula: Book vs Movie (Why Stoker's Invisible Monster Wins)","8","Coppola's film is operatic, but Stoker's novel builds terror through absence. Find out why the book is stranger, more frightening, and our winner.","3","Dracula Book vs Movie: Stoker's Hidden Terror","8","Stoker's Dracula terrifies through absence; Coppola's is everywhere. Which wins? See our comparison now!"
"into-the-wild","Book Wins","Memoir / Adventure","5.5","medium","3","high","Into the Wild Book vs Movie: Penn Made McCandless a Martyr. Krak…","65","TOO LONG","8","low","The book gives you Everett Ruess, Gene Rosellini, the context that explains Chris. The film gives you a beautiful death. Read first.","132","ok","3","Into the Wild Book vs Movie: Penn Made McCandless a Martyr","8","The book gives you Everett Ruess, Gene Rosellini, the context that explains Chris. The film romanticizes his death. Read first.","3","Into the Wild Book vs Movie: Penn's Martyr vs Krakauer's Man","8","Into the Wild book vs movie: The book shows Chris McCandless's context; the film makes him a martyr. We explain why Krakauer's original wins.","3","Into the Wild Book vs Movie: Martyr or Man?","8","Into the Wild: Book reveals Chris's context; film beautifies death. Which wins? Read first!"
"les-miserables","Book Wins","Literary Fiction / Classic","5.5","medium","3","high","Les Misérables Book vs Movie: Hugo's Valjean Thinks. Hooper's Ju…","65","TOO LONG","8","low","The musical is magnificent spectacle. It still can't give you the moral crisis that happens inside Valjean's head. Read the book first.","135","ok","3","Les Misérables Book vs Movie: Hugo's Valjean Thinks, Hooper's Sings","7","The musical is magnificent spectacle. Hugo gives you Valjean's conscience wrestling with itself for chapters. Read first.","3","Les Misérables Book vs Movie: Why the Book's Valjean Wins","9","Les Misérables book vs movie: The musical is a spectacle, but it can't show the moral crisis inside Valjean's head. See what the film leaves out.","3","Les Misérables Book vs Movie: Valjean's Mind","8","Les Misérables: Hugo's moral depth beats musical spectacle. Which wins? Read first!"
"of-mice-and-men","Too Close to Call","Literary Fiction / Classic","5.5","medium","3","high","Of Mice and Men Book vs Movie: Steinbeck's Refrain vs Malkovich'…","65","TOO LONG","8","low","The novella builds through repetition. The film builds through Malkovich's face. Both versions break your heart. Either order works.","132","ok","3","Of Mice and Men Book vs Movie: Steinbeck's Refrain vs Malkovich","8","The novella builds through repetition—the dream repeated until it breaks. The film builds through Malkovich's face. Both break your heart.","","","","","3","Of Mice and Men Book vs Movie: Heartbreak","8","Of Mice and Men: Steinbeck’s repetition vs Malkovich’s face. Which wins? See both!"
"on-the-road","Book Wins","Literary Fiction / Beat Generation","5.5","medium","3","high","On the Road Book vs Movie: The Novel Is the Trip. The Film Is Ju…","65","TOO LONG","8","low","Salles made a beautiful film. It still can't do what Kerouac does in the sentences. The road is the prose. Read the book first.","127","ok","3","On the Road Book vs Movie: The Novel Is the Trip, Film Is Tourism","8","Salles made a beautiful film. It can't do what Kerouac does in the sentences—the breathless rush is the point. Read the book first.","","","","","3","On the Road Book vs Movie: Prose Is the Trip","8","On the Road: Kerouac’s prose beats Salles’ film. Which wins? Read first!"
"one-day","Book Wins","Romance / Drama","5.5","medium","3","high","One Day Book vs Movie: Twenty Years in Two Hours Loses What Nich…","65","TOO LONG","8","low","Nicholls's annual snapshots accumulate meaning the 2011 film can't replicate. The structure is the story. Read the book first.","126","ok","3","One Day Book vs Movie: Twenty Years in Two Hours Loses Everything","8","Nicholls's annual snapshots accumulate meaning—20 years of small changes. The 2011 film can't replicate that. Read the book first.","","","","","3","One Day Book vs Movie: Years of Meaning","8","One Day: Nicholls’ snapshots beat film’s rush. Which wins? Read first!"
"one-flew-over-the-cuckoos-nest","Too Close to Call","Literary Fiction / Drama","5.5","medium","3","high","One Flew Over the Cuckoo's Nest Book vs Movie: Cuckoo's Nest: Ke…","65","TOO LONG","8","low","The novel is Bromden's hallucination. The film is Nicholson's rebellion. Both are masterpieces. Read the book first—the Chief deserves it.","138","ok","3","One Flew Over the Cuckoo's Nest Book vs Movie: Chief's Voice","6","Bromden's hallucinations vs Nicholson's rebellion. Both masterpieces, but the Chief's narration makes the book essential first.","3","Cuckoo's Nest Book vs Movie: Bromden's Mind vs Jack's Fury","10","Cuckoo's Nest book vs movie: One is Chief Bromden's hallucination, the other is Jack Nicholson's rebellion. We explain why both are masterpieces.","3","One Flew Over the Cuckoo's Nest: Book vs Movie Clash","8","Cuckoo's Nest book vs movie: Bromden's mind vs Nicholson's rebellion. Which wins? Dive into our comparison now!"
"presumed-innocent","Book Wins","Legal Thriller","5.5","medium","3","high","Presumed Innocent Book vs Series: Turow's Inner Voice Does What …","65","TOO LONG","8","low","The series is confident and handsome. It still can't replicate Turow's first-person legal precision. Read the book that invented the genre first.","145","ok","3","Presumed Innocent Book vs Series: Turow's Legal Mind Wins","6","The series is handsome but can't match Turow's first-person legal precision. Read the book that invented the genre first.","3","Presumed Innocent Book vs Series: The Book Invented a Genre","10","Presumed Innocent book vs series: The Apple TV+ show is a slick thriller, but it misses the first-person legal precision that made the book a classic.","3","Presumed Innocent: Book vs Series Legal Depth","8","Presumed Innocent book vs series: Turow's legal mind wins over TV. Which is better? See our analysis!"
"ready-player-one","Book Wins","Science Fiction / Adventure","5.5","medium","3","high","Ready Player One Book vs Movie: Cline's Puzzles Reward You. Spie…","65","TOO LONG","8","low","The novel makes you earn every gate with obscure trivia. The film gives you spectacle without the work. Read the book first—it's a different game.","146","ok","3","Ready Player One Book vs Movie: Earn the Gates vs Watch Them","6","Cline makes you earn every gate with obscure trivia. Spielberg gives you spectacle without work. Book wins—it's a different game.","3","Ready Player One Book vs Movie: Puzzles vs. Spectacle","10","Ready Player One book vs movie: The book makes you earn the win with clever puzzles. The film gives you spectacle. We explain why the book is better.","3","Ready Player One: Book vs Movie Puzzles","8","Ready Player One book vs movie: Cline's trivia wins over Spielberg's spectacle. Compare now!"
"remains-of-the-day","Book Wins","Literary Fiction / Drama","5.5","medium","3","high","The Remains of the Day Book vs Movie: What Stevens Won't Say Can…","65","TOO LONG","8","low","Ivory made one of the great literary adaptations. It's still lesser than Ishiguro's novel. The meaning lives in what Stevens refuses to say.","140","ok","3","Remains of the Day Book vs Movie: What Stevens Won't Say","7","Ivory made a great adaptation, but Ishiguro's meaning lives in what Stevens refuses to say on the page. Book wins—read first.","3","Remains of the Day: Book vs Movie's Unspoken Truths","9","The film is a masterpiece, but the book is better. Why? The novel's power is in what the narrator *doesn't* say. We explain this crucial difference.","3","Remains of the Day: Book vs Movie Silence","8","Remains of the Day book vs movie: Ishiguro's unspoken depth wins. Which is better? Compare now!"
"roots-2016","Book Wins","Historical Fiction / Drama","5.5","medium","3","high","Roots Book vs Movie: Haley's Inner Voices Are What the Miniserie…","65","TOO LONG","8","low","The 2016 adaptation is powerful, but Haley's internal monologues—the generational weight that builds across centuries—exist only on the page.","141","ok","3","Roots Book vs Series (2016): Haley's Inner Voices Win","7","The 2016 series is powerful, but Haley's internal monologues build generational weight across centuries only on page. Book wins.","3","Roots Book vs Series (2016): What the Remake Missed","9","The 2016 Roots miniseries is powerful, but it misses the internal monologues that give Alex Haley's book its generational weight. Read the book first.","3","Roots Book vs Movie: Haley's Depth Wins?","8","Roots book vs movie: Haley's generational weight beats 2016 series. Which wins? Compare now!"
"sharp-objects","Book Wins","Psychological Thriller","5.5","medium","3","high","Sharp Objects Book vs Series: Flynn Gets Inside Camille's Head. …","65","TOO LONG","8","low","Vallée's series is gorgeous and Adams is perfect. But Flynn's suffocating first-person narration does what no camera can. Read the book first.","142","ok","3","Sharp Objects Book vs Series: Inside Camille's Suffocating Mind","6","Vallée's series is gorgeous and Adams is perfect, but Flynn's suffocating first-person narration does what cameras can't. Read first.","3","Sharp Objects Book vs Series: Why the Book Is More Disturbing","10","Sharp Objects book vs series: The HBO show is a visual masterpiece, but it can't replicate the suffocating dread of Camille's inner voice. Read it first.","3","Sharp Objects: Book vs Series Darkness","8","Sharp Objects book vs series: Flynn's narration wins over TV visuals. Which chills more? Compare!"
"shogun-2024","Book Wins","Historical Fiction / Adventure","5.5","medium","3","high","Shogun Book vs Series: Clavell's Immersion vs. the Series' Japan…","65","TOO LONG","8","low","The 2024 series gives Mariko and Toranaga what Clavell never could. The novel still wins on sheer depth. Read the book first.","125","ok","3","Shogun Book vs Series (2024): Clavell's Depth vs Mariko's Voice","8","The 2024 series gives Mariko and Toranaga what Clavell couldn't. The novel still wins on sheer depth. Book wins—read first.","","","","","3","Shogun Book vs Series: Epic Depth Clash","8","Shogun book vs series: Clavell's immersion beats 2024 TV depth. Which wins? Compare now!"
"silence-of-the-lambs","Too Close to Call","Thriller / Crime","5.5","medium","3","high","The Silence of the Lambs Book vs Movie: Silence of the Lambs: Ha…","65","TOO LONG","8","low","Harris gives you Clarice's fear from inside. Demme makes Lecter stare through you. Both are masterworks. Read and watch both.","125","ok","3","Silence of the Lambs Book vs Movie: Clarice's Fear vs Lecter","8","Harris gives you Clarice's fear from inside. Demme makes Lecter stare through you. Both masterworks—read and watch both.","","","","","3","Silence of the Lambs: Book vs Movie Fear","8","Silence of the Lambs book vs movie: Harris's fear vs Lecter's stare. Which wins? Compare now!"
"sophies-choice","Too Close to Call","Literary Fiction / War Drama","5.5","medium","3","high","Sophie's Choice Book vs Movie: Styron Reveals in Layers. Streep …","65","TOO LONG","8","low","The novel withholds the choice until you've earned it. The film gives you Streep's face. Both devastate differently. Start with either.","135","ok","3","Sophie's Choice Book vs Movie: Styron's Layers vs Streep's Face","8","Styron withholds the choice until you've earned it. The film gives you Streep's face. Both devastate differently. Start either.","","","","","3","Sophie's Choice: Book vs Movie Heartbreak","8","Sophie's Choice book vs movie: Styron's layers vs Streep's face. Which devastates more? Compare!"
"the-client","Book Wins","Legal Thriller","5.5","medium","3","high","The Client Book vs Movie: Grisham's Mark Carries Guilt Schumache…","65","TOO LONG","8","low","The film gives you a plucky kid and a tough lawyer. The book gives you a traumatized child who can't sleep. Read Grisham first.","127","ok","3","The Client Book vs Movie: Grisham's Mark Can't Sleep","7","Film gives you plucky kid + tough lawyer. Book gives you traumatized child who can't sleep. Grisham's guilt is the real story.","3","The Client: Book vs Movie — A Traumatized Kid vs a Plucky Hero","9","The film gives you a plucky kid. The book gives you a traumatized child who can't sleep. We break down why this one character change matters so much.","3","The Client Book vs Movie: Mark's Guilt Shines","8","Grisham's Mark is haunted; the film softens him. Read the book first for raw emotion!"
"the-count-of-monte-cristo","Book Wins","Adventure / Classic","5.5","medium","3","high","The Count of Monte Cristo Book vs Movie: The Film Turns Dumas In…","65","TOO LONG","8","low","Dumas spent 1,200 pages weaving revenge schemes that echo across Paris. The film gives you three targets and a sword fight. Read first.","135","ok","3","The Count of Monte Cristo: Dumas's 1,200 Pages vs 2 Hours","8","Dumas spent 1,200 pages weaving revenge across Paris. The film gives you three targets and a sword fight. The schemes only work long.","3","Monte Cristo: Book vs Movie — 1200 Pages vs a Simple Sword Fight","9","Dumas weaves complex revenge over 1,200 pages. The film gives you three targets and a sword fight. See all the brilliant schemes the movie cut.","3","Monte Cristo Book vs Movie: Epic Revenge Depth","7","Dumas's 1,200-page revenge outshines the film's action. Read the book first!"
"the-girl-with-the-dragon-tattoo-fincher","Too Close to Call","Crime Thriller","5.5","medium","3.3","high","The Girl with the Dragon Tattoo Book vs Movie: Dragon Tattoo: La…","65","TOO LONG","7.7","low","The book gives you institutional rot and Lisbeth's full world. Fincher gives you one of cinema's great character reveals. Both essential.","137","ok","4","Dragon Tattoo Book vs Movie: Larsson's Rot vs Fincher's Reveal","8","Book gives you institutional rot and Lisbeth's full world. Fincher gives you one of cinema's great character reveals. Both essential.","3","Dragon Tattoo: Book vs Movie (Fincher) — Which Version Is Better?","7","The book explores Sweden's institutional rot. Fincher gives us an iconic Lisbeth Salander reveal. We break down why both are essential viewing/reading.","3","Dragon Tattoo Book vs Movie: Lisbeth's Reveal","8","Larsson's rot vs Fincher's cinematic Lisbeth. Both stun—see which wins!"
"the-maze-runner-film","Book Wins","Dystopian Fiction / YA","5.5","medium","3","high","The Maze Runner Book vs Movie: Dashner Builds a World. Ball Just…","65","TOO LONG","8","low","The film is tense and lean, but the book's slow accumulation of the Glade's rules has a weight Ball can only suggest. Read first.","129","ok","3","The Maze Runner Book vs Movie: Dashner's World vs Ball's Pace","8","Film is tense and lean, but the book's slow accumulation of the Glade's rules has a weight Ball can only suggest. Read first.","3","The Maze Runner: Book vs Movie — Slow World-Building vs Lean Action","8","The film is a tense, lean action movie. The book's slow reveal of the Glade's rules carries more weight. See what the movie adaptation left behind.","3","Maze Runner Book vs Movie: Glade's Depth","8","Dashner's Glade rules haunt; the film rushes. Read the book first!"
"the-outsider","Book Wins","Horror / Crime","5.5","medium","3","high","The Outsider Book vs Series: King's Genre Pivot Shocks. HBO Tele…","65","TOO LONG","8","low","The novel builds a procedural so convincing that the horror pivot feels earned and terrifying. The series signals it from episode one. Read first.","146","ok","3","The Outsider Book vs Series: King's Pivot vs HBO's Telegraph","9","Novel builds a procedural so convincing that the horror pivot feels earned and terrifying. Series signals it from episode one. Read first.","3","The Outsider: Book vs Series — How HBO Spoiled King's Best Twist","9","King's novel builds a convincing procedural, making the horror pivot terrifying. The series signals it from episode one. See why the book's structure wins.","3","Outsider Book vs Series: King's Horror Pivot","6","King's horror pivot shocks; HBO spoils early. Read the book first!"
"the-picture-of-dorian-gray","Book Wins","Gothic Fiction / Classic","5.5","medium","3.3","high","The Picture of Dorian Gray Book vs Movie: Dorian Gray: Lord Henr…","65","TOO LONG","7.7","low","Parker's film looks lush but can't capture Wilde's epigrammatic brilliance. Without the prose, Lord Henry becomes a villain instead of a philosopher.","149","ok","4","Dorian Gray Book vs Movie: Wilde's Epigrams vs Parker's Lush","9","Parker's film looks lush but can't capture Wilde's epigrammatic brilliance. Without the prose, Lord Henry becomes villain not philosopher.","3","Dorian Gray: Book vs Movie — Wilde's Wit vs a Generic Villain","8","The 2009 film looks lush but can't capture Wilde's epigrammatic brilliance. Without the prose, Lord Henry is just a villain. See why the book is superior.","3","Dorian Gray Book vs Movie: Wilde's Brilliance","6","Wilde's sharp prose beats the film's visuals. Read the book first!"
"the-pillars-of-the-earth","Book Wins","Historical Fiction","5.5","medium","3.3","high","The Pillars of the Earth Book vs Series: Pillars of the Earth: F…","65","TOO LONG","7.7","low","The novel makes you understand stone and mortar. The series makes you watch them stack. One gives you medieval craft, the other spectacle.","138","ok","4","Pillars of the Earth Book vs Series: Craft vs Spectacle","8","Novel makes you understand stone and mortar. Series makes you watch them stack. One gives you medieval craft, the other spectacle.","3","Pillars of the Earth: Book vs Series — Understanding vs Watching","8","The novel makes you understand medieval craft, stone, and mortar. The series just shows you spectacle. See why the book offers a much richer experience.","3","Pillars of Earth Book vs Series: Craft Depth","7","Follett's medieval craft beats the series' spectacle. Read first!"
"the-secret-life-of-bees","Book Wins","Literary Fiction / Drama","5.5","medium","3","high","The Secret Life of Bees Book vs Movie: Lily's Guilt Is Real in K…","65","TOO LONG","8","low","The film gives you Queen Latifah and Dakota Fanning. It doesn't give you the weight of what Lily carries. Read the book first.","126","ok","3","Secret Life of Bees Book vs Movie: Lily's Guilt Gets Lost","7","The film has Queen Latifah and Fanning but loses Lily's crushing guilt over her mother's death. Read the book first.","3","Secret Life of Bees: Book vs Movie (What the Film Left Out)","9","The film has a stellar cast, but it can't capture the deep, internal guilt that drives Lily's story. Find out why the book's version wins.","3","Secret Life of Bees Book vs Movie: Lily's Guilt","8","The film has star power, but only the book captures Lily's guilt in Secret Life of Bees. Which wins? Read and compare!"
"it-ends-with-us","Book Wins","Romance / Drama","5.7","medium","3","high","It Ends With Us Book vs Movie: Hoover Shows Why Lily Stays. Bald…","65","TOO LONG","8.3","low","The novel makes you understand the rationalizations that keep Lily trapped. The film only shows the violence. Read the book first.","130","ok","3","It Ends With Us Book vs Movie: Hoover Shows Why Lily Stays","9","The novel makes you understand why Lily stays trapped. The film only shows violence. Read the book first for the psychology.","3","It Ends With Us Book vs Movie: Why Hoover's Book Wins","8","It Ends With Us book vs movie: The novel shows the psychology of why Lily stays; the film just shows the abuse. See why the book wins the debate.","3","It Ends With Us Book vs Movie: Why Lily Stays","8","It Ends With Us: Book explains Lily's trap; film shows violence. Which wins? Read first!"
"jurassic-park","Book Wins","Science Fiction / Adventure","5.7","medium","3","high","Jurassic Park Book vs Movie: Crichton's Chaos Theory Dies in Spi…","65","TOO LONG","8.3","low","Spielberg made cinema magic. Crichton wrote a warning about hubris that the film turned into a theme park ride. Read the book first.","132","ok","3","Jurassic Park Book vs Movie: Crichton's Warning vs Spielberg's Ride","8","Spielberg made cinema magic. Crichton wrote chaos theory and corporate hubris the film turned into spectacle. Read first.","3","Jurassic Park Book vs Movie: Why the Book's Warning Wins","9","Jurassic Park book vs movie: Spielberg's film is magic, but Crichton's book is a chilling warning. See all the science the movie left out.","3","Jurassic Park Book vs Movie: Chaos Theory","8","Jurassic Park: Crichton's warning beats Spielberg's ride. Which wins? Read first!"
"pachinko","Book Wins","Historical Fiction / Family Saga","5.7","medium","3","high","Pachinko Book vs Series: The Series Can't Break Your Heart Like …","65","TOO LONG","8.3","low","Apple TV+ made a beautiful adaptation. It still can't replicate the four-generation scope that makes Noa's fate devastating. Read the book first.","145","ok","3","Pachinko Book vs Series: Four Generations vs Eight Episodes","7","Apple's adaptation is beautiful but can't match the four-generation scope that makes Noa's fate devastating. Book wins—read first.","3","Pachinko Book vs Series: Why the Book's Ending Hits Harder","10","Pachinko book vs series: The Apple TV+ show is beautiful, but it can't capture the generational scope that makes the book's ending so devastating.","3","Pachinko Book vs Series: Heartbreak Comparison","8","Pachinko book vs series: Novel's generational depth wins over TV. Which breaks your heart more? Find out!"
"perks-of-being-a-wallflower","Too Close to Call","Coming of Age / Literary Fiction","5.7","medium","3","high","The Perks of Being a Wallflower Book vs Series: Perks: Chbosky's…","65","TOO LONG","8.3","low","The novel gives you Charlie's voice on the page. The film gives you Ezra Miller and 'Landslide' at 60mph. Both are essential.","125","ok","3","Perks of Being a Wallflower Book vs Movie: Charlie's Letters Win","8","Charlie's letters vs Ezra Miller and 'Landslide' at 60mph. Both essential—Chbosky directed both. Start with either.","3","Perks of Being a Wallflower: Book vs Movie—Voice vs Visuals","10","Book vs Movie: The novel gives you Charlie's internal voice. The film gives you the iconic tunnel scene. We explain why both are essential coming-of-age works.","3","Perks of Being a Wallflower: Book vs Movie Feels","7","Perks book vs movie: Charlie's voice or Ezra's emotion? Both shine. See which wins in our comparison!"
"project-hail-mary","Book Wins","Science Fiction","5.7","medium","3","high","Project Hail Mary Book vs Movie: Weir Makes You Solve. Gosling M…","65","TOO LONG","8.3","low","Grace's internal monologue is the book's engine—you work through the science with him. The film can only show you the answers. Read first.","138","ok","3","Project Hail Mary Book vs Movie: You Solve vs You Watch","7","Grace's internal monologue makes you solve the science with him. Gosling's film just shows answers. Book wins—read first.","3","Project Hail Mary Book vs Movie: Why the Book Is Smarter","10","Project Hail Mary book vs movie: The book's genius is solving problems with Grace. The film can only show the answers. We explain why the book wins.","3","Project Hail Mary: Book vs Movie Science","8","Project Hail Mary book vs movie: Weir's science puzzles beat film's visuals. Which wins? Compare now!"
"rebecca","Book Wins","Gothic Mystery / Romance","5.7","medium","3","high","Rebecca Book vs Movie: Hitchcock Changed the Murder. Du Maurier'…","65","TOO LONG","8.3","low","The Production Code forced Hitchcock to rewrite Maxim's crime. Du Maurier's version is darker, truer, and the reason the book still unsettles.","142","ok","3","Rebecca Book vs Movie: Hitchcock Changed the Murder","7","The Production Code forced Hitchcock to rewrite Maxim's crime. Du Maurier's darker version is why the book still unsettles.","3","Rebecca Book vs Movie: Hitchcock Changed the Ending (1940)","10","Why did Hitchcock change the ending? The Production Code forced a rewrite of Maxim's crime. We explain why Du Maurier's original is darker and better.","3","Rebecca Book vs Movie: Hitchcock's Twist?","8","Rebecca book vs movie: Du Maurier's darkness beats Hitchcock's edit. Which wins? Compare now!"
"remarkably-bright-creatures","Book Wins","Literary Fiction","5.7","medium","3","high","Remarkably Bright Creatures Book vs Movie: Without Marcellus's V…","65","TOO LONG","8.3","low","Van Pelt's octopus narrator is what makes the book transcendent. Newman's film will have Sally Field, but it can't have Marcellus's mind.","137","ok","3","Remarkably Bright Creatures Book vs Movie: Marcellus Narrates","7","Van Pelt's octopus narrator makes the book transcendent. Newman's film has Sally Field but can't have Marcellus's mind. Read first.","3","Remarkably Bright Creatures: Book vs Movie (Losing the Octopus)","10","Remarkably Bright Creatures book vs movie: The film will have a great cast, but it can't have the book's secret weapon: Marcellus the octopus's narration.","3","Remarkably Bright Creatures: Book vs Movie","8","Book vs movie: Marcellus's octopus voice beats film's cast. Which wins? Compare now on our site!"
"reminders-of-him","Book Wins","Romance / Drama","5.7","medium","3","high","Reminders of Him Book vs Movie: Kenna's Letters Lose Everything …","65","TOO LONG","8.3","low","Monroe is perfectly cast, but Hoover's dual perspective and the letters that anchor the novel's grief can't survive adaptation. Read first.","139","ok","3","Reminders of Him Book vs Movie: Kenna's Letters Can't Transfer","7","Monroe is perfect, but Hoover's dual perspective and Kenna's letters anchor grief the film can't replicate. Book wins—read first.","3","Reminders of Him Book vs Movie: Why the Letters Matter","10","Reminders of Him book vs movie: The film loses the dual POV and Kenna's letters—the two things that make Colleen Hoover's novel so powerful. Read it first.","3","Reminders of Him: Book vs Movie Grief","8","Reminders of Him book vs movie: Hoover's letters win over film. Which hits harder? Compare now!"
"room","Too Close to Call","Literary Fiction / Thriller","5.7","medium","3","high","Room Book vs Movie: Jack's Voice Lives on the Page. Tremblay Liv…","65","TOO LONG","8.3","low","Donoghue's narration is irreplaceable. Larson and Tremblay are unrepeatable. Both versions are essential for different reasons.","127","ok","3","Room Book vs Movie: Jack's Voice vs Tremblay's Performance","8","Donoghue's narration is irreplaceable. Larson and Tremblay are unrepeatable. Both essential for different reasons. Start either.","3","Room Book vs Movie: Narration vs. Performance (A Tie)","10","Room book vs movie: The novel has Jack's irreplaceable voice. The film has Larson and Tremblay's unrepeatable performances. We explain why both are essential.","3","Room Book vs Movie: Jack's Voice Stands Out","7","Room book vs movie: Jack's narration or Larson's acting? Both stun. See which wins in our comparison!"
"schindlers-list","Movie Wins","Historical Fiction / Drama","5.7","medium","3","high","Schindler's List Book vs Movie: The Red Coat Does What Keneally …","65","TOO LONG","8.3","low","Spielberg made one of cinema's rare transcendent adaptations. Keneally's history is essential, but the film is the masterpiece. Watch first.","140","ok","3","Schindler's List Book vs Movie: The Red Coat Wins","7","Spielberg made cinema's rare transcendent adaptation. Keneally's history is essential, but the film is the masterpiece. Watch first.","3","Schindler's List Book vs Movie: Why the Film Is a Masterpiece","10","Schindler's List book vs movie: Keneally's novel is essential history, but Spielberg's film is a transcendent masterpiece. We explain why you should watch it first.","3","Schindler's List: Book vs Movie Impact","8","Schindler's List book vs movie: Spielberg's film wins over history. Which moves you more? Compare!"
"seabiscuit","Book Wins","Biography / Sports","5.7","medium","3","high","Seabiscuit Book vs Movie: Pollard Was Blind. The Film Barely Men…","65","TOO LONG","8.3","low","Hillenbrand builds her story on Pollard's blindness and Smith's frontier code. Ross's film turns both into background details. Read first.","138","ok","3","Seabiscuit Book vs Movie: Pollard's Blindness Gets Cut","7","Hillenbrand builds on Pollard's blindness and Smith's frontier code. Ross's film turns both into background. Book wins—read first.","3","Seabiscuit Book vs Movie: What the Film Leaves Out","10","Seabiscuit book vs movie: The film glosses over the book's core—jockey Red Pollard's blindness. We explain why this makes the book a must-read.","3","Seabiscuit Book vs Movie: True Story Depth","8","Seabiscuit book vs movie: Pollard's blindness shines in text, not film. Which wins? Compare now!"
"sense-and-sensibility","Book Wins","Literary Fiction / Classic Romance","5.7","medium","3","high","Sense and Sensibility Book vs Movie: Austen's Irony Does What Le…","65","TOO LONG","8.3","low","Thompson's script is brilliant. Lee's direction is warm. Neither can replicate Austen's formal intelligence. Read the book first.","129","ok","3","Sense and Sensibility Book vs Movie: Austen's Irony Wins","8","Thompson's script is brilliant. Lee's direction is warm. Neither replicates Austen's formal intelligence. Book wins—read first.","3","Sense and Sensibility: Book vs Movie (Why Austen Still Wins)","9","Sense and Sensibility book vs movie (1995): Emma Thompson's script is brilliant, but it can't capture Austen's sharp, witty narration. Read the book first.","3","Sense and Sensibility: Book vs Movie Wit","8","Sense and Sensibility book vs movie: Austen's irony beats film's warmth. Which wins? Compare now!"
"shadow-and-bone","Book Wins","Fantasy / YA","5.7","medium","3","high","Shadow and Bone Book vs Series: Bardugo's Alina Gets Lost in Net…","65","TOO LONG","8.3","low","The series adds Kaz and the Crows. It works—but you lose the one thing that made Bardugo's original worth reading. Start with the book.","135","ok","3","Shadow and Bone Book vs Series: Alina Gets Lost in Netflix","7","The series adds Kaz and the Crows successfully, but you lose what made Bardugo's Alina worth reading. Book wins—start there.","3","Shadow and Bone: Book vs Series (Why Alina Gets Lost)","10","Shadow and Bone book vs series: Netflix adds the Crows, but at what cost? We explain how combining the stories sidelines Alina's journey from the first book.","3","Shadow and Bone: Book vs Series Magic","8","Shadow and Bone book vs series: Bardugo's Alina wins over Netflix. Which is better? Compare now!"
"the-glass-castle","Book Wins","Memoir","5.7","medium","3","high","The Glass Castle Book vs Movie: The Book Refuses to Make Rex Cha…","65","TOO LONG","8.3","low","Cretton's film turns Rex Walls into a lovable drunk. Walls' memoir never lets you forget he's dangerous. Read the book first.","125","ok","3","The Glass Castle Book vs Movie: Walls's Rex vs Cretton's Drunk","8","Cretton's film turns Rex Walls into lovable drunk. Walls' memoir never lets you forget he's dangerous. Read the book first.","3","The Glass Castle: Book vs Movie — A Dangerous Man vs a Lovable Drunk","9","The film turns Rex Walls into a lovable drunk. The memoir never lets you forget he's dangerous. We explore why this change sanitizes the story.","3","Glass Castle Book vs Movie: Rex's True Danger","8","Walls' memoir shows Rex's danger; the film softens him. Read the book first!"
"the-help","Book Wins","Historical Fiction / Drama","5.7","medium","3","high","The Help Book vs Movie: Stockett Gives Three Voices. Taylor Give…","65","TOO LONG","8.3","low","Aibileen, Minny, and Skeeter share the novel equally. The film belongs to Viola Davis. Read the book first for the full chorus.","127","ok","3","The Help Book vs Movie: Three Voices vs Viola Davis","8","Aibileen, Minny, and Skeeter share the novel equally. The film belongs to Viola Davis. Read the book first for all three voices.","3","The Help: Book vs Movie — Three Voices vs One Dominant Performance","9","Aibileen, Minny, and Skeeter share the novel. The film belongs to Viola Davis. We break down how this shift in focus changes the story's impact.","3","The Help Book vs Movie: Three Voices Shine","8","Stockett's trio of voices outshines the film. Read the book first!"
"the-housemaid","Book Wins","Psychological Thriller","5.7","medium","3","high","The Housemaid Book vs Movie: McFadden's Twist Earns Its Landing.…","65","TOO LONG","8.3","low","Feig made a fun, campy thriller. McFadden engineered 300 pages of misdirection that makes the payoff devastating. Read the book first.","134","ok","3","The Housemaid Book vs Movie: McFadden's Twist vs Feig's Camp","8","Feig made fun, campy thriller. McFadden engineered 300 pages of misdirection that makes the payoff devastating. Read the book first.","3","The Housemaid: Book vs Movie — Why the Book's Twist Hits Harder","9","The film is a fun, campy thriller. The book is 300 pages of masterful misdirection. We explain why the novel's shocking twist is so much better.","3","Housemaid Book vs Movie: Twist Perfection","8","McFadden's twists devastate; Feig's film is just fun. Read first!"
"the-pelican-brief","Book Wins","Legal Thriller","5.7","medium","3","high","The Pelican Brief Book vs Movie: Grisham's Gray Darby Gets Pakul…","65","TOO LONG","8.3","low","Pakula cast Julia Roberts and erased the moral compromises that made Darby Shaw dangerous. The book's conspiracy has teeth. Read first.","135","ok","3","The Pelican Brief Book vs Movie: Grisham's Gray Darby vs Roberts","8","Pakula cast Julia Roberts and erased the moral compromises that made Darby Shaw dangerous. The book's conspiracy has teeth. Read first.","3","The Pelican Brief: Book vs Movie — A Flawed Heroine vs Julia Roberts","9","Pakula cast Julia Roberts and erased the moral compromises that made Darby Shaw compelling. See how the book's conspiracy has significantly more teeth.","3","Pelican Brief Book vs Movie: Darby's Danger","8","Grisham's Darby bites; Roberts' film softens her. Read the book first!"
"the-secret-garden","Book Wins","Classic / Children's Literature","5.7","medium","3","high","The Secret Garden Book vs Movie: Burnett's Slow Healing vs Munde…","65","TOO LONG","8.3","low","Munden made a beautiful film. But recovery doesn't work at film speed. Burnett's repetitive pacing is the point. Read the book first.","133","ok","3","The Secret Garden Book vs Movie: Why Burnett's Pacing Wins","7","Munden's film is beautiful but rushes healing. Burnett's slow, repetitive pacing is the therapeutic point. Read first.","3","The Secret Garden: Book vs Movie (Why Slow Healing Matters)","10","The 2020 film is beautiful, but recovery can't be rushed. Burnett's slow, deliberate pacing is the point. See why the book's magic wins.","3","The Secret Garden Book vs Movie: Healing Pace","8","Munden's film is beautiful, but Burnett's slow healing wins in The Secret Garden. Which is better? Compare now!"
"the-three-body-problem","Book Wins","Science Fiction / Hard SF","5.7","medium","3","high","The Three-Body Problem Book vs Series: Netflix Turned Trauma Int…","65","TOO LONG","8.3","low","Liu's novel is shaped by the Cultural Revolution. The series treats it as exposition. Read the book first or you'll miss the philosophy.","136","ok","3","Three-Body Problem Book vs Series: Netflix Lost the Trauma","7","Liu's novel is shaped by Cultural Revolution trauma. Netflix treats it as backstory. Read first or miss the moral stakes.","3","Three-Body Problem: Book vs Netflix (Why the Trauma Matters)","10","The Netflix series treats the Cultural Revolution as backstory. In Liu's novel, it's the philosophical core. See why you must read the book.","3","Three-Body Problem Book vs Series: Trauma","8","Liu's Three-Body Problem is shaped by trauma; Netflix skims it. Which wins? Read the book first and compare!"
"the-witcher","Book Wins","Fantasy / Adventure","5.7","medium","3","high","The Last Wish Book vs Series: The Witcher: Sapkowski's Moral Cla…","65","TOO LONG","8.3","low","Cavill nails Geralt, but the show's fractured structure buries what makes the short stories work. Read The Last Wish first.","123","ok","3","The Last Wish Book vs Witcher Series: Moral Clarity Lost","7","Cavill nails Geralt but the show's timeline buries the moral clarity of Sapkowski's short stories. Read The Last Wish first.","3","The Witcher: Book vs Netflix (Why the Timelines Don't Work)","10","Henry Cavill is the perfect Geralt, but the show's confusing timelines bury the moral clarity of the short stories. See why you should read the book.","3","The Last Wish Book vs Series: Witcher Morals","8","Cavill's Geralt shines, but Sapkowski's moral clarity in The Last Wish wins. Which is better? Read and compare!"
"white-noise","Book Wins","Literary Fiction / Satire","5.7","medium","3","high","White Noise Book vs Movie: DeLillo's Language Is the Plot. Baumb…","65","TOO LONG","8.3","low","Baumbach nails the supermarket and the airborne toxic event. He can't film the prose style that makes them mean something. Read the book.","137","ok","3","White Noise Book vs Movie: DeLillo's Language Is the Plot","7","Baumbach nails the supermarket and toxic event but can't film DeLillo's prose style that makes them satirical. Read the book.","3","White Noise: Book vs Movie (Why the Language Is the Plot)","10","Baumbach's film nails the visuals, but DeLillo's novel isn't about events—it's about the language used to describe them. See why the book wins.","3","White Noise Book vs Movie: Prose Power","8","DeLillo's White Noise lives in prose; Baumbach can't film it. Which wins? Read the book first and compare!"
"wuthering-heights","Book Wins","Gothic Romance","5.7","medium","3","high","Wuthering Heights Book vs Movie: Brontë's Nesting Makes Heathcli…","65","TOO LONG","8.3","low","The novel withholds Heathcliff through Nelly and Lockwood. Film must show him directly. That structural choice is everything. Read first.","137","ok","3","Wuthering Heights Book vs Movie: Nesting Frames Change All","7","Brontë withholds Heathcliff through Nelly and Lockwood. Film must show him directly. That structural choice changes everything.","3","Wuthering Heights: Book vs Movie (Why Structure Is Key)","10","The book reveals Heathcliff through layers of narration. A film must show him directly. Find out why this structural change is everything & the book wins.","3","Wuthering Heights Book vs Movie: Structure","8","Brontë's Wuthering Heights hides Heathcliff through structure; film can't. Which wins? Read first and compare!"
"a-little-life","Book Wins","Literary Fiction / Drama","5.8","medium","3","high","A Little Life Book vs Movie: Yanagihara's 700 Pages Can't Fit in…","65","TOO LONG","8.7","low","Van Hove's film compresses what only works through accumulation. The novel's slow devastation becomes rushed suffering. Read the book.","134","ok","3","A Little Life Book vs Movie: 700 Pages Can't Compress","8","Van Hove's film rushes what only works through slow accumulation. Yanagihara's devastation needs 700 pages. Read the book.","3","A Little Life: Book vs Movie (Why The Devastation Fails)","10","The film compresses the novel's slow devastation into rushed suffering. We break down why the book wins & why its power is simply unfilmable.","3","A Little Life Book vs Movie: Depth vs Rush","8","Yanagihara's novel devastates slowly; the film rushes pain. Which wins? Read our in-depth analysis!"
"a-man-called-ove","Book Wins","Literary Fiction / Drama","5.8","medium","3","high","A Man Called Ove Book vs Movie: Without His Inner Voice, He's Ju…","65","TOO LONG","8.7","low","Hannes Holm's film captures the warmth. It can't capture the caustic brilliance that makes Ove more than a curmudgeon. Read the book first.","139","ok","3","A Man Called Ove Book vs Movie: His Inner Voice Wins","8","Holm's film captures warmth but loses Ove's caustic brilliance. Backman's inner voice makes him more than a curmudgeon. Read first.","3","A Man Called Ove: Book vs Movie (What The Film Misses)","10","The film captures Ove's warmth but loses the caustic inner voice that makes the book brilliant. We explain why the book wins and must be read first.","3","A Man Called Ove Book vs Movie: Voice Matters","8","Ove's inner voice shines in the book; the film lacks bite. Which wins? Check our full comparison!"
"american-gods","Book Wins","Fantasy / Drama","5.8","medium","3","high","American Gods Book vs Series: The Series Was Cancelled. The Book…","65","TOO LONG","8.7","low","Fuller's first season is visually stunning. Then the show collapsed and left Gaiman's mystery unfinished. Read the book—it actually ends.","137","ok","3","American Gods Book vs Series: The Show Died, The Book Lives","8","Fuller's first season is stunning. Then the show collapsed and left Gaiman's mystery unfinished. Read the book—it actually ends.","3","American Gods: Book vs Series (The Book Actually Finishes)","10","The series started with stunning visuals, then collapsed and was cancelled, leaving the story unfinished. We explain why you must read the book.","3","American Gods Book vs Series: Epic Ending","8","Gaiman's book finishes strong; the series flops. Which wins? Dive into our detailed review!"
"american-psycho","Book Wins","Psychological Thriller / Satire","5.8","medium","3","high","American Psycho Book vs Movie: Ellis's Bateman Is Unfilmable. Ha…","65","TOO LONG","8.7","low","The novel's violence and unreliable narration can't survive adaptation. Harron made a sharp satire instead. Read Ellis first—it's still radical.","144","ok","3","American Psycho Book vs Movie: Ellis's Bateman Is Unfilmable","8","Ellis's violence and unreliable narration can't survive adaptation. Harron made sharp satire instead. Read Ellis—it's still radical.","3","American Psycho: Book vs Movie (Why The Book Is Unfilmable)","9","The book's brutal, unreliable narration is unfilmable. The movie is a sharp satire. We break down the changes & why you must read the book first.","3","American Psycho Book vs Movie: Raw vs Sharp","9","Ellis's raw violence unfilmable; Harron's satire shines. Which wins? Read our analysis now!"
"breakfast-at-tiffanys","Too Close to Call","Literary Fiction / Romance","5.8","medium","3","high","Breakfast at Tiffany's Book vs Movie: Capote Lets Her Go. Hepbur…","65","TOO LONG","8.5","low","The novella ends with Holly vanished and unknowable. The film ends with a kiss in the rain. Both choices are perfect for what they are.","135","ok","3","Breakfast at Tiffany's: Capote Lets Her Go, Hepburn Stays","8","Capote's novella ends with Holly vanished and unknowable. The film ends with a kiss in the rain. Both perfect for what they are.","","","","","3","Breakfast at Tiffany's Book vs Movie: Endings","9","Capote's Holly vanishes; Hepburn's gets love. Which wins? Dive into our comparison now!"
"da-vinci-code","Book Wins","Thriller / Mystery","5.8","medium","3","high","The Da Vinci Code Book vs Movie: Brown's Cliffhangers Make It Un…","65","TOO LONG","8.5","low","Howard made a handsome film. Brown made a thriller you physically cannot stop reading. The book is an experience the movie just describes.","138","ok","3","Da Vinci Code Book vs Movie: Brown's Cliffhangers Are Unbeatable","8","Howard made a handsome film. Brown made a thriller you physically can't stop reading. The book is an experience. Read first.","","","","","3","Da Vinci Code Book vs Movie: Thrill vs Film","9","Brown's thriller grips; Howard's film just shows. Which wins? Dive into our analysis now!"
"pet-sematary-2019","Book Wins","Horror","5.8","medium","3","high","Pet Sematary Book vs Movie: King's Louis Creed Breaks Where the …","65","TOO LONG","8.7","low","The 2019 film is atmospheric and competent. It still can't show you a father's mind collapsing into monstrosity. Read King's book first.","136","ok","3","Pet Sematary Book vs Movie (2019): Louis's Mind Breaks on Page","7","The 2019 film is atmospheric but can't show a father's mind collapsing into monstrosity like King does. Book wins—read first.","3","Pet Sematary (2019) Book vs Movie: Why the Book is Scarier","10","Pet Sematary book vs movie (2019): The film is a competent horror, but it can't capture the psychological dread of a father's descent into madness. Read it.","3","Pet Sematary Book vs Movie: King's Horror Wins?","9","Pet Sematary book vs movie: King's mind-bending horror beats 2019 film. Which wins? Compare now!"
"rosemarys-baby","Too Close to Call","Horror / Psychological Thriller","5.8","medium","3","high","Rosemary's Baby Book vs Movie: Levin Makes You Doubt. Farrow Mak…","65","TOO LONG","8.7","low","The novel's first-person ambiguity can't be filmed. Polanski's suffocating visuals can't be written. Both are essential. Read first.","132","ok","3","Rosemary's Baby Book vs Movie: Doubt vs Suffocating Visuals","8","Levin's first-person ambiguity can't be filmed. Polanski's suffocating visuals can't be written. Both essential—read first.","3","Rosemary's Baby: Book vs Movie (Ambiguity vs. Visuals)","10","Rosemary's Baby book vs movie: The novel's ambiguity can't be filmed. The movie's visuals can't be written. We explain why both are horror masterpieces.","3","Rosemary's Baby: Book vs Movie Suspense","8","Rosemary's Baby book vs movie: Levin's doubt vs Polanski's visuals. Which wins? Compare now!"
"the-woman-in-the-window","Book Wins","Psychological Thriller","5.8","medium","3","high","The Woman in the Window Book vs Movie: Finn Makes You Complicit.…","65","TOO LONG","8.7","low","The novel's unreliable narrator traps you inside Anna's delusion. The film watches from outside. Read the book first—it's the only way in.","138","ok","3","Woman in the Window Book vs Movie: Finn Traps You Inside","7","Finn's unreliable narrator traps you inside Anna's delusion. The film watches from outside. Read first—it's the only way in.","3","Woman in the Window: Book vs Movie (Inside vs. Outside)","10","The novel traps you inside an unreliable narrator's mind. The film just watches her from a distance. Find out why this change matters & the book wins.","3","Woman in the Window Book vs Movie: Delusion","9","Finn's book traps you in Anna's delusion; the film stays outside. Which wins in Woman in the Window? Compare now!"
"all-the-light-we-cannot-see","Book Wins","Historical Fiction / War Drama","6","medium","3","high","All the Light Book vs Series: Doerr Makes You See Through Marie-…","65","TOO LONG","9","low","Netflix captured the plot. It can't capture the prose that turns blindness into a way of knowing the world. Read the book first.","128","ok","3","All the Light Book vs Series: Doerr's Prose Makes You See","8","Netflix captured the plot but not Doerr's prose that turns blindness into knowing. The book makes you see. Read first.","3","All the Light We Cannot See: Book vs Series (Why Netflix Fails)","10","Netflix's series captures the plot but misses the magic. Doerr's prose is the real star. We explain why the book wins and must be read first.","3","All the Light Book vs Series: Prose vs Plot","9","Doerr's prose redefines sight; Netflix misses depth. Which wins? Read our full analysis now!"
"along-came-a-spider","Book Wins","Crime Thriller","6","medium","3","high","Along Came a Spider Book vs Movie: Jezzie's Betrayal Only Works …","65","TOO LONG","9","low","Patterson's Jezzie twist devastates. The film turns her into a generic corrupt cop. Soneji's fractured mind? Gone. Read the book first.","135","ok","3","Along Came a Spider Book vs Movie: Jezzie's Twist Only Works Once","8","Patterson's Jezzie twist devastates. The film turns her generic and loses Soneji's fractured mind entirely. Read the book first.","3","Along Came a Spider: Book vs Movie (Why The Twist Failed)","10","The film turns Jezzie's devastating twist into a generic plot point & erases Soneji's mind. We explain all the changes & why the book wins.","3","Along Came a Spider Book vs Movie: Twist Shock","9","Patterson's twist stuns; the film flattens it. Which wins? Check our in-depth comparison now!"
"annihilation","Book Wins","Science Fiction / Horror","6","medium","3","high","Annihilation Book vs Movie: VanderMeer's Nameless Voice Is What …","65","TOO LONG","9","low","Garland made one of the most beautiful sci-fi films in years. He still can't replicate VanderMeer's unnamed narrator. Read the book first.","138","ok","3","Annihilation Book vs Movie: VanderMeer's Nameless Voice Wins","8","Garland made beautiful sci-fi but can't replicate VanderMeer's unnamed narrator. The voice is the mystery. Read the book first.","3","Annihilation: Book vs Movie (What The Film Couldn't Capture)","10","The film is a visual masterpiece, but it can't replicate the book's haunting, nameless narrator. We explain why the book wins & must be read first.","3","Annihilation Book vs Movie: Voice vs Visuals","9","VanderMeer's eerie voice wins; Garland's visuals stun. Which is better? Read our review now!"
"the-road","Book Wins","Literary Fiction / Post-Apocalyptic","6","medium","3","high","The Road Book vs Movie: McCarthy's Prose Enacts What Hillcoat Ca…","65","TOO LONG","9","low","Hillcoat made a faithful adaptation. It's still considerably lesser. The prose isn't decoration—it's the whole point. Read first.","129","ok","3","The Road Book vs Movie: Why McCarthy's Prose Wins","8","Hillcoat's film is faithful but lesser. McCarthy's prose isn't decoration—it's the point. Read the book first.","3","The Road: Book vs Movie (Why the Prose Can't Be Filmed)","10","Hillcoat's film is faithful, but can't capture the power of McCarthy's prose. We explain why the book's language is the point & why it wins.","3","The Road Book vs Movie: Prose vs Film Grit","9","Hillcoat's film is faithful, but McCarthy's prose is the soul of The Road. Which wins? Read first and compare with us!"
"the-shining","Book Wins","Horror / Psychological","6","medium","3","high","The Shining Book vs Movie: Kubrick's Jack Is Already Evil. King'…","65","TOO LONG","9","low","King wrote a tragedy about a good man destroyed. Kubrick made a horror film about a man who was always a monster. Read the book first.","134","ok","3","The Shining Book vs Movie: King's Tragedy vs Kubrick's Evil","8","King wrote tragedy about a good man destroyed. Kubrick made horror about a man always monstrous. Read the book first.","3","The Shining: Book vs Movie (Tragedy vs. Pure Horror)","10","King wrote a tragedy about a good man's descent into madness. Kubrick filmed a horror story about a monster. See why this key change matters.","3","The Shining Book vs Movie: Jack's True Evil","9","King's Shining is a tragic fall; Kubrick's Jack is pure evil. Which wins? Read the book first and compare with us!"
"verity","Book Wins","Psychological Thriller","6.2","medium","5.3","medium","Verity Book vs Movie: The Manuscript's Horror Only Works Unfilmed","65","TOO LONG","7","medium","Hoover's graphic passages create dread no studio will touch. Hathaway's restrained performance can't replicate what you imagine on the page.","140","ok","8","Verity Book vs Movie: The Manuscript Horror Can't Be Filmed","6","Hoover's graphic manuscript creates dread no studio will touch. Hathaway's performance can't match what you imagine. Read first.","5","Verity: Book vs Movie (Why It Can't Be Faithfully Filmed)","7","The book's shocking manuscript creates a dread that can't be filmed. Can the movie succeed? We explain why the book's version will always win.","3","Verity Book vs Movie: Unfilmed Horror","8","Hoover's Verity horrifies on the page; no film can match it. Which wins? Read the book first and compare with us!"
"ghost-world","Film Wins","Graphic Novel / Coming-of-Age","6.8","medium","6","medium","Ghost World Book vs Movie: Buscemi and Johansson Make Clowes Real","65","TOO LONG","7.7","low","Zwigoff cast the film so perfectly that Enid and Seymour feel more alive on screen than on the page. A rare case where actors deepen a comic.","141","ok","8","Ghost World Book vs Movie: Film Wins—Buscemi Makes Clowes Real","7","Zwigoff cast so perfectly that Enid and Seymour gain depth on screen. Rare case where actors deepen a comic. Watch first.","5","Ghost World: Book vs Movie (Why the Film Wins)","8","A rare case where the film wins. Zwigoff's perfect casting makes Enid and Seymour feel more alive than in the graphic novel. See our full analysis.","5","Ghost World Book vs Movie: Actors Bring Depth","8","Film's casting makes Enid real over comic. Rare win! Which is better? See our Ghost World comparison!"
"jaws","Film Wins","Thriller / Adventure","6.8","medium","6.3","medium","Jaws Book vs Movie: Spielberg's Restraint Beats Benchley's Pulp","63","TOO LONG","7.3","low","Jaws book vs movie: Spielberg made Benchley's B-movie premise mythic. Either order works — the film transcends the novel's pulp completely.","139","ok","9","Jaws Book vs Movie: Spielberg's Restraint Beats Benchley's Pulp","7","Spielberg made Benchley's B-movie premise mythic. The film fixes the book's soap opera subplots. Either order works.","5","Jaws Book vs Movie: How Spielberg's Film Beat the Book","7","Jaws book vs movie: Spielberg turned Benchley's pulp novel into a mythic masterpiece. We break down why the film is one of the rare cases that wins.","5","Jaws Book vs Movie: Spielberg's Myth Wins","8","Jaws: Spielberg's film outshines Benchley's pulp. Which wins? Watch or read first!"
"about-a-boy","Too Close to Call","Literary Fiction / Comedy","7","medium","6","medium","About a Boy Book vs Movie: Hornby Owns Marcus. Grant Owns Will.","63","TOO LONG","8","low","The novel gets inside Marcus's head in ways the film can't. The film gives Will a face Hornby never quite managed. Both are essential.","134","ok","9","About a Boy Book vs Movie: Hornby Owns Marcus, Grant Owns Will","7","Hornby gets inside Marcus's head. Grant gives Will the face Hornby couldn't. Both essential—read first for Marcus's voice.","5","About a Boy: Book vs Movie (Hornby's Marcus vs Grant's Will)","8","The novel owns Marcus's inner world, but the film gives Will the perfect face. We explain why both are essential & which you should start with.","4","About a Boy Book vs Movie: Marcus vs Will","9","Hornby's novel nails Marcus; the film perfects Will. Which wins? Read our comparison now!"
"no-country-for-old-men","Too Close to Call","Crime Thriller / Literary Fiction","7","medium","7","medium","No Country for Old Men Book vs Movie: McCarthy Meets the Coens","62","TOO LONG","7","medium","No Country for Old Men book vs movie: The Coens' restraint matches McCarthy's brutality perfectly. Either order works — both are devastating.","141","ok","9","No Country for Old Men Book vs Movie: McCarthy Meets the Coens","6","The Coens' restraint matches McCarthy's brutality perfectly. Both are devastating—the film honors the novel's nihilism. Either order works.","","","","","5","No Country Book vs Movie: Coens vs McCarthy","8","No Country: Coens’ film matches McCarthy’s brutality. Which wins? See both!"
"norwegian-wood","Too Close to Call","Literary Fiction / Romance","7.3","low","7.5","low","Norwegian Wood Book vs Movie: Murakami's Grief vs Hung's Visuals","64","TOO LONG","7","medium","Norwegian Wood book vs movie: Murakami's introspection meets Hung's lush cinematography. Either order works—the film honors mood over plot.","139","ok","10","Norwegian Wood Book vs Movie: Murakami's Grief vs Hung's Visuals","6","Murakami's introspection meets Hung's lush cinematography. The film honors the novel's melancholy without explaining it. Either order works.","","","","","5","Norwegian Wood Book vs Movie: Grief Battle","8","Norwegian Wood: Murakami’s grief vs Hung’s visuals. Which wins? Experience both!"
"outlander","Book Wins","Historical Fiction / Romance","7.5","low","6","medium","Outlander Book vs Series: You Never Hear Claire Think on Screen","63","TOO LONG","9","low","Balfe is perfect casting. But Gabaldon's first-person narration gives you Claire's mind in ways the series can't. Read the book first.","134","ok","9","Outlander Book vs Series: Claire's Mind vs Balfe's Face","8","Balfe is perfect, but Gabaldon's first-person narration gives you Claire's thoughts in ways TV can't. Book wins—read first.","5","Outlander Book vs Series: Why You Can't Hear Claire Think","10","Outlander book vs series: Caitríona Balfe is a perfect Claire, but the show loses her internal voice. We explain why the book's narration wins.","4","Outlander Book vs Series: Claire's Mind Missing?","9","Outlander book vs series: Gabaldon's Claire shines in text, not on screen. Which wins? Compare now!"
"the-godfather","Film Wins","Crime / Literary Fiction","7.5","low","6.3","medium","The Godfather Book vs Movie: Coppola Made Art From Puzo's Pulp","62","TOO LONG","8.7","low","Puzo wrote a bestseller. Coppola made a masterpiece. The novel is crime fiction. The film is American tragedy.","110","ok","9","The Godfather Book vs Movie: Coppola Made Art From Puzo's Pulp","9","Puzo wrote a bestseller. Coppola made a masterpiece. The novel is crime fiction. The film is American tragedy.","5","The Godfather: Book vs Movie — How Coppola Made Art From Pulp","8","Puzo wrote a bestseller. Coppola made an American tragedy. We break down the key changes that elevated a pulp novel into a cinematic masterpiece.","5","Godfather Book vs Movie: Coppola's Masterpiece","9","Puzo's pulp vs Coppola's tragic art. See why the film wins!"
"mickey-17","Book Wins","Science Fiction / Dark Comedy","7.8","low","7.5","low","Mickey 17 Book vs Movie: Ashton's Dread Lingers. Bong's Resolves.","65","TOO LONG","8","low","Joon-ho made a stunning film. It still can't hold the existential terror Ashton sustains in Mickey's head. Read the book first.","127","ok","10","Mickey 17 Book vs Movie: Ashton's Dread Lingers. Bong's Resolves.","8","Bong made a stunning film. It still can't hold the existential dread—what does it mean to be you?—Ashton sustains. Read first.","","","","","5","Mickey 17 Book vs Movie: Dread vs Resolve","8","Mickey 17: Ashton’s dread beats Bong’s film. Which wins? Read first!"
"misery","Too Close to Call","Horror / Thriller","7.8","low","9","low","Misery Book vs Movie: King's Axe vs Bates's Face — Both Win","59","ok","6.5","medium","The novel has Paul's terror and the full horror of the hobbling. The film has Kathy Bates. One of the rare ties where both versions are essential.","146","ok","9","Misery Book vs Movie: King's Axe vs Bates's Face — Both Win","6","The novel has Paul's terror and the full hobbling horror. The film has Kathy Bates's face. Both are essential—either order works.","","","","","9","Misery Book vs Movie: Axe vs Bates Wins","7","Misery: King’s terror and Bates’s face tie. Which wins? Experience both now!"
"normal-people","Too Close to Call","Literary Fiction / Romance","8","low","7.5","low","Normal People Book vs Series: Rooney's Silence vs. Mescal's Face","64","TOO LONG","8.5","low","The novel gives you what Connell can't say. The series gives you what he can't hide. Both are essential. Start with either.","123","ok","10","Normal People Book vs Series: Rooney's Silence vs. Mescal's Face","9","The novel gives you what Connell can't say. The series gives you what he can't hide on his face. Both essential—either order.","","","","","5","Normal People Book vs Series: Silence Wins","8","Normal People: Book’s silence vs series’ emotion. Which wins? Start anywhere!"
"shawshank-redemption","Film Wins","Literary Fiction / Drama","8","low","8.5","low","Shawshank Redemption Book vs Movie: Darabont Perfects King","58","ok","7.5","low","Shawshank Redemption book vs movie: King's novella is great, but Darabont's film is a masterpiece. Either order works—the film loses nothing.","141","ok","9","Shawshank Redemption Book vs Movie: Darabont Perfects King","7","King's novella is great, but Darabont's film is a masterpiece that loses nothing. Rare film win—watch first or either order works.","","","","","8","Shawshank Redemption: Book vs Movie Mastery","8","Shawshank book vs movie: Darabont's film perfects King's tale. Which wins? Compare now on our site!"
"enders-game","Book Wins","Science Fiction","8.8","low","8.3","low","Ender's Game Book vs Movie: The Novel Is Unfilmable","51","ok","9.3","low","Card's novel lives inside Ender's mind. The 2013 film can't follow. We break down the 5 biggest differences — and why the book wins decisively.","143","ok","6","Ender's Game Book vs Movie: Why Card's Mind Games Lost","8","Card's novel explores Ender's psychology deeply. The 2013 film rushes the strategy. 5 key differences show why the book wins decisively.","10","Ender's Game Book vs Movie: The Novel Is Unfilmable","10","Card's novel lives inside Ender's mind. The 2013 film can't follow. We break down the 5 biggest differences — and why the book wins decisively.","9","Ender's Game Book vs Movie: Mind vs Screen","10","Card's Ender's Game novel dives deep into Ender's mind, unlike the 2013 film. See the 5 key differences and why the book wins!"