filename,title,description,lastUpdated,reviewRating,bestRating,worstRating,itemReviewedName,itemReviewedAuthor,itemReviewedDatePublished,authorMeta,bookPublished,filmReleased,director,verdictBadge,verdictText,firstFaqQuestion,firstFaqAnswer
56-days.html,56 Days: Book vs Movie — Key Differences & Should You Read First?,56 Days: 2021 book by Catherine Ryan Howard adapted to film in 2026. A psychological thriller about a couple who meet just before the pandemic lockdown.,,5,5,3,56 Days,Catherine Ryan Howard,2021,Catherine Ryan Howard,2021,,Director,Book Wins,"Catherine Ryan Howard's 56 Days is a must-read psychological thriller that outshines its upcoming film adaptation. The novel's intricate character development, gradual build-up of tension, and gut-punch of an ending make it an essential read that the movie will struggle to match. For fans of the genre, the book is the definitive way to experience this twisty, unsettling tale.",,
a-beautiful-mind.html,A Beautiful Mind: Book vs Movie — Key Differences & Should You Read First?,"Sylvia Nasar's biography reveals Nash's bisexuality and darker struggles, while Ron Howard's film romanticizes his story with fictional characters and a redemptive arc.",2025-01-15,5,5,3,A Beautiful Mind,Sylvia Nasar,1998,Sylvia Nasar,1998,,Ron Howard,Too Close to Call,"Too Close to Call. Nasar's biography offers the full, complicated truth—Nash's bisexuality, his abandoned son, his decades of genuine suffering, and the messy reality of mental illness that doesn't resolve with a single breakthrough. Howard's film delivers a more emotionally satisfying arc, with Crowe's performance capturing the terror of losing your mind even as the script sanitizes the darker details. The book is essential for understanding who Nash actually was; the film is essential for feeling what it might have been like to be him.",Is the character William Parcher real?,"No. William Parcher, the CIA agent played by Ed Harris, is entirely fictional. The film invented this character to externalize Nash's delusions and create dramatic tension. In reality, Nash's hallucinations were more abstract and didn't involve elaborate government conspiracies."
a-knight-of-the-seven-kingdoms.html,A Knight of the Seven Kingdoms: Book vs TV Series — Martin vs HBO,George R.R. Martin's Dunk and Egg novellas vs HBO's 2025 series — Peter Claffey's hedge knight and Dexter Sol Ansell's secret prince in Westeros' warmest tale.,2025-01-15,4,5,3,A Knight of the Seven Kingdoms,George R.R. Martin,2015,George R.R. Martin,2015,,Various — HBO series,Too Close to Call,Martin wrote three novellas of warmth and adventure in a world usually defined by cynicism and death. HBO made a series that honours that spirit and expands it generously. The novellas are richer in prose and more precisely imagined. The series is more fully realised as a world. Read both. Watch both. A rare and genuine tie.,Do I need to read A Song of Ice and Fire before reading A Knight of the Seven Kingdoms?,"No. The Dunk and Egg novellas are set ninety years before Game of Thrones and work perfectly as standalone stories. You'll catch more references and understand the historical weight of certain names if you've read the main series, but Martin wrote these to be accessible to new readers."
a-little-life.html,A Little Life: Book vs Movie — Key Differences & Analysis,Hanya Yanagihara's devastating novel versus Ivo van Hove's 2022 stage-to-screen adaptation. Why the book's 700-page immersion in Jude's trauma outweighs the film's compressed narrative.,2025-01-15,4,5,3,A Little Life,Hanya Yanagihara,2015,Hanya Yanagihara,2015,2022,Ivo van Hove,Book Wins,"The book wins by a landslide. Yanagihara's novel is a masterwork of sustained emotional devastation, a 700-page argument that some wounds never heal but still deserve witness. The film is competent, occasionally moving, but it cannot compress decades of accumulated trauma into two hours without losing the very thing that makes the story unbearable—and essential. Read the book if you can withstand it; skip the film unless you need a reminder of why some stories belong on the page.",Is A Little Life movie as sad as the book?,"The film conveys the story's tragic arc, but Yanagihara's prose delivers a more sustained, visceral devastation. The book's 700 pages allow Jude's suffering to accumulate with relentless specificity—each self-harm episode, each flashback to Brother Luke's abuse, each failed attempt at intimacy with Willem compounds into something nearly unbearable. The film compresses this into two hours, which softens the cumulative weight even as individual scenes retain their power."
a-man-called-ove.html,A Man Called Ove: Book vs Movie — Key Differences & Should You Read First?,"Fredrik Backman's 2012 novel versus Hannes Holm's 2015 film: how Rolf Lassgård's Ove compares to the book's deeper backstory, and why the novel's emotional weight wins.",2025-01-15,4,5,3,A Man Called Ove,Fredrik Backman,2012,Fredrik Backman,2012,,Hannes Holm,Book Wins,"Backman's novel earns its emotional devastation through patient accumulation of detail—every flashback, every grumpy interaction, every failed suicide attempt builds toward an ending that feels inevitable and earned. Holm's film captures the warmth and humor but can't replicate the book's interiority. Read it for Ove's caustic inner voice; watch it for Lassgård's face doing the work that prose does on the page.",Is the A Man Called Ove movie faithful to the book?,"The 2015 Swedish film is remarkably faithful to Fredrik Backman's novel, preserving the core plot, characters, and tone. However, it condenses Ove's extensive backstory and simplifies some of the neighborhood relationships that give the book its emotional depth. Rolf Lassgård captures Ove's gruffness perfectly, but the film's 116-minute runtime can't match the novel's leisurely exploration of memory and grief."
a-walk-to-remember.html,A Walk to Remember: Book vs Movie — Key Differences & Should You Read First?,"Nicholas Sparks's 1999 novel vs Adam Shankman's 2002 film — Mandy Moore, Shane West, and why the book's small-town faith feels more earned on the page.",,4,5,3,A Walk to Remember,Nicholas Sparks,1999,Nicholas Sparks,1999,2002,Adam Shankman,Book Wins,"Sparks's novel is a quiet, faith-forward love story told by an older man looking back at formative loss — and that retrospective distance is the whole point. Shankman's film is warmer, more accessible, and emotionally generous in its own right. The book earns its emotion through structure and restraint. The film earns it through Mandy Moore. Both are worth your time; the book leaves the longer mark.",,
about-a-boy.html,About a Boy: Book vs Movie — Key Differences & Should You Read First?,Nick Hornby's 1998 novel vs the Weitz brothers' 2002 film starring Hugh Grant and Nicholas Hoult — one of the most faithful literary adaptations of its era.,2026-01-15,4,5,3,About a Boy,Nick Hornby,1998,Nick Hornby,1998,2002,Chris & Paul Weitz,Too Close to Call,"Hornby wrote a novel of considerable warmth and comic precision about two people who save each other without intending to. The Weitz brothers made a film that is almost as good — faithful to the spirit, well-cast, and genuinely funny. Hugh Grant has never been better used, and Nicholas Hoult announced himself as an actor to watch. This is one of the closer calls on the site. Read the novel for Hornby's prose and Marcus's full strangeness. Watch the film for Grant's performance and the Weitz brothers' affection for the source. Both versions understand that no man is an island — but some of us need a twelve-year-old to point that out.",Is the About a Boy movie faithful to the book?,"Yes, remarkably so. The Weitz brothers preserved the dual narration structure, the core character dynamics, and Hornby's tonal balance between comedy and genuine emotion. Hugh Grant's performance captures Will Freeman exactly as written, and the screenplay retains most of the novel's key scenes and dialogue."
all-quiet-on-the-western-front.html,All Quiet on the Western Front: Book vs Movie — Key Differences & Should You Read First?,"Erich Maria Remarque's 1929 novel vs Edward Berger's 2022 film — Paul Bäumer, the Western Front, and why the German-language adaptation finally gives the book the film it deserves.",,5,5,3,All Quiet on the Western Front,Erich Maria Remarque,1929,Erich Maria Remarque,1929,2022,Edward Berger,Too Close to Call,"Remarque's novel is one of the essential anti-war texts of the twentieth century — intimate, furious, and narrated by a young man watching his generation disappear. Berger's film is the most complete screen realisation of this material yet made: formally bold, authentically German, and willing to push the novel's argument further than Remarque did. The book gives you Paul's voice; the film gives you the war's scale. Too close to call — both are essential.",,
all-the-light-we-cannot-see.html,All the Light We Cannot See: Book vs Series — Key Differences & Should You Read First?,Anthony Doerr's Pulitzer-winning novel vs. the Netflix series. Discover the book's profound prose and the series' faithful adaptation. Which one captures the heart of the story?,,5,5,3,All the Light We Cannot See,Anthony Doerr,2014,Anthony Doerr,2014,,Shawn Levy,Book Wins,"Doerr's Pulitzer winner is a prose achievement — a decade of work producing sentences that make a blind girl's experience of occupied France feel simultaneously intimate and vast. Netflix's series is a competent, well-intentioned adaptation anchored by Loberti's extraordinary casting, that dramatises the plot and cannot carry the language. The book wins decisively. The series is worth watching for Loberti; the book is worth reading for everything else.",,
along-came-a-spider.html,Along Came a Spider: Book vs Movie — Key Differences & Should You Read First?,James Patterson's 1993 thriller Along Came a Spider becomes a 2001 Morgan Freeman vehicle that trades Gary Soneji's chilling psychology for generic action beats.,2025-01-15,4,5,3,Along Came a Spider,James Patterson,1993,James Patterson,1993,2001,Lee Tamahori,Book Wins,"Patterson's novel is a psychological thriller about betrayal and obsession; Tamahori's film is a competent but forgettable detective story. Freeman elevates mediocre material, but he can't restore the Jezzie twist or Soneji's complexity. Read the book for the story Patterson intended; watch the movie only for Freeman's gravitas in a role that deserved better writing.",Is the Along Came a Spider movie faithful to the book?,"No. The film simplifies Gary Soneji's character, removes the Jezzie Flanagan romance subplot entirely, and invents a new conspiracy angle involving Secret Service corruption that doesn't exist in Patterson's novel. The book's psychological depth is traded for action sequences."
american-gods.html,American Gods: Book vs Series — Key Differences & Should You Read First?,"Neil Gaiman's 2001 novel vs Bryan Fuller's 2017 Starz series — Shadow Moon, Mr. Wednesday, and why the book's road-trip mythology is richer than any series could fully contain.",,5,5,3,American Gods,Neil Gaiman,2001,Neil Gaiman,2001,,Bryan Fuller,Book Wins,"Gaiman's novel is complete, mythologically dense, and one of the finest fantasy novels of the 2000s. Fuller's first season is visually extraordinary and anchored by Ian McShane's definitive Wednesday. The series then lost its way across two further seasons and was cancelled unresolved. The book wins on every dimension that matters: craft, completeness, and the specific pleasure of a road trip through mythological America conducted at the pace prose allows. Read first.",,
american-psycho.html,American Psycho: Book vs Movie — Bret Easton Ellis vs Mary Harron,"Bret Easton Ellis's controversial 1991 novel vs Mary Harron's 2000 film — Patrick Bateman, Wall Street satire, and what the book does that no film can replicate.",2025-01-15,5,5,3,American Psycho,Bret Easton Ellis,1991,Bret Easton Ellis,1991,2000,Mary Harron,Book Wins,"Ellis wrote a work that is still controversial and still formally radical. Harron made one of the sharpest satires in American cinema. The novel is more ambitious and more disturbing. The film has Bale, which is its own complete argument. Read the book. Watch the film. Both are essential.",Is the movie as violent as the book?,"No. Ellis's novel contains extended, graphic descriptions of torture and murder that are deliberately nauseating. Harron's film shows violence but exercises restraint — the chainsaw scene, for instance, is more suggested than shown. The film is disturbing but watchable; the book is designed to be almost unbearable."
animal-farm.html,Animal Farm: Book vs Movie — George Orwell vs Andy Serkis,"George Orwell's 1945 political fable versus Andy Serkis's 2025 Netflix adaptation — how the pigs, propaganda, and Boxer translate from page to screen.",2025-01-15,5,5,3,Animal Farm,George Orwell,1945,George Orwell,1945,2025,Andy Serkis,Book Wins,"Orwell wrote one of the essential political texts of the twentieth century in the form of a children's fable. Serkis made a sincere, visually accomplished adaptation that updates the allegory for a new moment. The novella is irreplaceable. The film is a worthwhile companion. Read the book — it takes an evening and lasts a lifetime.",Is the 2025 Animal Farm movie faithful to the book?,"Yes, structurally. Serkis preserves the major plot points, characters, and the allegorical framework. The differences are tonal — the film broadens the allegory from Soviet-specific to general authoritarianism, and expands scenes that Orwell handled in a sentence. The ending and Boxer's fate remain intact."
annihilation.html,Annihilation: Book vs Movie — Key Differences & Should You Read First?,"Jeff VanderMeer's 2014 novel vs Alex Garland's 2018 film — Area X, the biologist, Natalie Portman, and why the book's deliberate unknowability is its greatest achievement.",,5,5,3,Annihilation,Jeff VanderMeer,2014,Jeff VanderMeer,2014,2018,Alex Garland,Book Wins,"VanderMeer's novel is a masterwork of accumulative dread — strange, precise, and committed to a level of unknowability that film struggles to sustain. Garland's adaptation is one of the most visually extraordinary science fiction films of its decade, and its honesty about being an adaptation of memory rather than text makes it genuinely unusual. The book is richer and more disturbing. The film is more beautiful. Read first; watch immediately after.",,
atonement.html,Atonement Book vs Movie: McEwan vs Joe Wright,"Ian McEwan's 2001 novel versus Joe Wright's 2007 film starring Keira Knightley and James McAvoy. The Dunkirk sequence is cinema perfection, but the book's metafictional ending changes everything.",2025-01-15,5,5,3,Atonement,Ian McEwan,2001,Ian McEwan,2001,2007,Joe Wright,Book Wins,"Joe Wright made one of the most beautiful films of the 2000s and it still can't do what McEwan does. The Dunkirk tracking shot is cinema at its finest — something the novel cannot replicate. Knightley and McAvoy make the romance more visceral than the page does. But the novel's ending is a piece of writing that changes the meaning of everything that precedes it, and no film can quite reproduce that experience of retrospective reinterpretation. See the film. Read the book. The book will haunt you longer.",Is the Atonement movie faithful to the book?,"The film follows the novel's plot closely through the first three sections, but the metafictional ending — where elderly Briony reveals the happy ending is her invention — loses much of its power in translation. The novel's final fifty pages recontextualize everything; the film's Vanessa Redgrave coda delivers the same information but not the same experience of retrospective reinterpretation."
ballad-of-a-small-player.html,Ballad of a Small Player: Book vs Movie — Key Differences & Should You Read First?,"A book-to-movie adaptation of Lawrence Osborne's 2014 literary fiction drama, directed in 2026.",,5,5,3,Ballad of a Small Player,Lawrence Osborne,2014,Lawrence Osborne,2014,,Director,Book Wins,"The book version of Ballad of a Small Player is the superior version, offering a richer, more compelling exploration of its themes.",,
band-of-brothers.html,Band of Brothers: Book vs Series — Key Differences & Should You Read First?,"Stephen Ambrose's 1992 history vs Spielberg and Hanks's 2001 HBO miniseries — Easy Company, Dick Winters, and one of the great book-to-screen adaptations ever made.",,4,5,3,Band of Brothers,Stephen E. Ambrose,1992,Stephen E. Ambrose,1992,,,Too Close to Call,"Ambrose wrote a work of military history built from the voices of the men who were there — precise, respectful, and occasionally dry. Spielberg and Hanks made a ten-hour miniseries that is the finest television depiction of combat ever produced. The book is the historical record. The series is that record transformed into something that makes you feel the weight of what these men did. Read the book. Watch the series. Do both before you do anything else.",,
beloved.html,Beloved: Book vs Movie — Toni Morrison vs Jonathan Demme,Toni Morrison's Pulitzer Prize-winning novel vs Jonathan Demme's 1998 film — why Morrison's prose is the whole work and what the film couldn't carry.,2025-01-15,5,5,3,Beloved,Toni Morrison,1987,Toni Morrison,1987,1998,Jonathan Demme,Book Wins,"Morrison wrote a novel that cannot be adapted without losing what makes it what it is. Demme made the most faithful film that could be made, and it's still a considerable distance from the source. The novel is one of the great works of American literature; the film is a noble failure that proves some books belong only to the page.",Is the Beloved movie faithful to the book?,"The film follows Morrison's plot closely and preserves major scenes, including the infanticide flashback and Beloved's arrival. But Morrison's non-linear prose style — the novel's defining feature — cannot be translated to conventional film narrative. The film is faithful in event but not in experience."
big-fish.html,Big Fish: Book vs Movie — Key Differences & Should You Read First?,"Daniel Wallace's 1998 novel vs Tim Burton's 2003 film — Edward Bloom, the tall tales, and a rare case where Burton's visual imagination genuinely serves the source.",,4,5,3,Big Fish,Daniel Wallace,1998,Daniel Wallace,1998,2003,Tim Burton,Too Close to Call,"Wallace wrote a spare, melancholy novel about a son trying to know his father through stories. Burton made a visually extravagant film that is more emotionally generous and more immediately moving. One of the rare cases where the film's excess genuinely serves the material. Read the novel for the gaps. See the film for the daffodils. This is a genuine tie between two works that illuminate each other beautifully.",,
big-little-lies-hbo.html,Big Little Lies: Book vs Series — Key Differences & Should You Read First?,"Liane Moriarty's 2014 novel vs Jean-Marc Vallée's 2017 HBO series — Madeline, Celeste, Jane, Reese Witherspoon, Nicole Kidman, and a rare case where the adaptation matches its source beat for beat.",2025-01-15,5,5,3,Big Little Lies,Liane Moriarty,2014,Liane Moriarty,2014,,Jean-Marc Vallée,Too Close to Call,"Moriarty's novel is funnier and more Australian than the series, with a sustained comic voice that the adaptation can't quite match. Vallée's series is more visually stunning and contains Nicole Kidman's finest screen work, deepening the novel's portrayal of domestic violence into something more visceral. This is one of the most genuinely competitive contests on this site — the series doesn't so much adapt the novel as transpose it into a different key, equally valid. Too close to call. Experience both.",Is the Big Little Lies series faithful to the book?,"Remarkably so. The series relocates the story from Sydney to Monterey and expands certain storylines, but the core narrative, character dynamics, and tonal balance remain intact. The major plot points, including the trivia night climax and Celeste's domestic violence storyline, are preserved with care. This is one of the most faithful adaptations of a contemporary novel in recent television."
breakfast-at-tiffanys.html,Breakfast at Tiffany's: Book vs Movie — Key Differences & Should You Read First?,Truman Capote's melancholic novella becomes Audrey Hepburn's glamorous romance. The 1961 film softens Holly Golightly's darker edges and adds a Hollywood ending.,2025-01-15,5,5,3,Breakfast at Tiffany's,Truman Capote,1958,Truman Capote,1958,,Blake Edwards,Too Close to Call,"Too Close to Call. Capote's novella is the superior work of literature—sharper, sadder, and more honest about Holly's desperation. But Hepburn's performance and Mancini's score created a cultural icon that transcends the source material. The book gives you the truth; the film gives you the dream. Both are worth experiencing, but they're telling different stories about the same woman.",Did Truman Capote approve of Audrey Hepburn as Holly Golightly?,"No. Capote wanted Marilyn Monroe for the role and was deeply disappointed when Hepburn was cast. He felt Hepburn was too refined and elegant to capture Holly's raw, unpolished sexuality and vulnerability. After seeing the film, he remained critical of the casting choice, though he acknowledged Hepburn's performance was charming in its own right."
bridgerton.html,Bridgerton: Book vs Series — Key Differences & Should You Read First?,"Julia Quinn's 2000 novel vs Shonda Rhimes's 2020 Netflix series — Simon, Daphne, Lady Whistledown, and what the show adds that the book never imagined.",,4,5,3,The Duke and I,Julia Quinn,2000,Julia Quinn,2000,,,Book Wins,"Quinn's novel is a smart, witty Regency romance with a central conflict that still generates argument. Rhimes's series is lavish, joyful, and confident — it adds Lady Whistledown as a sustained narrative engine and reimagines the world with a boldness Quinn never attempted. The book is the more formally precise experience; the series is the more fun one. Book wins on craft; series wins on pleasure. Worth having both.",,
brooklyn.html,Brooklyn: Book vs Movie — Tóibín vs John Crowley,Colm Tóibín's restrained 2009 novel versus John Crowley's 2015 film starring Saoirse Ronan — why Eilis's interiority makes the book irreplaceable.,2025-01-15,4,5,3,Brooklyn,Colm Tóibín,2009,Colm Tóibín,2009,2015,John Crowley,Book Wins,"Crowley made a beautiful, faithful film that Tóibín himself has praised. It's still a lesser work than the novel, because the novel's meaning lives in the gap between what Eilis feels and what she says. Read the book. See the film for Ronan. The novel is the one that stays with you.",Is the Brooklyn movie faithful to the book?,"Yes, Nick Hornby's screenplay follows Tóibín's plot closely and preserves the novel's key scenes. The difference is tonal — the film makes Eilis's emotions more visible, while the novel withholds them beneath restrained prose. Both tell the same story, but the book's method is what makes it distinctive."
calendar.html,Upcoming Book Adaptations 2026 & 2027 — BooksVersusMovies,"Every major book-to-screen adaptation coming in 2026 and 2027 — films, streaming series, and miniseries. With links to our full book vs movie comparisons.",,,,,,,,,,,,,,,
catch-22.html,Catch-22: Book vs Movie — Key Differences & Should You Read First?,"Joseph Heller's 1961 novel vs Mike Nichols's 1970 film and the 2019 Hulu series — Yossarian, the logic of war, and why the novel's fractured structure is irreplaceable.",,5,5,3,Catch-22,Joseph Heller,1961,Joseph Heller,1961,1970,Mike Nichols,Book Wins,"Heller wrote a novel whose anti-logic is the anti-logic of war itself — circular, self-defeating, darkly funny, and finally devastating. Nichols's film is a faithful collection of the novel's scenes without its accumulative effect. The 2019 Hulu series gets considerably closer. The novel remains irreplaceable. Read it. Then watch Clooney's series. The 1970 film is for completists.",,
catch-me-if-you-can.html,Catch Me If You Can: Book vs Movie — Key Differences & Should You Read First?,Frank Abagnale's memoir versus Spielberg's glossy film: which version of Catch Me If You Can better captures the con artist's exploits with DiCaprio and Hanks?,2025-01-15,4,5,3,Catch Me If You Can,Frank Abagnale,1980,Frank Abagnale,1980,,Steven Spielberg,Too Close to Call,"The book is a con man's confession, methodical and unrepentant. The film is Spielberg's warmest caper, a story about fathers and sons wrapped in a glossy 1960s package. Both are excellent at what they do—Abagnale's memoir teaches you how fraud works, Spielberg's film makes you care why it happened.",How accurate is the Catch Me If You Can movie?,"Spielberg's film takes significant creative liberties with Abagnale's memoir. The emotional father-son dynamic between Frank and his parents is heavily dramatized, and the Christmas Eve meetings between Frank and Carl Hanratty are entirely fictional. The film compresses timelines and glamorizes many of Frank's cons, while the book presents a more matter-of-fact account of his criminal activities."
cold-mountain.html,Cold Mountain: Book vs Movie — Frazier vs Anthony Minghella,"Charles Frazier's National Book Award-winning novel vs Anthony Minghella's 2003 film — Inman's odyssey, Ada's survival, and why the prose is the journey.",2025-01-15,5,5,3,Cold Mountain,Charles Frazier,1997,Charles Frazier,1997,2003,Anthony Minghella,Book Wins,"Minghella made a beautiful, well-intentioned adaptation that the novel substantially outweighs. The book offers philosophical depth and linguistic richness the film cannot match. The film offers Zellweger's Ruby and Gleeson's fiddle. Read the novel for the journey, see the film for the performances, and understand that some books resist adaptation not because they're badly written but because the prose itself is the point.",Is the Cold Mountain movie faithful to the book?,"The film preserves the novel's episodic structure and major plot points, including Inman's desertion, his journey home, and Ada's transformation with Ruby's help. However, it compresses many episodes and loses the philosophical interiority that defines Frazier's prose. The film is faithful in outline but not in texture."
contact.html,Contact: Book (1985) vs. Movie (1997) | BooksVersusMovies.com,"Carl Sagan's 1985 novel vs Robert Zemeckis's 1997 film — Ellie Arroway, Jodie Foster, the Message, and one of the rare cases where science fiction film and novel are equally essential.",,5,5,3,Contact,Carl Sagan,1985,Carl Sagan,1985,1997,Robert Zemeckis,Too Close to Call,"Sagan's novel is more expansive, more scientifically rigorous, and ends with one of science fiction's great final pages. Zemeckis's film is one of the most faithful major adaptations of a science fiction novel, anchored by Foster at her finest, and gives up Sagan's ending for something more immediately moving. Too close to call — but read the book for the ending. It will change the film when you watch it after.",,
da-vinci-code.html,The Da Vinci Code: Book vs Movie — Dan Brown vs Ron Howard,Dan Brown's puzzle-box thriller versus Ron Howard's 2006 adaptation with Tom Hanks. The book's page-turning mechanism doesn't survive the screen translation.,2025-01-15,5,5,3,The Da Vinci Code,Dan Brown,2003,Dan Brown,2003,2006,Ron Howard,Book Wins,"Brown wrote the perfect thriller mechanism — impossible to put down, impossible to defend literarily, and entirely effective at what it does. Howard made a handsome, competent film that loses the mechanism. Read the book for the experience. See the film if you want to see the locations. They are different pleasures, and only one of them justifies the cultural phenomenon.",Is The Da Vinci Code movie faithful to the book?,"The film follows the novel's plot closely, preserving most major scenes and the core mystery. However, it loses the book's puzzle-solving momentum and the sense of racing through clues alongside Langdon. The structure is faithful; the experience is not."
daisy-jones-and-the-six.html,Daisy Jones & The Six: Book vs Series — Key Differences & Should You Read First?,"Taylor Jenkins Reid's 2019 novel vs Will Graham's 2023 Amazon series — the oral history format, Riley Keough, Sam Claflin, and why the book's form is its greatest achievement.",,5,5,3,Daisy Jones & The Six,Taylor Jenkins Reid,2019,Taylor Jenkins Reid,2019,,Will Graham,Book Wins,"Reid's oral history format is her finest formal achievement — a novel that makes you feel like an archaeologist piecing together a lost era from contradictory testimony. The series is handsome, well-performed, and genuinely committed to its music, but it converts the book's ingenious structure into conventional drama. The actual Aurora album is the adaptation's trump card. The novel's form is the book's. Read first.",,
dark-matter.html,Dark Matter: Book vs TV Series — Blake Crouch vs Apple TV+,Blake Crouch's 2016 multiverse thriller vs his own Apple TV+ adaptation starring Joel Edgerton and Jennifer Connelly — a rare case where author and showrunner are the same person.,2025-01-15,4,5,3,Dark Matter,Blake Crouch,2016,Blake Crouch,2016,,Blake Crouch (showrunner),Too Close to Call,"Crouch wrote one of the most propulsive science fiction thrillers of the decade. Then he adapted it himself and made something that is genuinely competitive with the source — richer in some dimensions, less purely kinetic in others. Read the novel for the experience of being unable to stop. Watch the series for Edgerton. Both are worth your time.",Is the Dark Matter TV series faithful to the book?,"Yes, remarkably so. Blake Crouch adapted his own novel and preserved the core plot, characters, and themes. The series expands certain sequences and gives secondary characters more development, but the fundamental story of Jason Dessen's journey through the multiverse remains intact. Crouch has said the adaptation allowed him to explore dimensions the novel's pace couldn't accommodate."
devil-wears-prada.html,The Devil Wears Prada Book vs Movie 2026: Should You Read First?,Lauren Weisberger's sharp satire vs David Frankel's sequel film with Meryl Streep. The novel is funnier and less forgiving—read it first to see what was softened.,2026-01-15,5,5,3,The Devil Wears Prada,Lauren Weisberger,2003,Lauren Weisberger,2003,2026,David Frankel,Book Wins,"The novel is sharper, funnier, and less forgiving than either film. The sequel has Meryl Streep, which is its own argument. Read the book first, see the 2006 film if you haven't, then watch the sequel with a clear sense of how far both Andy and Miranda have travelled from where Weisberger left them.",Is the Devil Wears Prada sequel based on the second book?,"The 2026 sequel film draws loosely on Revenge Wears Prada (2013) but tells an original story. Andy returns to Runway and Miranda navigates the collapse of print media, but the plot diverges significantly from Weisberger's sequel novel. Readers of the book will recognize themes but not the narrative."
divergent.html,Divergent: Book vs Movie — Veronica Roth vs Neil Burger,"Veronica Roth's morally complex YA dystopia meets Neil Burger's 2014 film. Shailene Woodley excels, but Tris's interiority and the faction system lose depth.",2025-01-15,5,5,3,Divergent,Veronica Roth,2011,Veronica Roth,2011,2014,Neil Burger,Book Wins,"Roth wrote a YA dystopian novel with more moral seriousness than the genre usually delivers. Burger made a competent, well-cast adaptation that loses the seriousness in pursuit of pace. Woodley is excellent. The novel is better. If you start the film series, finish the story in the books — the films didn't get there.",Is the Divergent movie faithful to the book?,"The film follows the novel's plot structure closely and hits all major story beats. However, it compresses Tris's internal moral conflict and the Dauntless training sequences, losing much of the psychological pressure that defines the book. The faction system's critique is clearer in Roth's version."
doctor-sleep.html,Doctor Sleep: Book vs Movie — Key Differences & Should You Read First?,"Stephen King's 2013 sequel vs Mike Flanagan's 2019 film — Danny Torrance, the True Knot, Ewan McGregor, and how Flanagan reconciled King's sequel with Kubrick's film.",,4,5,3,Doctor Sleep,Stephen King,2013,Stephen King,2013,2019,Mike Flanagan,Book Wins,"King's novel is a generous, emotionally grounded horror about recovery and the long shadow of childhood trauma — richer in its treatment of Danny's alcoholism and Abra's world than any film can be in two and a half hours. Flanagan's film is the most ambitious King adaptation on this site — simultaneously faithful to King's novel and respectful of Kubrick's film, anchored by Ferguson's extraordinary Rose. The book is the more complete experience. The film is the more spectacular one. Both are worth your time.",,
dracula.html,Dracula: Book vs Movie — Key Differences & Should You Read First?,"Bram Stoker's 1897 novel vs Francis Ford Coppola's 1992 film. Discover key differences, author details, release dates, and which version reigns supreme.",,5,5,3,Dracula,Bram Stoker,1897,Bram Stoker,1897,1992,Francis Ford Coppola,Book Wins,"Stoker wrote a novel of remarkable formal sophistication that creates horror through accumulation, indirection, and the terror of the partially glimpsed. Coppola made a gorgeous, operatic film that trades the novel's restraint for spectacle and the novel's predator for a tragic lover. Both are essential Dracula experiences. The novel is stranger and more frightening. Read it first. See the film for Oldman, who is magnificent even when the film is wrong about what Dracula is.",,
dune-improved.html,Dune Book vs Movie 2021–2024: Key Differences & Should You Read First?,"Frank Herbert's 1965 novel vs Denis Villeneuve's 2021–2024 films — Paul's interiority, Chani's arc, the ending's moral weight, and why the book still wins. Spoiler-free guide.",,5,5,3,Dune,Frank Herbert,1965,Frank Herbert,1965,,Denis Villeneuve,Book Wins,"Villeneuve's adaptation is one of the best science fiction films ever made — and it still can't do what Herbert does. The book is an argument about power and prophecy that the films can only gesture toward. See the films. Then read the novel and notice everything they had to leave out. The book wins, but this is one of the rare cases where both versions are genuinely essential.",Should I read Dune before watching the movie?,"Yes — but know it's a demanding read. The first hundred pages prioritise world-building over plot momentum. Push through and the payoff is enormous. The films make the story immediately accessible but soften exactly the elements that make the book essential: Paul's complicity, the manufactured religion, the moral warning buried in the adventure."
dune-messiah.html,Dune Messiah: Book vs Movie — Key Differences & Should You Read First?,"Dive into the epic sci-fi world of Frank Herbert's Dune Messiah, comparing the 1969 book to the 2026 film adaptation directed by Denis Villeneuve. Discover the key differences and decide if you should read the book first.",,4,5,3,Dune Messiah,Frank Herbert,1969,Frank Herbert,1969,,Denis Villeneuve,Too Close to Call,"Frank Herbert's sci-fi epic Dune Messiah gets a faithful film adaptation from director Denis Villeneuve, making it a tough call on whether to read the book first. Both versions offer a rich and thought-provoking exploration of power, prophecy, and the human condition.",,
dune.html,Dune Book vs Movie: Key Differences & Should You Read First,"Frank Herbert's 1965 novel vs Denis Villeneuve's 2021–2024 films — Paul's interiority, Chani's skepticism, and the Bene Gesserit's manipulation.",2025-01-15,5,5,3,Dune,Frank Herbert,1965,Frank Herbert,1965,,Denis Villeneuve,Book Wins,Villeneuve's adaptation is one of the best science fiction films ever made — and it still can't do what Herbert does. The book is an argument about power and prophecy that the films can only gesture toward. See the films for the spectacle and the performances. Then read the novel and notice everything they had to leave out.,Is the Dune movie faithful to the book?,"Villeneuve's films are remarkably faithful to the plot and world of Herbert's novel, but they soften the book's most uncomfortable elements. Paul's complicity in manipulating the Fremen is less explicit, and the full horror of his prescient visions is muted. The films are reverent adaptations that preserve the story's architecture while adjusting its moral weight."
east-of-eden.html,East of Eden: Book vs Movie — Key Differences & Should You Read First?,"An adaptation of John Steinbeck's 1952 literary classic, East of Eden, is slated for a 2026 release. This page explores the key differences between the book and the upcoming film directed by .",,4,5,3,East of Eden,John Steinbeck,1952,John Steinbeck,1952,,Director,Too Close to Call,"With the high bar set by the acclaimed 1952 novel, the upcoming film adaptation of East of Eden faces a significant challenge in doing justice to Steinbeck's literary masterpiece. While the filmmakers will undoubtedly bring their own creative vision to the story, the depth and complexity of the original work may prove difficult to fully translate to the screen. As a result, the verdict is Too Close to Call, with the book and the film both offering unique and compelling perspectives on this enduring tale of family, morality, and the human condition.",,
eat-pray-love.html,Eat Pray Love: Book vs Movie — Elizabeth Gilbert vs Ryan Murphy,Elizabeth Gilbert's 2006 memoir vs Ryan Murphy's 2010 film with Julia Roberts — why the book's voice and interiority make it the richer experience.,2025-01-15,5,5,3,Eat Pray Love,Elizabeth Gilbert,2006,Elizabeth Gilbert,2006,2010,Ryan Murphy,Book Wins,"Gilbert wrote a memoir of genuine wit and intellectual engagement. Murphy made a handsome film of the prettiest parts of it. The book is richer, funnier, and more honest; the film is a pleasant way to spend two hours in Italy, India, and Bali with Julia Roberts. Read the book first — it's the voice you'll remember.",Is the Eat Pray Love movie faithful to the book?,"The film follows Gilbert's geographical journey through Italy, India, and Bali, but it cannot replicate the memoir's voice, intellectual depth, or self-examination. The film is faithful to the itinerary but not to the experience."
enders-game-film.html,Ender's Game: Book vs Movie — Key Differences & Should You Read First?,"Orson Scott Card's 1985 novel vs Gavin Hood's 2013 film — Ender Wiggin, the Battle Room, Asa Butterfield, and why the book's psychological depth is what the film can't carry.",,4,5,3,Ender's Game,Orson Scott Card,1985,Orson Scott Card,1985,2013,Gavin Hood,Book Wins,"Card's novel is a masterclass in psychological interiority — a child's mind under systematic pressure, observed from the inside across years. Hood's film is competent, visually inventive in the Battle Room, and empty at the centre. Everything the novel does that matters — the duration, the isolation, the moral horror of the ending — requires the reader's sustained presence inside Ender's head. The film cannot go there. Read the book.",,
enders-game.html,Ender's Game: Book vs Movie — Orson Scott Card vs Gavin Hood,Orson Scott Card's 1985 novel vs Gavin Hood's 2013 film — Ender Wiggin's psychological depth is lost when Battle School's years become weeks on screen.,2025-01-15,5,5,3,Ender's Game,Orson Scott Card,1985,Orson Scott Card,1985,2013,Gavin Hood,Book Wins,"Card wrote one of science fiction's masterworks — a novel about strategy, childhood, and moral responsibility that rewards every reading. Hood made a competent film that proves the novel is essentially unfilmable in two hours. Read the book. See the film only if you want pictures to go with the story. The novel is the thing.",Is the Ender's Game movie faithful to the book?,"The film follows the novel's plot structure but loses the psychological interiority that makes the book work. Asa Butterfield's Ender wins the same battles, but without Card's access to Ender's thoughts, the victories feel hollow. The film is faithful to events but not to meaning."
english-patient.html,The English Patient: Book vs Movie — Michael Ondaatje vs Anthony Minghella,Michael Ondaatje's poetic novel versus Anthony Minghella's nine-Oscar winner. The film perfects the love story; the book gives Kip his due and keeps the poetry.,2025-01-15,4,5,3,The English Patient,Michael Ondaatje,1992,Michael Ondaatje,1992,1996,Anthony Minghella,Too Close to Call,"One of the genuine ties. Minghella's film is a masterpiece of literary adaptation — the love story is perfected, the desert is glorious, and the performances are career-defining. But Ondaatje's novel is richer, stranger, and more ambitious, especially in its treatment of Kip and its refusal of easy narrative. Read both. Watch both. The argument between them is the point.",Is The English Patient movie faithful to the book?,"Minghella's adaptation is faithful to the central love story between Almásy and Katharine, and to the villa setting with Hana nursing the burned patient. However, it significantly reduces Kip's role and straightens out Ondaatje's non-linear, poetic structure into a more conventional timeline. The emotional core remains, but the novel's fragmented, hallucinatory quality is sacrificed for narrative clarity."
every-summer-after.html,Every Summer After: Book vs Movie — Key Differences & Should You Read First?,Dive into the captivating story of 'Every Summer After' - from Carley Fortune's acclaimed 2021 novel to the highly anticipated 2026 movie adaptation. Explore the key differences and discover whether you should read the book first.,,5,5,3,Every Summer After,Carley Fortune,2021,Carley Fortune,2021,,Director,Book Wins,"Carley Fortune's 'Every Summer After' is a poignant exploration of love, loss, and the power of nostalgia, which the upcoming movie adaptation will have to work hard to match. The book's rich characterization, intricate narrative structure, and evocative prose make it the superior version of this captivating story.",,
everything-everything.html,"Everything, Everything: Book vs Movie — Key Differences & Should You Read First?","Nicola Yoon's Everything, Everything loses its devastating twist and Madeline's interior world in Stella Meghie's 2017 film. The book's medical revelation hits harder.",2025-01-15,4,5,3,"Everything, Everything",Nicola Yoon,2015,Nicola Yoon,2015,,Stella Meghie,Book Wins,"Yoon's novel is a smart, unsettling story about maternal trauma disguised as a YA romance. Meghie's film is a pretty romance that doesn't trust the unsettling parts. The book understands that love isn't enough to fix what Pauline did to Madeline—but it's a start.","Is Everything, Everything based on a true story?","No, Everything, Everything is a work of fiction by Nicola Yoon. However, Yoon has mentioned that her daughter's health issues and her own experiences as a mother influenced the emotional core of Madeline's story. The medical condition SCID is real, though Madeline's specific situation is fictional."
fight-club.html,Fight Club: Book vs Movie — Key Differences & Should You Read First?,Chuck Palahniuk's 1996 novel vs David Fincher's 1999 film starring Brad Pitt and Edward Norton — one of the rare cases where the adaptation rivals the source.,2025-01-15,4,5,3,Fight Club,Chuck Palahniuk,1996,Chuck Palahniuk,1996,1999,David Fincher,Too Close to Call,"Palahniuk wrote a raw, anarchic novel that was formally innovative for its moment, using prose as a weapon against consumer culture. Fincher made a film that is formally extraordinary — using cinema's tools as aggressively as Palahniuk uses prose, and with more precision. This is one of the very few entries on this site where the film makes a serious claim to surpassing the book. Read the novel, see the film, and argue about which is better — that argument is part of the point.",Is the Fight Club movie better than the book?,"This is one of the most genuinely contested cases on this site. Palahniuk's novel is formally innovative with its aggressive, staccato prose, while Fincher's film uses every cinematic tool — subliminal imagery, frame-rate manipulation, fourth-wall breaks — to create something equally anarchic. Both are extraordinary in their respective mediums. Palahniuk himself has said he prefers the film's ending."
five-feet-apart.html,Five Feet Apart: Book vs Movie — Key Differences & Should You Read First?,"Rachael Lippincott's YA novel versus Justin Baldoni's 2019 film. Stella and Will's romance differs in emotional depth, Poe's role, and the pool scene's impact.",2025-01-15,4,5,3,Five Feet Apart,Rachael Lippincott,2018,Rachael Lippincott,2018,,Justin Baldoni,Book Wins,"The book wins because it refuses to simplify. Lippincott gives us Stella's spiraling thoughts, Will's caustic cartoons, and Poe's death as a wound that doesn't heal in a montage. The film is lovely to look at and Richardson is excellent, but it's a romance first and a story about chronic illness second. The book never lets you forget which one matters more.",Is Five Feet Apart based on a true story?,"No, Five Feet Apart is fiction, though it was inspired by real experiences with cystic fibrosis. Director Justin Baldoni developed the concept after meeting a young woman with CF, and co-writer Tobias Iaconis brought in Rachael Lippincott to novelize the screenplay. The six-foot rule is medically accurate for CF patients to prevent cross-infection."
fourth-wing.html,Fourth Wing: Book vs Upcoming TV Series — Rebecca Yarros vs Prime Video,"Rebecca Yarros's BookTok phenomenon vs the upcoming Prime Video series — Violet Sorrengail, Xaden Riorson, dragon riders, and what the adaptation needs to get right.",2026-04-15,5,5,3,Fourth Wing,Rebecca Yarros,2023,Rebecca Yarros,2023,,TBA — Prime Video series in development,Book Wins,"Yarros wrote the defining romantasy of its moment — a novel that earned its massive readership through genuine craft as well as timing. The Prime Video series is in development and has not yet had the chance to succeed or fail. The novel is the definitive version until further notice. Read it, and we will all find out together whether the series can match it.",Is Fourth Wing appropriate for young adults?,"Fourth Wing is marketed as adult romantasy and contains explicit sexual content, graphic violence, and mature themes. Yarros does not shy away from depicting the brutality of the war college setting or the physical intimacy between Violet and Xaden. It is not YA, despite its college setting and young protagonist."
frankenstein.html,Frankenstein: Book vs Movie — Mary Shelley vs del Toro,"Mary Shelley's 1818 novel vs Guillermo del Toro's 2025 Netflix adaptation — the creature's eloquence restored, Victor's guilt examined, and why the book still wins.",2025-01-15,5,5,3,Frankenstein,Mary Shelley,1818,Mary Shelley,1818,2025,Guillermo del Toro,Book Wins,"Del Toro has made the most faithful Frankenstein adaptation in cinema history and it's still a lesser work than a novel written by a teenager in 1818. The film restores the creature's eloquence, preserves Victor's culpability, and realizes Shelley's Gothic atmosphere with extraordinary visual power. But Shelley's creature is irreplaceable on the page — his voice, his arguments, his devastating moral clarity cannot be fully translated to screen. See the film, because del Toro earns his adaptation. But read the novel first and meet the creature Shelley actually created: not a monster, but a person made monstrous by the world that rejected him.",Is the 2025 Frankenstein movie faithful to the book?,"Yes, remarkably so. Del Toro's adaptation is the most faithful Frankenstein film ever made, particularly in restoring the creature's eloquence and philosophical depth. It preserves Victor's culpability and the novel's moral architecture better than any previous version, though it still simplifies Shelley's nested narrative structure."
geralds-game.html,Gerald's Game: Book vs Movie — Key Differences & Should You Read First?,"Stephen King's 1992 novel vs Mike Flanagan's 2017 Netflix film — Jessie Burlingame, handcuffed to a bed, and how Flanagan solved King's most unfilmable premise.",,5,5,3,Gerald's Game,Stephen King,1992,Stephen King,1992,2017,Mike Flanagan,Book Wins,"King's novel is a masterclass in confined psychological horror — one character, one room, one night, one lifetime of suppressed truth. Flanagan's film is a masterclass in adapting the apparently unfilmable: he found cinematic equivalents for everything the novel does in prose, and Gugino's performance makes the result one of the best King adaptations on screen. The book is richer in its psychological archaeology. The film is one of the great arguments for what adaptation can achieve. Both essential; book first.",,
girl-on-the-train.html,The Girl on the Train Book vs Movie: Key Differences,Paula Hawkins' novel vs Emily Blunt's 2016 film — explore the key differences and why the book reigns supreme.,,4,5,3,The Girl on the Train,Paula Hawkins,2015,Paula Hawkins,2015,2016,Tate Taylor,Book Wins,"Emily Blunt is excellent and the film is a perfectly serviceable thriller, but it loses the two things that made the novel a phenomenon: the specific grimness of the London commuter landscape and the full claustrophobic intimacy of Rachel's unreliable first-person voice. The book is the better version of this story. Read it first, see the film after, and appreciate what Blunt does with a character the page renders more fully than the screen can.",,
girl-with-the-dragon-tattoo.html,The Girl with the Dragon Tattoo: Book vs Movie — Larsson vs Fincher,"Stieg Larsson's Millennium novel vs David Fincher's 2011 film — Lisbeth Salander on the page vs screen, and why the book's sprawl is a feature not a bug.",2025-01-15,5,5,3,The Girl with the Dragon Tattoo,Stieg Larsson,2005,Stieg Larsson,2005,2011,David Fincher,Book Wins,"Fincher made a brilliant thriller with one of the decade's best performances. Larsson wrote a brilliant thriller that is also a character study, a social document, and a portrait of a woman who refuses to be reduced to a single interpretation. Read the novel. See the film. Prefer Rooney Mara's eyes and Larsson's pages in equal measure, for different reasons.",Is the American or Swedish film adaptation better?,"Fincher's 2011 American version is more visually polished and features Rooney Mara's psychologically precise performance. The 2009 Swedish version with Noomi Rapace offers a more physically threatening Lisbeth and stays closer to the novel's tone. Both are excellent; Fincher's is the more accomplished film, but Rapace's interpretation has fierce advocates."
gone-girl.html,Gone Girl: Book vs Movie — Key Differences & Should You Read First?,"Gillian Flynn's 2012 novel vs David Fincher's 2014 film — Nick, Amy, the diary, Rosamund Pike, and one of the closest book-versus-film contests on this site.",2025-01-15,5,5,3,Gone Girl,Gillian Flynn,2012,Gillian Flynn,2012,2014,David Fincher,Too Close to Call,"Flynn's novel and Fincher's film are both masterworks of psychological manipulation — they just manipulate you through different means. The book gives you more of Amy's constructed interiority, the Amazing Amy backstory, and the slow horror of her intelligence fully deployed. The film gives you Rosamund Pike, which is not a small thing, and Fincher's cold visual control that makes every frame feel like evidence. This site rarely calls a true tie, but this is one. Experience both, in whichever order appeals, and marvel at how well each format serves the story's particular cruelties.",Is the Gone Girl movie faithful to the book?,"Remarkably faithful, especially considering Gillian Flynn wrote the screenplay herself. The major plot points, the dual narration structure, and the ending all remain intact. The film compresses secondary characters and some of Amy's backstory, but the core psychological architecture is preserved. Flynn made strategic cuts rather than wholesale changes."
good-omens.html,Good Omens: Book vs Series — Key Differences & Should You Read First?,"Terry Pratchett and Neil Gaiman's 1990 novel vs the 2019 Amazon Prime series — Aziraphale, Crowley, the end of the world, and a rare adaptation that earns its place beside the source.",,5,5,3,Good Omens,Terry Pratchett & Neil Gaiman,1990,Terry Pratchett & Neil Gaiman,1990,,Douglas Mackinnon,Too Close to Call,"Pratchett and Gaiman's novel is a sustained comic masterpiece that uses the end of the world to make arguments about friendship, free will, and the specific pleasures of English village life. The series is the most faithful and affectionate adaptation this site has encountered — Gaiman adapting his own work with Sheen and Tennant as its heart. The book's footnotes are irreplaceable; the series gives you something the book cannot. Both are essential. Too close to call.",,
grok-animal-farm.html,Animal Farm Book vs Movie 2026: Key Differences & Should You Read First?,"George Orwell's Animal Farm vs Andy Serkis's 2026 animated film: Napoleon's tyranny, Boxer's fate, and why the novella's 80 pages pack more punch than any adaptation.",2026-01-15,5,5,3,Animal Farm,George Orwell,1945,George Orwell,1945,,Andy Serkis,Book Wins,"Orwell wrote one of the essential political texts of the twentieth century in the form of a children's fable, and no adaptation can replicate the precision of his prose. Serkis's 2026 film is visually accomplished and sincere, with strong voice performances and a clear understanding of why the story matters. But the novella's economy—its ability to pack an entire history of failed revolutions into 30,000 words—is irreplaceable. The book wins. Read it first. It takes an evening and lasts a lifetime.",Is the 2026 Animal Farm movie faithful to the book?,"Serkis's adaptation follows the novella's plot closely but broadens the allegory from Soviet history to general authoritarianism. The core events—the rebellion, Napoleon's rise, Boxer's betrayal, the final scene—remain intact. The film expands certain sequences for dramatic effect, but the essential story and its warning about power corruption stay true to Orwell's vision."
grok_revised_index.html,BooksVersusMovies.com — Honest Book & Movie Comparisons,"Honest, in-depth comparisons of books and their film adaptations. What each version does well, what gets lost, and whether you should read first.",2026-01-15,4,5,3,,,,[Author],[Book Year],,[Director],[Verdict text],[INSERT EXISTING VERDICT PARAGRAPH FROM OLD PAGE],,
h-is-for-hawk.html,H is for Hawk: Book vs Movie — Key Differences & Should You Read First?,"A gripping memoir about grief, nature, and the transformative power of falconry, H is for Hawk is a poignant story that explores the depths of human emotion and the restorative beauty of the natural world.",,5,5,3,H is for Hawk,Helen Macdonald,2015,Helen Macdonald,2015,,Director,Book Wins,"The book version of H is for Hawk is a triumphant work of memoir that delves deeply into the human experience, weaving together strands of grief, nature, and personal growth with exceptional lyrical prose and profound symbolic resonance. While the film adaptation will undoubtedly capture the essence of Macdonald's story, the book's introspective depth and intimacy of voice make it the essential foundation for experiencing this powerful tale. Readers who take the time to immerse themselves in the book first will be rewarded with a richer, more rewarding cinematic experience.",,
hamnet.html,Hamnet Book vs Movie: O'Farrell vs Chloé Zhao 2026,Maggie O'Farrell's Booker Prize-winning novel versus Chloé Zhao's 2026 film with Jessie Buckley — how the adaptation handles Agnes's interiority and grief.,2026-01-15,5,5,3,Hamnet,Maggie O'Farrell,2020,Maggie O'Farrell,2020,,Chloé Zhao,Book Wins,"The novel is a masterpiece of interiority that no film can fully replicate. Zhao's adaptation is made with real intelligence and care, and Buckley is extraordinary — but the book is doing something only a book can do, building grief through prose rhythm and access to consciousness. Read it first, then let the film show you what survived the translation. O'Farrell's Agnes lives in your head; Buckley's lives on screen, and both are worth your time.",Is Hamnet historically accurate?,"O'Farrell works from the few known facts about Shakespeare's family — his son Hamnet died in 1596, his wife was Anne Hathaway, he wrote Hamlet around 1600. Everything else is imagined, but the historical framework is sound. The film follows the novel's approach, prioritizing emotional truth over documentary precision."
hannibal-series.html,Hannibal: Book vs Series — Key Differences & Should You Read First?,"Thomas Harris's novels vs Bryan Fuller's 2013 NBC series — Hannibal Lecter, Will Graham, Mads Mikkelsen, and one of the most visually audacious adaptations in television history.",,5,5,3,Hannibal (Series of Books),Thomas Harris,1981,Thomas Harris,1981–1999,,Bryan Fuller,Book Wins,"Harris's novels created one of fiction's great monsters and two excellent thrillers. Fuller's series took that mythology and built something formally extraordinary around it — a gothic psychological study of two brilliant minds, rendered in images of unprecedented beauty for network television, anchored by Mikkelsen's Hannibal and Dancy's Will. The books are the source and they are worth reading. The series is a reinvention that stands entirely on its own terms. Both essential; neither a substitute for the other.",,
heated-rivalry.html,Heated Rivalry: Book vs Show — Rachel Reid vs Jacob Tierney | Key Differences & Should You Read First?,"Rachel Reid's Heated Rivalry novel vs Jacob Tierney's 2025 HBO Max series — full comparison of Shane, Ilya, what the show changes, Game Changers reading order, and whether to read or watch first.",,5,5,3,Heated Rivalry,Rachel Reid,2019,Rachel Reid,2019,,,Too Close to Call,"Rachel Reid's novel is a slow-burn romance of real precision and warmth — one of the finest in its genre, with two protagonists whose interior lives are written with enough specificity and enough comedy that the years of denial feel genuinely earned rather than manufactured. Jacob Tierney's adaptation is one of the best book-to-screen translations of recent years: visually confident, excellently cast, and faithful to the source's emotional core in ways that most adaptations of romance novels are not. Both versions are essential. Read the book. Watch the show. This is one of the closest calls on the site — and unlike most close calls, there is genuinely no wrong answer.",Is Heated Rivalry available on Max (HBO Max)?,"Yes. The Heated Rivalry series premiered on Max (formerly HBO Max) and Crave in 2025. It runs six episodes, created by Jacob Tierney."
heated-rivalry_short.html,Heated Rivalry: Book vs Show — Rachel Reid vs Jacob Tierney,"Rachel Reid's 2019 novel vs Jacob Tierney's 2025 HBO Max series — Shane, Ilya, the hockey world, and whether the book or the show wins.",,5,5,3,Heated Rivalry,Rachel Reid,2019,Rachel Reid,2019,,Jacob Tierney,Too Close to Call,"Rachel Reid's novel is a slow-burn romance of real precision and warmth — one of the best in its genre. Jacob Tierney's adaptation is one of the best book-to-screen translations of recent years: visually confident, excellently cast, and faithful to the source's emotional core. Both versions are essential. Read the book. Watch the show. This is one of the closest calls on the site — and unlike most close calls, there is no wrong answer.",,
high-fidelity.html,High Fidelity: Book vs Movie — Key Differences & Should You Read First?,"Nick Hornby's 1995 novel vs Stephen Frears's 2000 film — Rob Fleming, the top five lists, and why moving the story from London to Chicago works better than it should.",,4,5,3,High Fidelity,Nick Hornby,1995,Nick Hornby,1995,2000,Stephen Frears,Too Close to Call,Hornby wrote a novel about a man who uses music and lists to avoid feeling anything genuinely difficult. Frears and Cusack made a film that is as good — moving the story from London to Chicago without losing anything essential and finding the perfect visual equivalent for Rob's confessional first-person voice. One of the most successful transatlantic literary adaptations in cinema. A genuine tie. Read the novel. See the film. Make your own top five list of which you prefer.,,
hillbilly-elegy.html,Hillbilly Elegy: Book vs Movie — Key Differences & Should You Read First?,J.D. Vance's powerful memoir 'Hillbilly Elegy' meets Ron Howard's 2020 film adaptation. Discover the key differences and decide if you should read first.,,4,5,3,Hillbilly Elegy,J.D. Vance,2016,J.D. Vance,2016,,Ron Howard,Book Wins,"The memoir offers a more nuanced, personal account, while the film simplifies the story and falls short of fully capturing the book's emotional depth.",,
his-and-hers.html,His & Hers: Book vs Movie — Key Differences & Should You Read First?,Psychological thriller novel His & Hers by Alice Feeney published in 2020 vs. the 2026 film adaptation directed by William Oldroyd.,,5,5,3,His & Hers,Alice Feeney,2020,Alice Feeney,2020,,William Oldroyd,Book Wins,"The book version of His & Hers by Alice Feeney emerges as the winner thanks to its deeper character exploration and more compelling psychological mystery. The film adaptation will likely streamline the narrative for a tighter thriller, but in doing so, it may lose the nuanced perspectives and layered symbolism that make the novel so gripping.",,
hitchhikers-guide.html,The Hitchhiker's Guide to the Galaxy: Book vs Movie — Key Differences & Should You Read First?,"Douglas Adams's 1979 novel vs Garth Jennings's 2005 film — Arthur Dent, the improbability drive, and why Adams's prose voice is the whole point.",,5,5,3,The Hitchhiker's Guide to the Galaxy,Douglas Adams,1979,Douglas Adams,1979,2005,Garth Jennings,Book Wins,"Adams wrote a novel whose comedy lives entirely in the prose — the asides, the digressions, the narrative voice that is itself the joke. The 2005 film is affectionate, well-cast, and fundamentally loses the mechanism. Read the book. See the film for Martin Freeman, who is Arthur Dent in the way that some actors simply are the character. The novel is the real universe. The film is a pleasant tour of it.",,
howls-moving-castle.html,Howl's Moving Castle: Book vs Movie — Key Differences & Should You Read First?,"Diana Wynne Jones's 1986 novel vs Hayao Miyazaki's 2004 film — Sophie, Howl, Calcifer, and one of cinema's most beloved adaptations of a beloved book. Find out which is best!",,5,5,3,Howl's Moving Castle,Diana Wynne Jones,1986,Diana Wynne Jones,1986,2004,Hayao Miyazaki,Too Close to Call,"Jones's novel is one of the great British children's fantasies — precisely plotted, wickedly funny, and anchored by a heroine whose self-deception is as much the story as anything else. Miyazaki's film is one of the great animated films — visually overwhelming, emotionally generous, and following its own thematic logic rather than its source's. They are masterworks in different registers. Too close to call; both essential.",,
hunger-games-sunrise.html,Hunger Games: Sunrise on the Reaping Book vs Movie 2026,Suzanne Collins' Haymitch prequel versus Francis Lawrence's 2026 film with Ralph Fiennes — political ambition meets visual spectacle in this rare tie.,2026-01-15,4,5,3,Hunger Games: Sunrise on the Reaping,Suzanne Collins,2025,Suzanne Collins,2025,2026,Francis Lawrence,Too Close to Call,"A genuine tie — rarer than it sounds. The novel is Collins at her most politically ambitious, a sustained argument about propaganda and memory that happens to contain a thrilling survival story. The film is the franchise at its most visually confident, with Fiennes delivering a career-best villain performance and Lawrence staging the arena sequences with genuine tension. Read the book for the ideas; see the film for Fiennes and Fanning. Ideally, do both.",Do I need to read the original Hunger Games trilogy first?,"Not strictly, but you'll miss the full weight of Haymitch's arc. Sunrise on the Reaping works as a standalone story about a boy surviving impossible odds, but knowing what becomes of him — the alcoholism, the bitterness, the way he saves Katniss and Peeta — adds devastating context to every choice he makes here. If you've never read Collins, start with The Hunger Games and work forward chronologically."
i-am-legend.html,I Am Legend: Book vs Movie — Key Differences & Should You Read First?,"Richard Matheson's 1954 novel 'I Am Legend' vs Francis Lawrence's 2007 film. Explore the profound differences in endings, vampire portrayal, and Neville's isolation.",,5,5,3,I Am Legend,Richard Matheson,1954,Richard Matheson,1954,2007,Francis Lawrence,Book Wins,"Richard Matheson's 'I Am Legend' is a masterclass in horror and philosophical storytelling, boasting one of genre fiction's most paradigm-shifting endings. While the 2007 film adaptation is a technically brilliant and emotionally charged survival movie, its deviation from the novel's thematic core is significant. Will Smith delivers a compelling performance, but the film's conventional heroic conclusion fails to capture the nuanced commentary on humanity and monstrosity present in Matheson's original work. For its groundbreaking ending and profound ideas, the book remains the definitive experience.",,
i-robot.html,"I, Robot: Book vs Movie — Key Differences & Should You Read First?","Isaac Asimov's 1950 story collection vs Alex Proyas's 2004 film — Will Smith, the Three Laws, and what happens when a philosophical thought experiment becomes a Hollywood action movie.",,5,5,3,"I, Robot",Isaac Asimov,1950,Isaac Asimov,1950,2004,Alex Proyas,Book Wins,"Asimov's stories are foundational science fiction — nine thought experiments about logic, ethics, and machine intelligence that remain as sharp in 2024 as they were in 1950. Proyas's film is an enjoyable Will Smith vehicle that borrows the Three Laws as plot furniture and discards everything else. Book wins decisively, and the comparison is barely fair — they are different objects sharing a name. Read Asimov. Watch the film separately, without expecting a connection.",,
imperfect-women.html,Imperfect Women: Book vs Movie — Key Differences & Should You Read First?,Imperfect Women by Armand Mastroianni - the 2020 psychological thriller novel adapted into a 2026 movie. Discover the key differences between the book and film.,,4,5,3,Imperfect Women,Armand Mastroianni,2020,Armand Mastroianni,2020,,Director,Book Wins,"The book version of Imperfect Women is the stronger work, offering a more nuanced exploration of its characters and themes. While the film adaptation is a competent thriller in its own right, it lacks the depth and moral complexity that made the novel such a standout psychological suspense story.",,
interview-with-the-vampire-amcplus.html,Interview with the Vampire: Book vs Series — Key Differences & Should You Read First?,"Anne Rice's 1976 novel vs AMC's 2022 series — Louis, Lestat, Claudia, and how a bold reimagining finds new life in Rice's gothic masterpiece.",,5,5,3,Interview with the Vampire,Anne Rice,1976,Anne Rice,1976,,Rolin Jones,Book Wins,"Rice's novel is a gothic masterpiece written in a voice that no screen adaptation can replicate — baroque, grief-soaked, and genuinely strange in its treatment of eternity. AMC's series is the most intelligent screen version yet of this material, using the reimagining of Louis's identity to find new moral depth in the story and Sam Reid's Lestat to make the villain comprehensible without making him safe. Read the book. The series is the best reason to revisit it.",,
into-the-wild.html,Into the Wild: Book vs Movie — Key Differences & Should You Read First?,"Jon Krakauer's 1996 book vs Sean Penn's 2007 film — Chris McCandless, the Alaskan wilderness, and why Krakauer's journalism adds a dimension the film romanticises away.",,5,5,3,Into the Wild,Jon Krakauer,1996,Jon Krakauer,1996,2007,Sean Penn,Book Wins,Krakauer wrote a work of journalism that holds McCandless's idealism and its consequences in honest tension — admiring and critical simultaneously. Penn made a beautiful film that tips toward elegy and away from scrutiny. The book is the more complete account of what happened and why it matters. The film is more immediately moving and less intellectually honest. Read the book for the truth. See the film for Hirsch and the Alaskan light. The book wins because it is braver.,,
it-ends-with-us.html,It Ends With Us: Book vs Movie — Colleen Hoover vs Justin Baldoni,"Colleen Hoover's 2016 novel vs Justin Baldoni's 2024 film — Lily Bloom, domestic abuse, and why the book's emotional precision is hard to film.",2025-01-15,5,5,3,It Ends With Us,Colleen Hoover,2016,Colleen Hoover,2016,2024,Justin Baldoni,Book Wins,"Hoover wrote a novel that takes domestic abuse seriously inside a romance structure and does so with genuine psychological skill. Baldoni made a film that arrived in difficult circumstances and is a lesser version of that novel — competent in its craft, diminished by off-screen controversy, and unable to access the interior material that makes the book matter. The novel is the original and the superior work. Read it first, read it instead, or read it after — but read it.",Is the It Ends With Us movie faithful to the book?,"The film follows the novel's plot structure closely but cannot replicate Lily's interior experience of the abuse cycle, which is the book's most important element. Major events remain intact, but the psychological texture is diminished. The film is faithful in outline, less so in emotional depth."
it-muschietti.html,It: Book vs Movie — Key Differences & Should You Read First?,"Stephen King's 1986 novel vs Andy Muschietti's 2017 film — exploring Pennywise, the Losers Club, and the horror epic's adaptation differences.",,5,5,3,It,Stephen King,1986,Stephen King,1986,2017,Andy Muschietti,Book Wins,"King's novel earns its thousand pages — Derry, the Losers, the dual timelines, the cosmic mythology — in ways that no two-hour film can replicate. Muschietti's adaptation is one of the best King films ever made: a concentrated, brilliantly cast horror that delivers Skarsgård's Pennywise and a young ensemble of genuine quality. The book is the fuller experience. The film is the more frightening one. Both are essential.",,
jane-eyre.html,Jane Eyre: Book vs Movie — Charlotte Brontë vs Cary Joji Fukunaga,"Charlotte Brontë's 1847 novel vs Cary Joji Fukunaga's 2011 film — Jane's voice, Rochester's darkness, and why the novel's interiority is irreplaceable.",,5,5,3,Jane Eyre,Charlotte Brontë,1847,Charlotte Brontë,1847,2011,Cary Joji Fukunaga,Book Wins,"Brontë wrote one of the great first-person novels in English literature — Jane's voice is its own argument, its own world. Fukunaga made the finest adaptation yet and it remains considerably less than the novel. Read Jane Eyre. See the film for Fassbender. The book is the thing.",,
jurassic-park.html,Jurassic Park: Book vs Movie — Crichton vs Spielberg,"Michael Crichton's 1990 novel vs Spielberg's 1993 film — the science, the chaos theory, and why the book is darker and smarter than the blockbuster.",2025-01-15,5,5,3,Jurassic Park,Michael Crichton,1990,Michael Crichton,1990,1993,Steven Spielberg,Book Wins,"Spielberg made one of cinema's great experiences and Crichton wrote a better, darker book. The film's dinosaurs are irreplaceable; the novel's argument is irreplaceable. See the film for the spectacle and the wonder. Read the novel to understand what the spectacle was originally about — and why Hammond deserved to die.",Is the Jurassic Park book scarier than the movie?,"Yes, considerably. Crichton's novel includes more graphic deaths, more sustained horror sequences, and a bleaker view of human hubris. The film softens the violence and adds Spielberg's characteristic sense of wonder, making it thrilling rather than genuinely frightening."
kite-runner.html,The Kite Runner Book vs Movie: Key Differences,Khaled Hosseini's novel vs the 2007 film — why Amir's guilt hits harder on the page than on screen.,,5,5,3,The Kite Runner,Khaled Hosseini,2003,Khaled Hosseini,2003,2007,Marc Forster,Book Wins,"Forster's film is earnest, well-intentioned, and ultimately a lesser version of a great novel. The Kite Runner works on the page because Hosseini gives you no distance from Amir's shame — you're inside it for the entire book, and the redemption feels earned because you've lived the guilt alongside him. The film shows you a man seeking redemption; the novel makes you seek it with him. Read the book. The film is fine. The book is the one that stays.",,
la-confidential.html,LA Confidential: Book vs Movie — James Ellroy vs Curtis Hanson,"James Ellroy's staccato noir masterpiece versus Curtis Hanson's Oscar-winning 1997 film — three corrupt LAPD detectives, one conspiracy, and the rare adaptation that matches its source.",2025-01-15,4,5,3,LA Confidential,James Ellroy,1990,James Ellroy,1990,1997,Curtis Hanson,Too Close to Call,Ellroy wrote one of the great American crime novels and Hanson made one of the great American crime films. They are different achievements at different scales. The novel is more ambitious. The film is more perfectly constructed. The novel gives you the full architecture of 1950s LAPD corruption. The film distills that architecture into two hours of flawless noir. Read both. Watch both. This is one of the very few genuine ties.,Is the LA Confidential movie faithful to the book?,"The film is faithful to the novel's spirit and core plot but condenses significantly. Screenwriter Brian Helgeland cut several subplots, including Dudley Smith's Mexican mob connections and much of the pornography ring detail. The three-detective structure and the Nite Owl conspiracy remain intact, but the novel's 496 pages become a tightly wound 138-minute film."
les-miserables.html,Les Misrables: Book vs Movie — Key Differences & Should You Read First?,"Victor Hugo's sweeping 1862 classic Les Misrables, about the redemption of ex-convict Jean Valjean, adapted to the big screen by director Tom Hooper in 2012. Learn about the key differences and decide if you should read the book first.",,5,5,3,Les Misrables,Victor Hugo,1862,Victor Hugo,1862,,Tom Hooper,Book Wins,"The book version of Les Misrables stands tall, offering a richer, more nuanced portrayal of its classic characters and themes.",,
little-women.html,Little Women: Book vs Movie — Key Differences & Should You Read First?,"Louisa May Alcott's 1868 novel vs Greta Gerwig's 2019 film — Jo March, the non-linear structure, and one of the rare adaptations that genuinely rivals its source.",,4,5,3,Little Women,Louisa May Alcott,1868,Louisa May Alcott,1868,2019,Greta Gerwig,Too Close to Call,"Alcott wrote one of the great American novels about female ambition and the cost of compromise. Gerwig made one of the great American films from it — formally inventive, emotionally precise, and genuinely competitive with the source. This is a rare tie. Read the book. See the film. Regard them as a conversation across 150 years about what women are allowed to want.",,
lonesome-dove.html,Lonesome Dove: Book vs Miniseries — McMurtry's Epic Explained,"Larry McMurtry's Pulitzer Prize-winning novel vs the beloved 1989 TV miniseries — Gus, Call, and the cattle drive that became American mythology.",,5,5,3,Lonesome Dove,Larry McMurtry,1985,Larry McMurtry,1985,,Simon Wincer,Book Wins,McMurtry wrote one of the great American novels and Wincer made one of the great American television adaptations. Neither replaces the other — they're companion pieces that illuminate each other. The book is richer. The miniseries has Duvall. Start with the book. Finish with the miniseries. Mourn Gus twice.,,
looking-for-alaska.html,Looking for Alaska: Book vs Movie — Key Differences & Should You Read First?,John Green's 'Looking for Alaska' novel meets its 2019 film adaptation. Discover key differences and decide if you should read the book first.,,5,5,3,Looking for Alaska,John Green,2005,John Green,2005,,Josh Schwartz,Book Wins,"The book is the clear winner, with a richer, more introspective exploration of grief and self-discovery.",,
lord-of-the-flies.html,Lord of the Flies: Book vs Movie — Key Differences & Should You Read First?,"William Golding's 1954 novel vs Peter Brook's 1963 film — Ralph and Jack, the conch, and why the novel's argument about human nature is more disturbing than any film can be.",,5,5,3,Lord of the Flies,William Golding,1954,William Golding,1954,1963,Peter Brook,Book Wins,"Golding wrote a novel that argues for something dark about human nature — and the argument is made through prose that implicates the reader in the boys' excitement before turning it to horror. Brook's 1963 film is a sincere, raw adaptation that presents the events without the ironic frame that makes them resonant. The novel is the essential version. Read it. See the 1963 film. Ignore the 1990 remake entirely.",,
love-simon.html,Simon vs. the Homo Sapiens Agenda: Book vs Movie — Key Differences & Verdict,"Becky Albertalli's Simon vs. the Homo Sapiens Agenda delivers Simon's coming-out story with intimate first-person depth, while Love, Simon trades introspection for crowd-pleasing charm.",2025-01-15,4,5,3,Simon vs. the Homo Sapiens Agenda,Becky Albertalli,2015,Becky Albertalli,2015,,Greg Berlanti,Book Wins,"Albertalli's novel wins for its intimate first-person voice, morally complex character dynamics, and refusal to sanitize the messiness of coming out. Love, Simon is a landmark film and a joyful watch, but it trades introspection for accessibility. The book makes you feel Simon's fear; the movie makes you cheer for his triumph—both are valuable, but only one cuts deep.","Is Love, Simon based on Simon vs. the Homo Sapiens Agenda?","Yes, the 2018 film Love, Simon is adapted from Becky Albertalli's 2015 novel Simon vs. the Homo Sapiens Agenda. The film retains the core plot about Simon Spier's coming-out journey and his anonymous email romance with Blue, but streamlines the narrative and shifts the tone toward mainstream romantic comedy."
margos-got-money-troubles.html,Margo's Got Money Troubles: Book vs TV Series — Rufi Thorpe vs Apple TV+,"Rufi Thorpe's sharp 2024 novel about OnlyFans and wrestling wisdom versus the Apple TV+ series with Elle Fanning, Michelle Pfeiffer, and Nick Offerman.",2026-01-15,5,5,3,Margo's Got Money Troubles,Rufi Thorpe,2024,Rufi Thorpe,2024,,Dearbhla Walsh,Book Wins,Thorpe wrote a novel that is funnier and sharper than its premise promises. Kelley and Walsh made a series with exceptional casting that is likely warmer and slightly less precise than the source. The book is the more distinctive work. The series is excellent television. Read first. Watch from April 15.,Is Margo's Got Money Troubles based on a true story?,"No. Rufi Thorpe's novel is fiction, though it engages with real economic pressures facing young women and the actual culture of professional wrestling. Thorpe has said in interviews that she was interested in exploring how OnlyFans functions as a survival strategy, not a scandal."
me-before-you.html,Me Before You: Book vs Movie — Jojo Moyes vs Thea Sharrock,"Jojo Moyes's 2012 novel vs Thea Sharrock's 2016 film — Louisa and Will, the assisted dying debate, and why the book earns its ending.",2025-01-15,5,5,3,Me Before You,Jojo Moyes,2012,Jojo Moyes,2012,2016,Thea Sharrock,Book Wins,Moyes wrote a novel that handles difficult material with more sophistication than its genre packaging suggests. Sharrock made a very good film of a better book. Clarke is worth watching. The novel is worth reading. The book carries more weight.,Is the Me Before You movie faithful to the book?,"The film follows the novel's plot closely — Jojo Moyes adapted her own screenplay. The major difference is structural: the novel alternates between Louisa's and Will's perspectives, giving you access to Will's interior experience of paralysis and his reasoning about assisted dying. The film necessarily shows Will from the outside, through Sam Claflin's performance, which is excellent but less intimate than the novel's first-person chapters."
mickey-17.html,The Princess Bride: Book vs Movie — Key Differences & Should You Read First?,"William Goldman's 1973 novel vs Rob Reiner's 1987 film — Westley, Buttercup, Inigo Montoya, and one of the great author-to-adaptation stories in cinema history.",,5,5,3,Mickey 17,Edward Ashton,2022,Edward Ashton,2022,2025,Bong Joon-ho,Book Wins,"The book version of Mickey 17 is the superior work, thanks to its rich, nuanced exploration of identity, consciousness, and the ethical implications of advanced technology. Ashton's novel delves deep into the philosophical questions at the heart of the story, with a nonlinear structure and introspective character perspective that will be challenging to fully capture on screen. While Bong Joon-ho's film adaptation is sure to be a visually stunning and compelling sci-fi experience, the book's intellectual depth and emotional resonance make it the definitive version of this captivating story.",,
misery.html,Misery: Book vs Movie — Stephen King vs Rob Reiner,Stephen King's 1987 novel versus Rob Reiner's 1990 film adaptation. Kathy Bates's Oscar-winning Annie Wilkes versus King's interior terror and the axe scene.,2025-01-15,4,5,3,Misery,Stephen King,1987,Stephen King,1987,1990,Rob Reiner,Too Close to Call,"One of the rare King adaptations that genuinely competes with its source. The novel has more interior dimension, a more explicit serial killer backstory, and the full horror of the axe and blowtorch. The film has Kathy Bates, whose Oscar-winning performance is so perfect that it retroactively defines the character even for readers. It's close enough to call a tie — and that almost never happens with Stephen King.",Is the movie Misery as scary as the book?,The film is terrifying in a different way. King's novel builds dread through Paul Sheldon's interior monologue and the slow realization of his captivity. Reiner's film relies on Kathy Bates's unpredictable performance and visual claustrophobia. The hobbling scene in the film — sledgehammer instead of axe — is arguably more viscerally disturbing because you watch it happen in real time.
my-brilliant-friend.html,My Brilliant Friend: Book vs HBO Series — Key Differences & Should You Read First?,Elena Ferrante's My Brilliant Friend versus HBO's 2018 series directed by Saverio Costanzo. Which captures Elena and Lila's friendship better?,2025-01-15,4,5,3,My Brilliant Friend,Elena Ferrante,2011,Elena Ferrante,2011,,Saverio Costanzo,Book Wins,"The book wins because Ferrante's first-person narration is the story—not a delivery mechanism for plot, but the subject itself. The series offers a faithful, visually stunning adaptation of events, but it cannot replicate the experience of living inside Elena's jealous, brilliant, self-deceiving mind. Read the book to understand why female friendship can feel like competition, obsession, and love all at once; watch the series to see 1950s Naples brought to life with rare authenticity.",Is My Brilliant Friend a movie or a series?,"My Brilliant Friend is an HBO series that premiered in 2018, directed by Saverio Costanzo. The first season adapts the first novel in Elena Ferrante's Neapolitan Novels quartet, with subsequent seasons covering the remaining books."
my-sisters-keeper.html,My Sister's Keeper: Book vs Movie — Key Differences & Should You Read First?,"Jodi Picoult's My Sister's Keeper vs. Nick Cassavetes' 2009 film: the book's shocking ending was replaced, multiple narrators cut, and the ethical complexity simplified.",2025-01-15,4,5,3,My Sister's Keeper,Jodi Picoult,2004,Jodi Picoult,2004,,Nick Cassavetes,Book Wins,"The book wins decisively. Picoult's rotating narrators create moral complexity the film can't match, and her ending—controversial, devastating, thematically perfect—exposes the movie's sanitized conclusion as the cowardice it is. Read the novel for the story Cassavetes didn't have the courage to film.",Does the movie have the same ending as the book?,"No. The film completely changes the ending. In Picoult's novel, Anna wins her case but dies in a car accident on the way home from court, and her kidney goes to Kate anyway. The movie lets Anna survive and gives Kate a peaceful death surrounded by family—a far more conventional Hollywood conclusion that eliminates the book's devastating irony."
narnia-magicians-nephew.html,Narnia: The Magician's Nephew Book vs Movie 2026,C.S. Lewis's creation myth for Narnia meets Greta Gerwig's Netflix adaptation. How the 1955 novel's sung-into-being world translates to screen in 2026.,2026-01-15,5,5,3,The Magician's Nephew,C.S. Lewis,1955,C.S. Lewis,1955,,Greta Gerwig,Book Wins,"Lewis's novel is short, precise, and trusts its readers with real moral complexity. Gerwig is the right director for this material — her ability to make the familiar strange is exactly what Narnia needs — but the book's narrator-driven intimacy cannot be filmed. Read it first, let the creation happen in your head, then watch Gerwig make it her own. The book wins because it was there first and because some magic only works in imagination.",Is The Magician's Nephew the first Narnia book?,"It's the first chronologically but the sixth published. Lewis wrote The Lion, the Witch and the Wardrobe first in 1950, then went back to write Narnia's creation story five years later. Most readers still encounter the series in publication order, which means meeting Narnia already formed before learning how it began."
never-let-me-go.html,Never Let Me Go Book vs Movie: Ishiguro vs Romanek,Kazuo Ishiguro's 2005 novel versus Mark Romanek's 2010 film with Carey Mulligan — why Kathy's narrative voice makes the book irreplaceable despite a faithful adaptation.,2025-05-15,5,5,3,Never Let Me Go,Kazuo Ishiguro,2005,Kazuo Ishiguro,2005,2010,Mark Romanek,Book Wins,"Romanek's film is one of the most beautiful and faithful literary adaptations of its decade, and it still cannot do what Ishiguro does. Never Let Me Go is a novel about the slow, quiet devastation of a life understood too late — and that understanding requires time, interiority, and the particular intimacy of a narrator who tells you everything except the things she can't bear to say directly. Read the book. See the film. Bring tissues to both.",Is Never Let Me Go based on a true story?,"No. Never Let Me Go is entirely fictional, though Ishiguro drew on real debates about cloning and bioethics in the early 2000s. The novel's power comes from its emotional truth about mortality and acceptance, not from any factual basis."
no-country-for-old-men.html,No Country for Old Men: Book vs Coen Brothers Film,Cormac McCarthy's 2005 novel vs the Coen Brothers' 2007 film adaptation — the closest thing to a tie on this site. Both versions earn their ending.,2025-01-15,4,5,3,No Country for Old Men,Cormac McCarthy,2005,Cormac McCarthy,2005,2007,Joel & Ethan Coen,Too Close to Call,"The closest thing to a genuine tie on this site. The Coens made an adaptation of extraordinary fidelity and craft — they understood the book well enough to know what to keep and what silence could carry. The novel is richer in Bell's philosophy and Chigurh's articulated menace. The film is the better sensory experience, all sparse landscape and dread. Read the book. See the film. Argue about which is better. You'll both be right.",Is the No Country for Old Men movie faithful to the book?,"Extraordinarily so. The Coens lift entire passages of McCarthy's dialogue verbatim and preserve the novel's structure, including Llewelyn Moss's offscreen death and Sheriff Bell's final dream. The main difference is that the film compresses Bell's interior monologues, which open each chapter in the book and provide the philosophical weight of McCarthy's argument about violence and moral decay."
normal-people.html,Normal People: Book vs TV Series — Sally Rooney Adaptation Explained,"Sally Rooney's novel vs the Hulu/BBC series — Paul Mescal, Daisy Edgar-Jones, and why this is one of the rare cases where both versions are essential.",,4,5,3,Normal People,Sally Rooney,2018,Sally Rooney,2018,,Lenny Abrahamson & Hettie Macdonald,Too Close to Call,"One of the very few cases where both versions are essential and neither is definitively better. Rooney's prose does things Abrahamson's camera cannot, and Abrahamson's camera — specifically trained on Mescal and Edgar-Jones — does things Rooney's prose cannot. Read both. Watch both. Start with whichever you prefer.",,
of-mice-and-men.html,Of Mice and Men: Book vs Movie — Key Differences & Should You Read First?,"John Steinbeck's 1937 novella vs Gary Sinise's 1992 film — George and Lennie, the dream, and one of the great book-to-film adaptations in American cinema.",,4,5,3,Of Mice and Men,John Steinbeck,1937,John Steinbeck,1937,1992,Gary Sinise,Too Close to Call,"Steinbeck wrote one of the great American novellas — spare, inevitable, and heartbreaking in its precision. Sinise made one of the great American literary films from it, with a performance from Malkovich that stands alongside the source rather than beneath it. Read the novella. See the film. This is a genuine tie between two works that honour each other completely.",,
off-campus.html,Off Campus: Book vs Movie — Key Differences & Should You Read First?,Book (2013) vs. Movie (2026) adaptation of Elle Kennedy's romantic sports drama. Discover the key differences and decide if you should read the book first.,,5,5,3,Off Campus,Elle Kennedy,2013,Elle Kennedy,2013,,Director,Book Wins,"The book triumphs over the film adaptation, offering a more compelling story, deeper character development, and a greater emotional impact. Elle Kennedy's 2013 novel is a must-read for fans of the genre, with the movie serving as a less satisfying but still enjoyable companion piece.",,
olive-kitteridge.html,Olive Kitteridge: Book vs Movie — Key Differences & Should You Read First?,Elizabeth Strout's 2008 novel Olive Kitteridge vs. the 2014 HBO miniseries. Discover key differences and which medium reigns supreme.,,4,5,3,Olive Kitteridge,Elizabeth Strout,2008,Elizabeth Strout,2008,,Lisa Cholodenko,Book Wins,"Strout's novel emerges as the superior work, providing a more nuanced and compelling portrait of its titular character.",,
on-the-road.html,On the Road: Book vs Movie — Kerouac vs Walter Salles,Jack Kerouac's spontaneous prose Beat classic versus Walter Salles's 2012 film with Sam Riley and Garrett Hedlund — why the road lives in the sentences.,2026-01-15,5,5,3,On the Road,Jack Kerouac,1957,Jack Kerouac,1957,2012,Walter Salles,Book Wins,"Kerouac wrote a novel whose energy is inseparable from its prose — the road is in the sentences. Salles made a respectful, beautiful film of events that the sentences describe. The novel is irreplaceable. The film is the best possible argument that it cannot be replaced.",Is the On the Road movie faithful to the book?,"Walter Salles's film faithfully recreates the events and journeys of Kerouac's novel, but it cannot reproduce the spontaneous prose style that is the book's defining feature. The film is respectful and beautifully shot, but the novel's energy lives in its sentences, not its plot."
one-day.html,One Day: Book vs Movie — Key Differences & Should You Read First?,"David Nicholls's 2009 novel vs Lone Scherfig's 2011 film — Emma, Dexter, July 15th, and why the book's formal structure is the whole experience.",,5,5,3,One Day,David Nicholls,2009,David Nicholls,2009,2011,Lone Scherfig,Book Wins,"Nicholls's novel accumulates two decades of feeling through a formal device that film simply cannot replicate in two hours. Scherfig's adaptation is earnest and well-intentioned but never solves the casting problem at its centre, and the compression that montage requires strips the story of the weight it needs. Read the book. It will wreck you in the right way. The film is a lesser version of something great.",,
one-flew-over-the-cuckoos-nest.html,One Flew Over the Cuckoo's Nest: Book vs Movie Explained,"Ken Kesey's 1962 novel vs Miloš Forman's 1975 film — Chief Bromden's narration, Nurse Ratched, and one of the great book-to-film debates.",,4,5,3,One Flew Over the Cuckoo's Nest,Ken Kesey,1962,Ken Kesey,1962,1975,Miloš Forman,Too Close to Call,One of the genuinely great book-to-film debates. Forman made a masterpiece by removing the thing that makes Kesey's novel a masterpiece — Chief Bromden's narrating consciousness. Both versions are required reading and viewing. Start with the novel. Bromden deserves to be heard first.,,
outlander.html,Outlander: Book vs TV Series — Diana Gabaldon vs Starz,"Diana Gabaldon's time-travel romance meets Starz's lavish adaptation. Caitriona Balfe and Sam Heughan bring Claire and Jamie to life, but does the series capture the novel's scope?",2026-01-15,5,5,3,Outlander,Diana Gabaldon,1991,Diana Gabaldon,1991,,Various — Starz series,Book Wins,"Gabaldon's novel offers richer interiority, more historical detail, and Claire's distinctive first-person voice. The Starz series offers perfect casting, stunning production design, and visual storytelling that brings 18th-century Scotland to vivid life. The book wins on depth and scope, but the series is one of the most successful literary adaptations in recent television history. Both are worth your time. The book is the original, and it's still the best way in.",Is the Outlander TV series faithful to the books?,"The first season is remarkably faithful, adapting Gabaldon's 850-page novel across sixteen episodes with care and detail. Later seasons compress subsequent novels more aggressively and take greater liberties with plot and character. Season 1 remains the gold standard for literary adaptation fidelity."
pachinko.html,Pachinko: Book vs Apple TV+ Series — Key Differences Explained,Min Jin Lee's multigenerational novel vs the Apple TV+ series — four generations of a Korean family and why the book's scope is irreplaceable.,,5,5,3,Pachinko,Min Jin Lee,2017,Min Jin Lee,2017,,,Book Wins,"The Apple TV+ series is one of the finest literary adaptations in recent streaming history — and it's still a fraction of what Min Jin Lee built. Read the novel first, then watch the series as a companion piece. The book's scope is irreplaceable. The series' visuals are unmatchable. Both belong in your life.",,
people-we-meet-on-vacation.html,People We Meet on Vacation: Book vs Movie — Emily Henry vs Brett Haley,Emily Henry's bestselling friends-to-lovers novel versus Brett Haley's 2026 Netflix adaptation starring Emily Bader and Tom Blyth — what the film captures and what it loses.,2026-01-15,5,5,3,People We Meet on Vacation,Emily Henry,2021,Emily Henry,2021,2026,Brett Haley,Book Wins,"Henry wrote a romance that earns its reputation — funny, emotionally precise, and genuinely moving when it pays off. Haley made a faithful, warmly performed adaptation that loses some of the novel's interiority and gains beautiful locations and two likeable leads. The book is better. The film is one of Netflix's better literary adaptations. If you're going to fall in love with Poppy and Alex, do it on the page first — that's where they live most fully.",Is People We Meet on Vacation a standalone book or part of a series?,"It's a standalone novel. Emily Henry has written other contemporary romances — Beach Read, Book Lovers, Happy Place — but they are not connected. Each can be read independently."
perks-of-being-a-wallflower.html,The Perks of Being a Wallflower: Book vs Movie — Chbosky vs Chbosky,"Stephen Chbosky's 1999 novel vs his own 2012 film — Charlie, Sam, Patrick, and a rare case where the author-directed adaptation genuinely rivals the source.",,4,5,3,The Perks of Being a Wallflower,Stephen Chbosky,1999,Stephen Chbosky,1999,2012,Stephen Chbosky,Too Close to Call,Chbosky wrote one of the generation-defining coming-of-age novels of the 1990s and then made one of the finest adaptations of his own work in cinema history. The novel has Charlie's voice. The film has Ezra Miller. Both have the tunnel. This is a genuine tie and one of the site's most surprising ones.,,
pet-sematary-2019.html,Pet Sematary: Book vs Movie — Key Differences & Should You Read First?,"Stephen King's 1983 novel vs Kölsch and Widmyer's 2019 film — the Creed family, Jud Crandall, the Micmac burial ground, and why King's darkest novel hits harder than any adaptation can.",,4,5,3,Pet Sematary,Stephen King,1983,Stephen King,1983,2019,Kevin Kölsch & Dennis Widmyer,Book Wins,"King's darkest novel is a sustained study in parental grief and the irrationality of love — how a father's inability to accept death leads him somewhere no rational man should go, step by internally justified step. The 2019 film is atmospheric, well-cast in Lithgow, and makes a structural change to the novel's central horror that is defensible but not an improvement. The book is the version that will stay with you. Read it. Then watch the film and argue about the twist.",,
practical-magic-2.html,Practical Magic 2: Book vs Movie — Key Differences & Should You Read First?,Discover the key differences between the 1995 novel Practical Magic 2 by Alice Hoffman and the 2026 film adaptation. Should you read the book first? Our expert review has the verdict.,,5,5,3,Practical Magic 2,Alice Hoffman,1995,Alice Hoffman,1995,,Director,Book Wins,"In her seminal 1995 novel Practical Magic 2, Alice Hoffman crafted a spellbinding tale of love, family, and the power of magic that surpasses the 2026 film adaptation. The book's rich character development, masterful magical realism, and profound thematic explorations elevate it above the upcoming cinematic interpretation, making it an essential read for fans of the Practical Magic universe.",,
presumed-innocent.html,Presumed Innocent: Book vs Series — Key Differences & Should You Read First?,"Scott Turow's 1987 novel vs J.J. Abrams's 2024 Apple TV+ series — Rusty Sabich, Jake Gyllenhaal, and the legal thriller that defined a genre revisited for a new era.",,5,5,3,Presumed Innocent,Scott Turow,1987,Scott Turow,1987,,J.J. Abrams,Book Wins,"Turow's novel invented a genre and remains its finest exemplar — legally precise, psychologically complex, and constructed with a care that thirty-seven years have not diminished. Abrams's series is the best screen version yet: contemporary, well-cast, and anchored by Gyllenhaal and Negga at their best. The book is the masterwork; the series is the best argument for it you could put on television. Read first. Watch immediately after.",,
pride-and-prejudice.html,Pride and Prejudice: Book vs Movie — Jane Austen vs Joe Wright,Jane Austen's 1813 novel vs Joe Wright's 2005 film. Discover the key differences and which medium triumphs in adapting this literary classic.,,5,5,3,Pride and Prejudice,Jane Austen,1813,Jane Austen,1813,,Joe Wright,Book Wins,"Austen wrote one of the great English novels and Wright made one of the great English literary films. The novel's wit and formal precision are irreplaceable. The film's beauty and performances are genuine achievements. Read the novel — all of it, at least twice. See the film for Macfadyen's Darcy walking across the morning field. Both are essential. The book is the thing.",,
project-hail-mary.html,Project Hail Mary Book vs Movie: Should You Read First?,Andy Weir's science-driven novel versus the 2026 Ryan Gosling film directed by Phil Lord and Christopher Miller. Which version of Project Hail Mary wins?,2025-05-15,5,5,3,Project Hail Mary,Andy Weir,2021,Andy Weir,2021,2026,Phil Lord & Christopher Miller,Book Wins,"The book is the richer, deeper experience — Weir's scientific imagination is best encountered at the page's own pace, where you can follow every step of Grace's reasoning without compression. The film is a triumph in its own right, and Gosling's Grace is one of the most likeable protagonists in recent blockbuster cinema, but it's a different kind of pleasure. Read first, then watch Rocky come to life.",Is Project Hail Mary connected to The Martian?,"No. Both novels are by Andy Weir and share his signature problem-solving approach to science fiction, but they exist in separate universes. Project Hail Mary is a standalone novel with no narrative connection to Mark Watney's story on Mars."
ready-player-one.html,Ready Player One: Book vs Movie — Ernest Cline vs Spielberg,"Ernest Cline's 2011 novel vs Spielberg's 2018 film — the OASIS, the pop culture puzzle hunt, and why the book and film make very different bets.",2025-01-15,5,5,3,Ready Player One,Ernest Cline,2011,Ernest Cline,2011,2018,Steven Spielberg,Book Wins,Cline wrote a maximalist geek fantasy with an internal logic that rewards its target audience completely. Spielberg made a technically astonishing film that is less interested in Cline's specific obsessions and more interested in spectacle. The novel is more itself. The film is more a Spielberg film than a Cline adaptation. Both are entertaining. The book is better.,Is the Ready Player One movie faithful to the book?,"No. Spielberg keeps the basic premise — the OASIS, Halliday's contest, Wade's quest — but replaces most of Cline's specific 1980s pop culture puzzles with different references and set pieces. The film is more interested in visual spectacle than the novel's deep-cut trivia. The characters and their relationships are also simplified."
rebecca.html,Rebecca: Book vs Movie — Daphne du Maurier vs Hitchcock,"Daphne du Maurier's 1938 novel vs Hitchcock's 1940 film. Explore the unnamed protagonist, Manderley, and a chilling Gothic masterpiece in two iconic forms.",,5,5,3,Rebecca,Daphne du Maurier,1938,Daphne du Maurier,1938,1940,Alfred Hitchcock,Book Wins,Du Maurier wrote a Gothic masterpiece of female anxiety and identity. Hitchcock made a brilliant film of a sanitised version of it. The novel is the greater work and the more disturbing one. The film is among Hitchcock's finest. Read the book for the real ending. See the film for Mrs Danvers.,,
regretting-you.html,Regretting You: Book vs Movie — Key Differences & Should You Read First?,"Regretting You by Colleen Hoover, a 2019 novel that will be adapted into a 2026 film. Explore the key differences between the book and movie, and decide if you should read the book first.",,5,5,3,Regretting You,Colleen Hoover,2019,Colleen Hoover,2019,,Director,Book Wins,"The book is the clear winner in this comparison. Colleen Hoover's Regretting You is a deeply moving and emotionally resonant exploration of grief, guilt, and family dynamics that the movie adaptation may struggle to fully capture.",,
remains-of-the-day.html,The Remains of the Day: Book vs Movie — Ishiguro vs James Ivory,"Kazuo Ishiguro's Booker Prize-winning novel vs James Ivory's 1993 film — Stevens's repression, the English butler, and what the book does that Hopkins cannot.",2026-01-15,5,5,3,The Remains of the Day,Kazuo Ishiguro,1989,Kazuo Ishiguro,1989,1993,James Ivory,Book Wins,Ivory made one of British cinema's great literary adaptations and it's still considerably lesser than Ishiguro's novel. The book is a technical and emotional achievement that cannot be filmed — its meaning lives in what the narrator refuses to say. See the film for Hopkins. Read the novel for everything else.,Is The Remains of the Day movie faithful to the book?,"The film is remarkably faithful to the plot and period detail, but it cannot replicate the novel's unreliable narration. Stevens's voice in the book — what he says and what he refuses to acknowledge — is the entire point. The film shows you Stevens from the outside; the novel shows you his interior evasions, which is where the tragedy lives."
remarkably-bright-creatures.html,Remarkably Bright Creatures Book vs Netflix 2026,Shelby Van Pelt's octopus-narrated debut versus Sally Field's Netflix adaptation — how Marcellus's alien intelligence translates from page to screen.,2026-01-15,5,5,3,Remarkably Bright Creatures,Shelby Van Pelt,2022,Shelby Van Pelt,2022,2026,Olivia Newman,Book Wins,"The novel is the richer experience — Marcellus's chapters are genuinely strange and moving in ways the film can't replicate, and Van Pelt's restraint with Tova's grief gives the book an emotional precision the adaptation softens. But Field's performance is worth the price of admission, and Newman's direction preserves the story's warmth without turning it into sentimentality. Read first, then watch Field prove why she's one of the great actresses of her generation.",Is Remarkably Bright Creatures based on a true story?,"No, but Van Pelt drew on real octopus cognition research. Giant Pacific octopuses are genuinely capable of problem-solving, tool use, and recognizing individual humans. Marcellus's intelligence is fictional, but his capabilities are grounded in documented octopus behavior."
reminders-of-him.html,Reminders of Him: Book vs Movie — Colleen Hoover vs Vanessa Caswill,Colleen Hoover's grief-soaked romance meets Maika Monroe's contained performance in Vanessa Caswill's 2026 adaptation — dual perspectives vs single throughline.,2026-03-15,5,5,3,Reminders of Him,Colleen Hoover,2022,Colleen Hoover,2022,2026,Vanessa Caswill,Book Wins,"Hoover wrote one of her most emotionally complete novels — grief and romance in careful balance, with a dual perspective that makes the reader feel both sides of the longing. Caswill made a faithful, well-cast film that loses some of the novel's interiority and retains its emotional core. The book is the richer experience. The film is worth seeing for Monroe's contained performance and Coon's dimensional Grace. Read first, then watch to see how the story translates — and where it doesn't.",Is Reminders of Him based on a true story?,"No. Colleen Hoover has stated that the novel is entirely fictional, though she drew on universal themes of grief, guilt, and second chances. The specifics of Kenna's incarceration and Scotty's death are invented, but the emotional landscape is grounded in real human experience."
room.html,Room Book vs Movie: Donoghue vs Abrahamson,Emma Donoghue's novel vs Lenny Abrahamson's 2015 film starring Brie Larson — one of the rare cases where both versions are essential and neither supersedes the other.,2025-05-15,4,5,3,Room,Emma Donoghue,2010,Emma Donoghue,2010,2015,Lenny Abrahamson,Too Close to Call,"Room is the rare adaptation where both versions are essential and neither fully supersedes the other. The novel's first-person narration is irreplaceable; the film's performances are unrepeatable. Larson and Tremblay do things on screen that the page cannot do, and Donoghue on the page does things the screen cannot replicate. If forced to choose, the novel edges ahead for its formal daring — but only just.",Is the Room movie based on a true story?,"No, but Emma Donoghue was inspired by real cases of captivity, particularly the Josef Fritzl case in Austria. She has said she wanted to explore what it would be like for a child born into captivity who knows nothing else. The novel and film are works of fiction, but they draw emotional truth from documented cases of long-term abduction."
roots-2016.html,Roots: Book vs 2016 Miniseries — Key Differences & Should You Read First?,Alex Haley's Roots delivers seven generations of detail the 2016 miniseries condenses into four nights. Compare Kunta Kinte's journey across both versions.,2025-01-15,4,5,3,Roots,Alex Haley,1976,Alex Haley,1976,,Phillip Noyce,Book Wins,"The book earns its length by making you inhabit seven generations of survival, while the miniseries compresses that endurance into four nights of powerful but abbreviated drama. Haley's prose turns genealogy into lived experience; the miniseries turns it into prestige television. Read the book for the full weight of the journey—the miniseries will feel like watching someone else's family photos instead of living through the album yourself.",Is the 2016 Roots miniseries faithful to the book?,"The 2016 miniseries follows the book's basic structure but condenses seven generations into four episodes. Major plot points remain—Kunta's capture, Chicken George's cockfighting, Tom's blacksmith work—but the miniseries streamlines subplots and compresses decades into minutes. It's faithful in spirit but abbreviated in scope."
rosemarys-baby.html,Rosemary's Baby: Book vs Movie — Key Differences & Should You Read First?,"Ira Levin's 1967 novel vs Roman Polanski's 1968 film — Rosemary Woodhouse, the Castevet conspiracy, Mia Farrow, and one of cinema's most faithful and frightening adaptations.",,5,5,3,Rosemary's Baby,Ira Levin,1967,Ira Levin,1967,1968,Roman Polanski,Too Close to Call,"Levin's novel is a masterwork of controlled domestic horror — a woman's dawning, systematically disbelieved terror rendered through strict first-person precision. Polanski's film is one of cinema's great adaptations: scene-for-scene faithful, visually suffocating, and anchored by Farrow and Gordon doing career-defining work. This is one of the rare entries on this site where both versions are genuinely essential and neither diminishes the other. Read the book first. Watch the film immediately after. Then argue about which scared you more.",,
scarpetta.html,Scarpetta: Book vs Movie — Key Differences & Should You Read First?,"Thrilling crime and medical mystery in Patricia Cornwell's Scarpetta series, adapted to film in 2026.",,4,5,3,Scarpetta,Patricia Cornwell,1991,Patricia Cornwell,1991,,Director,Book Wins,"The book wins. Patricia Cornwell's Scarpetta novels are renowned for their intricate plots and complex characters, a challenge the 2026 film adaptation struggles to capture.",,
schindlers-list.html,Schindler's List: Book vs Movie — One of the Rare Times the Film Wins,Thomas Keneally's novel vs Spielberg's 1993 masterpiece — why this is one of the rare cases where the film surpasses its source material.,,3,5,3,Schindler's List,Thomas Keneally,1982,Thomas Keneally,1982,1993,Steven Spielberg,Screen Wins,"One of the very few times on this site the film wins without qualification. Spielberg made something that transcends its source — not because Keneally's book is poor, but because cinema can do certain things with this material that prose cannot. See the film. Read the book for the history. The film is the masterpiece.",,
seabiscuit.html,Seabiscuit: Book vs Movie — Key Differences & Should You Read First?,"Seabiscuit, a 2001 biography by Laura Hillenbrand, was adapted into a 2003 film directed by Jeff Bridges. Follows the true story of an underdog racehorse and his journey to fame.",,5,5,3,Seabiscuit,Laura Hillenbrand,2001,Laura Hillenbrand,2001,,Jeff Bridges,Book Wins,"The book version of Seabiscuit is the clear winner, providing a richer, more detailed account of this inspiring true story.",,
sense-and-sensibility.html,Sense and Sensibility: Book vs Movie — Jane Austen vs Ang Lee,Jane Austen's 1811 novel vs Ang Lee's 1995 film adaptation. Emma Thompson's Oscar-winning screenplay honors the source while Alan Rickman transforms Colonel Brandon.,2025-01-15,5,5,3,Sense and Sensibility,Jane Austen,1811,Jane Austen,1811,1995,Ang Lee,Book Wins,Austen wrote a novel of exquisite formal intelligence. Lee and Thompson made one of the great literary adaptations of the 1990s. The novel is better because Austen is better. The film is an exceptional companion. Read the book. See the film. Regard them as a pair.,Is the 1995 Sense and Sensibility film faithful to the book?,"Yes, remarkably so. Emma Thompson's screenplay compresses the novel but preserves its structure, tone, and most major scenes. The film's warmth toward the Dashwood sisters is slightly less ironic than Austen's narration, but the adaptation is one of the most faithful and intelligent Austen films ever made."
seven-dials-mystery.html,The Seven Dials Mystery: Book vs Movie — Key Differences & Should You Read First?,Explore the key differences between Agatha Christie's 1929 mystery novel The Seven Dials Mystery and its 2026 film adaptation. Discover whether you should read the book first or experience the movie.,,4,5,3,The Seven Dials Mystery,Agatha Christie,1929,Agatha Christie,1929,,Director,Too Close to Call,"Despite some notable differences in pacing, character exploration, and thematic updates, the 2026 film adaptation of The Seven Dials Mystery remains a compelling and largely faithful interpretation of Agatha Christie's classic mystery novel. Both versions offer rich storytelling and an engaging exploration of the author's trademark suspense and intrigue.",,
shadow-and-bone.html,Shadow and Bone: Book vs Series — Key Differences & Should You Read First?,"Leigh Bardugo's 2012 novel vs Netflix's 2021 series — Alina Starkov, the Darkling, and how combining the Grishaverse's storylines creates something richer than any single book.",,4,5,3,Shadow and Bone,Leigh Bardugo,2012,Leigh Bardugo,2012,,Eric Heisserer,Book Wins,"Bardugo's debut is an assured, world-building-rich YA fantasy with one of the genre's great villains in the Darkling. The series adds the Crows — characters Bardugo herself has said she considers her best work — and the combination produces something that may be more entertaining than either source alone. The novel wins on focused intimacy; the series wins on ensemble. Read first, then watch to see what happens when you give Kaz Brekker a Netflix budget.",,
sharp-objects.html,Sharp Objects: Book vs Series — Key Differences & Should You Read First?,"Gillian Flynn's 2006 debut novel vs Jean-Marc Vallée's 2018 HBO series — Camille Preaker, Wind Gap, Amy Adams, and why the book's inside-the-skin unease is harder to shake.",,5,5,3,Sharp Objects,Gillian Flynn,2006,Gillian Flynn,2006,,Jean-Marc Vallée,Book Wins,"Flynn's debut gets under your skin through the specific unease of first-person narration from inside a damaged mind — an effect no camera can fully replicate. Vallée's series is gorgeous, atmospheric, and anchored by two extraordinary performances from Adams and Clarkson. The book is more disturbing. The series is more beautiful. Both are worth your time, in that order.",,
shogun-2024.html,Shogun: Book vs Series — Key Differences & Should You Read First?,"James Clavell's 1975 novel vs the 2024 FX series — John Blackthorne, Toranaga, Hiroyuki Sanada, and how a landmark miniseries became a landmark series fifty years later.",,5,5,3,Shogun,James Clavell,1975,James Clavell,1975,,Rachel Kondo & Caillin Puckett,Book Wins,"Clavell's novel is an epic immersion in feudal Japan — a thousand pages of world-building and cultural collision that earns its scale. The 2024 series is the best screen version of this material by an enormous margin, and in giving its Japanese characters full interiority and equal dramatic weight, it becomes something arguably more complete than its source. The book wins on scope and texture. The series wins on perspective and performance. Read first; watch to see a rare adaptation that improves on its source's most important failure.",,
silence-of-the-lambs.html,The Silence of the Lambs: Book vs Movie — Harris vs Jonathan Demme,"Thomas Harris's 1988 psychological thriller versus Jonathan Demme's 1991 Oscar-sweeping film. Clarice Starling, Hannibal Lecter, and the rare adaptation that equals its source.",2025-01-15,4,5,3,The Silence of the Lambs,Thomas Harris,1988,Thomas Harris,1988,1991,Jonathan Demme,Too Close to Call,Harris wrote a masterwork of psychological thriller fiction. Demme made a masterwork of psychological thriller cinema. Foster and Hopkins delivered career-defining performances that somehow don't overshadow the source material. Read both. Watch both. Don't waste time trying to rank them.,Is the Silence of the Lambs movie better than the book?,This is one of the rare cases where neither version is definitively better. Thomas Harris's novel provides deeper psychological detail and richer interiority for Clarice Starling. Jonathan Demme's film won all five major Academy Awards and features iconic performances from Jodie Foster and Anthony Hopkins. Both are masterworks in their respective mediums.
sophies-choice.html,Sophie's Choice: Book vs Movie — Key Differences & Should You Read First?,Explore the profound differences between William Styron's 'Sophie's Choice' novel and Alan J. Pakula's 1982 film adaptation. Find out which version to experience first.,,4,5,3,Sophie's Choice,William Styron,1979,William Styron,1979,,Alan J. Pakula,Too Close to Call,"Too Close to Call. William Styron's novel and Alan J. Pakula's film adaptation of Sophie's Choice are both must-experience works, each offering a distinct and equally compelling exploration of this complex, haunting story.",,
sphere.html,Sphere: Book vs Movie — Key Differences & Should You Read First?,"Michael Crichton's 1987 novel vs Barry Levinson's 1998 film — Norman Johnson, Dustin Hoffman, Sharon Stone, and why the book's psychological unravelling is more unsettling than anything the film manages.",,4,5,3,Sphere,Michael Crichton,1987,Michael Crichton,1987,1998,Barry Levinson,Book Wins,"Crichton's most psychologically interesting novel puts a mind-reader in a situation where his own mind can't be trusted, and that interior paranoia is the whole experience. Levinson's film is competently made with a strong cast, and consistently misses the specific texture that makes the book unsettling — because that texture exists in Norman's thoughts, not in what happens to him. Read first. The film is a lesser but not unworthy companion.",,
spotlight.html,BooksVersusMovies.com — Honest Book & Movie Comparisons,"Beautiful, honest comparisons of books and their film adaptations. What the book does better, what the movie does better, and whether you should read first.",,4,5,3,The Devil Wears Prada,Lauren Weisberger,2003,Lauren Weisberger,2003,2006,David Frankel,Book Wins,"The film adaptation of *The Devil Wears Prada* is a cultural phenomenon, expertly capturing the essence of the book with stellar performances and iconic styling. However, the book offers a more profound exploration of its protagonist's character arc, a sharper satirical edge, and a more detailed look into the cutthroat world of high fashion. For those seeking a deeper, more critical examination of the themes and a more layered portrayal of the characters, the book is the definitive first choice.",,
stardust.html,Stardust: Book vs Movie — Key Differences & Should You Read First?,"Neil Gaiman's 1999 novel vs Matthew Vaughn's 2007 film — Tristran Thorn, Yvaine, Charlie Cox, Claire Danes, and one of the rare cases where a film improves on its source's ending.",,4,5,3,Stardust,Neil Gaiman,1999,Neil Gaiman,1999,2007,Matthew Vaughn,Too Close to Call,"Gaiman's novel is a slim, formally elegant fairy tale that earns its melancholy ending. Vaughn's film is warmer, funnier, and blessed with De Niro and Pfeiffer doing some of their most enjoyable work. The film improves on the novel's ending by Gaiman's own account. Too close to call — and genuinely worth experiencing both, in whichever order appeals.",,
station-eleven.html,Station Eleven: Book vs TV Series — Emily St. John Mandel vs HBO,"Emily St. John Mandel's 2014 novel vs the HBO Max series — the Georgia Flu, the Travelling Symphony, and one of television's great pandemic stories.",,4,5,3,Station Eleven,Emily St. John Mandel,2014,Emily St. John Mandel,2014,,Patrick Somerville,Too Close to Call,Mandel wrote a beautifully constructed novel about what survives catastrophe and why it matters. Somerville made one of the finest literary adaptations in television history from it. The novel is more formally precise. The series is more emotionally generous. Both are essential. This is a genuine tie.,,
talented-mr-ripley.html,The Talented Mr. Ripley: Book vs Movie — Highsmith vs Minghella,"Patricia Highsmith's 1955 novel vs Anthony Minghella's 1999 film — Matt Damon softens the sociopath Highsmith made chillingly alien, but the Italian setting stuns.",2025-01-15,5,5,3,The Talented Mr. Ripley,Patricia Highsmith,1955,Patricia Highsmith,1955,1999,Anthony Minghella,Book Wins,"Highsmith wrote a sociopath's inner life with such precision that the novel remains genuinely unsettling seventy years later. Minghella made a gorgeous, intelligent film that softens the sociopath into something comprehensible and therefore lesser. The film's Italy is more beautiful, but the novel's Tom is more terrifying. Read the novel, see the film, prefer the novel.",Is the movie faithful to the book?,"Minghella's film follows the novel's plot closely but fundamentally alters Tom Ripley's psychology. The book's Tom is coldly alien and matter-of-fact about his crimes. The film's Tom, played by Matt Damon, is visibly anxious and wounded, making him more sympathetic but less disturbing. The homoerotic subtext becomes explicit text, which psychologizes Tom in ways Highsmith deliberately avoided."
the-bodyguard.html,The Bodyguard: Book vs Movie — Key Differences & Should You Read First?,"Dive into the captivating world of The Bodyguard, a 2022 novel by Katherine Center that is being adapted into a film. Explore the key differences between the book and movie, and discover whether you should read the book first.",,4,5,3,The Bodyguard,Katherine Center,2022,Katherine Center,2022,,Director,Book Wins,"The highly anticipated adaptation of Katherine Center's 2022 novel The Bodyguard delivers a compelling cinematic experience, though the book ultimately emerges victorious. The novel's intimate first-person perspective, deeper character development, and more expansive thematic exploration give it the edge over the film version, which may struggle to fully capture the same emotional impact and comedic flair.",,
the-book-thief.html,The Book Thief: Book vs Movie — Key Differences & Should You Read First?,"Markus Zusak's 2005 novel vs Brian Percival's 2013 film — Liesel Meminger, Death as narrator, Sophie Nélisse, and why the book's formal invention is its greatest achievement.",,5,5,3,The Book Thief,Markus Zusak,2005,Markus Zusak,2005,2013,Brian Percival,Book Wins,"Zusak's novel earns its place among the great WWII narratives through a formal invention — Death as narrator — that transforms the story's relationship to grief and foreshadowing. Percival's film is handsome, well-cast, and faithful to the plot while necessarily abandoning the voice that is the novel's entire achievement. Geoffrey Rush as Hans is irreplaceable. Death's narration is more irreplaceable. Read first; watch after for Rush and for Rudy.",,
the-client.html,The Client: Book vs Movie — Key Differences & Should You Read First?,"John Grisham's 1993 legal thriller 'The Client' was adapted to the screen in 1994, directed by Joel Schumacher. See how the book compares to the movie.",,5,5,3,The Client,John Grisham,1993,John Grisham,1993,,Joel Schumacher,Book Wins,"The book version of The Client is the clear winner, providing a deeper, more nuanced exploration of the characters and their motivations. While the movie is an engaging legal thriller in its own right, it falls short in capturing the full depth and complexity of Grisham's original work.",,
the-color-purple.html,The Color Purple: Book vs Movie — Alice Walker vs Steven Spielberg,Alice Walker's epistolary masterpiece versus Spielberg's 1985 film starring Whoopi Goldberg. Celie's voice on the page cannot be filmed—but Goldberg tries anyway.,2025-01-15,5,5,3,The Color Purple,Alice Walker,1982,Alice Walker,1982,1985,Steven Spielberg,Book Wins,"Walker wrote a novel that is formally radical and emotionally devastating. Spielberg made an imperfect, sincere, sometimes beautiful film of it. The novel is the greater work—its epistolary form is irreplaceable, its voice singular. The film has Whoopi Goldberg, which is its own argument. Read the novel. See the film. Prefer the novel.",Is The Color Purple movie faithful to the book?,"The film follows the novel's major plot points but softens Celie and Shug's romantic relationship and compresses Nettie's African storyline significantly. Spielberg's version is more sentimental than Walker's spare, devastating prose. The epistolary form—Celie's letters to God—cannot be replicated on screen, which fundamentally changes the experience."
the-count-of-monte-cristo.html,The Count of Monte Cristo: Book vs Movie — Key Differences & Should You Read First?,"Alexandre Dumas' epic revenge tale, The Count of Monte Cristo, brought to life in a 2025 film adaptation. Discover the key differences and decide whether to read the book first.",,5,5,3,The Count of Monte Cristo,Alexandre Dumas,1844,Alexandre Dumas,1844,,Alexandre de la Patellière,Book Wins,"The book remains the superior version, delivering a richer, more nuanced exploration of justice and redemption.",,
the-electric-state.html,The Electric State: Book vs Movie — Key Differences & Should You Read First?,"Simon Stålenhag's 2018 illustrated novel vs the Russo Brothers' 2025 Netflix film — nostalgia, technology, and the end of the world.",,5,5,3,The Electric State,Simon Stålenhag,2018,Simon Stålenhag,2018,2025,Russo Brothers,Book Wins,"The Electric State is a rare case where the book is almost certainly the superior artistic achievement, but the film will reach millions more people. Stålenhag's novel is a quiet masterpiece — a perfect marriage of prose and painting that creates a world unlike any other. The Russo Brothers' film will be entertaining, well-made, and visually impressive, but it cannot replicate the book's lonely, melancholy soul. Read the book first. Savor it. Then see what Hollywood does with it. The book wins for atmosphere, originality, and emotional resonance — but the film may still be worth your time as a companion piece.",,
the-fault-in-our-stars.html,The Fault in Our Stars: Book vs Movie — Key Differences & Should You Read First?,"John Green's 2012 novel vs Josh Boone's 2014 film — Hazel, Augustus, and why the book's wit and grief cut deeper than the movie can manage.",,4,5,3,The Fault in Our Stars,John Green,2012,John Green,2012,2014,Josh Boone,Book Wins,"Green's novel is sharper, funnier, and more honest about death than the film has room to be. Boone's adaptation is faithful and well-acted — Woodley in particular earns every scene — but it trades the book's wit and precision for a more conventionally moving experience. Both will make you cry. The book gives you more reason to.",,
the-firm.html,The Firm: Book vs Movie — John Grisham vs Sydney Pollack,John Grisham's legal thriller versus Sydney Pollack's 1993 film with Tom Cruise. The novel's brilliant billing fraud ending versus Hollywood's chase sequence.,2025-01-15,5,5,3,The Firm,John Grisham,1991,John Grisham,1991,1993,Sydney Pollack,Book Wins,Grisham's novel is a masterwork of thriller plotting with one of the genre's cleverest endings. Pollack's film is a compulsively watchable adaptation that throws away the best part. Read the novel for the ending. See the film for Cruise and Hackman. But know that Hollywood traded intelligence for spectacle and got the worse deal.,Did John Grisham write the movie ending?,"Yes. Grisham co-wrote the screenplay with David Rabe and Robert Towne, and he approved the changed ending. He later said the novel's billing fraud resolution wasn't considered cinematic enough for a major studio thriller."
the-girl-with-the-dragon-tattoo-fincher.html,The Girl with the Dragon Tattoo: Book vs Movie — Key Differences & Should You Read First?,"Stieg Larsson's 2005 novel vs David Fincher's 2011 film — Lisbeth Salander, Mikael Blomkvist, and one of the closest book-versus-film contests on this site.",,5,5,3,The Girl with the Dragon Tattoo,Stieg Larsson,2005,Stieg Larsson,2005,2011,David Fincher,Too Close to Call,"Larsson's novel gives you more world, more Lisbeth, and more of the Swedish institutional context that makes her story meaningful. Fincher's film gives you formal mastery, a transformative lead performance, and an ending that improves on the source. The novel is richer; the film is better made. Too close to call — and worth experiencing both.",,
the-giver.html,The Giver: Book vs Movie — Key Differences & Should You Read First?,"Lois Lowry's 1993 novel vs Phillip Noyce's 2014 film — Jonas, the Community, Jeff Bridges, and why the book's spare simplicity carries more weight than the movie's expanded ambitions.",,4,5,3,The Giver,Lois Lowry,1993,Lois Lowry,1993,2014,Phillip Noyce,Book Wins,"Lowry's novel earns its power through radical simplicity — spare prose, a young protagonist, an ending that refuses resolution. The film respects the source but fundamentally misunderstands what makes it work, expanding a story whose genius is compression into something more cinematic and considerably less affecting. Jeff Bridges is exactly right; everything around him is too much. Read the book. It will stay with you longer than the film.",,
the-glass-castle.html,The Glass Castle: Book vs Movie — Key Differences & Should You Read First?,"Jeannette Walls' memoir loses its raw power in the 2017 film. We compare Rex's complexity, the nonlinear structure, and why Brie Larson can't capture the book's honesty.",2025-01-15,4,5,3,The Glass Castle,Jeannette Walls,2005,Jeannette Walls,2005,,Destin Daniel Cretton,Book Wins,"The book wins by refusing to make poverty picturesque or parental neglect forgivable. Walls' memoir documents what the film only gestures toward—that love and harm can coexist in the same parent, and that escaping your childhood doesn't mean it stops shaping you. The movie gives you Woody Harrelson's charisma; the book gives you the truth about what that charisma cost.",Is The Glass Castle movie accurate to the book?,"The film captures major events but sanitizes the family's dysfunction. Rex's alcoholism is softened, Rose Mary's neglect is downplayed, and the children's suffering is made more palatable for mainstream audiences. The book's unflinching honesty about parental failure is compromised for a more redemptive narrative arc."
the-goldfinch.html,The Goldfinch: Book vs Movie — Key Differences & Should You Read First?,Donna Tartt's sprawling novel versus John Crowley's 2019 film. The book's 800 pages capture Theo's addiction and guilt; the movie rushes past both.,2025-01-15,4,5,3,The Goldfinch,Donna Tartt,2013,Donna Tartt,2013,,John Crowley,Book Wins,"The book wins by a wide margin—Tartt's novel is flawed but immersive, while Crowley's film is competent but hollow. The movie captures the plot but misses the interior life that makes Theo's journey worth following. Read the book for the experience; skip the movie unless you're curious how badly a prestige adaptation can misfire.",Is The Goldfinch movie faithful to the book?,"The film follows the novel's plot structure but compresses Theo's internal journey significantly. Key scenes remain—the museum bombing, the Las Vegas chapters with Boris, the Amsterdam climax—but the emotional weight behind them is diminished. The movie rushes through moments that Tartt spent dozens of pages developing, particularly Theo's descent into addiction and his complicated relationship with Pippa."
the-great-gatsby.html,The Great Gatsby: Book vs Movie — Fitzgerald vs Baz Luhrmann,"F. Scott Fitzgerald's 1925 novel vs Baz Luhrmann's 2013 film — Jay Gatsby, the green light, and why the prose is the point.",,5,5,3,The Great Gatsby,F. Scott Fitzgerald,1925,F. Scott Fitzgerald,1925,,Baz Luhrmann,Book Wins,"Fitzgerald wrote one of the perfect American novels. Luhrmann made a brave, flawed, sometimes beautiful film of it. Read the novel — it is one hundred and eighty pages and will take three hours and will last a lifetime. See the film if DiCaprio's face is worth the trade. The book is the thing.",,
the-handmaids-tale.html,The Handmaid's Tale: Book vs Movie vs TV — Atwood vs Schlöndorff vs Hulu,Margaret Atwood's 1985 dystopian novel versus the 1990 Schlöndorff film and Hulu series — why Offred's voice in the book remains irreplaceable despite Elisabeth Moss's performance.,2026-01-15,5,5,3,The Handmaid's Tale,Margaret Atwood,1985,Margaret Atwood,1985,1990,Volker Schlöndorff,Book Wins,Atwood wrote one of the essential political novels of the twentieth century. The 1990 film did not do it justice. The Hulu series found a worthy visual language for it but replaced Atwood's formal precision with narrative extension. The novel is the source and remains the best version. Read it first and repeatedly.,Is The Handmaid's Tale TV series faithful to the book?,"Season one follows Atwood's novel closely, capturing the world of Gilead with visual precision and Elisabeth Moss delivering a performance that honors Offred's interior resistance. Subsequent seasons move beyond the novel into original territory, expanding the story Atwood deliberately left ambiguous. The series is faithful in spirit to season one, then becomes its own creation."
the-hate-u-give.html,The Hate U Give: Book vs Movie — Key Differences & Should You Read First?,"Angie Thomas' 2017 YA novel The Hate U Give, adapted into a 2018 film directed by George Tillman Jr. — a powerful story exploring racism and police brutality.",,4,5,3,The Hate U Give,Angie Thomas,2017,,,,,,,,
the-haunting-of-hill-house.html,The Haunting of Hill House: Book vs Series — Key Differences & Should You Read First?,"Shirley Jackson's 1959 novel vs Mike Flanagan's 2018 Netflix series — Eleanor Vance, the Crain family, and how a masterpiece of psychological horror became a masterpiece of family drama.",,5,5,3,The Haunting of Hill House,Shirley Jackson,1959,Shirley Jackson,1959,,Mike Flanagan,Too Close to Call,"Jackson's novel is a masterwork of psychological horror conducted through prose of total control — the unreliable narrator as horror device, the haunted house as metaphor for a haunted mind. Flanagan's series is a masterwork of family trauma drama that uses Jackson's setting as a framework for its own deeply felt argument about grief and inheritance. They are different achievements in different forms, both essential. Too close to call — and the rare case where both source and adaptation deserve the highest praise.",,
the-help.html,The Help: Book vs Movie — Key Differences & Should You Read First?,"Kathryn Stockett's 2009 novel vs Tate Taylor's 2011 film — Skeeter, Aibileen, Minny, Viola Davis, and the conversation the book and film both open and both complicate.",,4,5,3,The Help,Kathryn Stockett,2009,Kathryn Stockett,2009,2011,Tate Taylor,Book Wins,"Stockett's novel gives Aibileen and Minny the full weight of first-person voices across four hundred pages — their interiority, their humour, their fury, their dignity. Tate Taylor's film is a faithful, well-crafted adaptation anchored by two of the finest performances of 2011, but its slight tilt toward Skeeter as protagonist shifts the balance the novel maintains. Read first for the complete voices. Watch for Davis and Spencer, who honour those voices as completely as any adaptation could.",,
the-hours.html,The Hours: Book vs Movie — Key Differences & Should You Read First?,"Michael Cunningham's 1998 novel vs Stephen Daldry's 2002 film — three women, one day, Virginia Woolf, and one of cinema's great ensemble performances.",,4,5,3,The Hours,Michael Cunningham,1998,Michael Cunningham,1998,2002,Stephen Daldry,Too Close to Call,"Cunningham wrote a novel of formal ambition and emotional precision — prose rhythms that echo Woolf across half a century. Daldry made one of the great ensemble films of the 2000s, with three performances that are collectively extraordinary and a Glass score that does in music what Cunningham does in prose. Read the novel. See the film. Both are necessary versions of the same argument about what it costs to live consciously. A genuine tie.",,
the-housemaid.html,The Housemaid: Book vs Movie — Freida McFadden vs Paul Feig,"Freida McFadden's BookTok thriller vs Paul Feig's 2025 film — Millie, Nina, the twist, and whether Sydney Sweeney and Amanda Seyfried do it justice.",2025-01-15,5,5,3,The Housemaid,Freida McFadden,2022,Freida McFadden,2022,2025,Paul Feig,Book Wins,"McFadden wrote a precision-engineered thriller that rewards its readers with a well-constructed payoff. Feig made a knowingly camp, commercially savvy film of it with one excellent performance at its centre. The novel is the more complete experience. The film is the more entertaining one to watch with an audience. Read first. See both. And if you want more Millie, McFadden wrote two sequels — the film's success means you'll see her again on screen too.",Is The Housemaid movie faithful to the book?,"The film preserves the novel's central twist and major plot points, but Paul Feig's direction adds a layer of knowing camp that shifts the tone. Amanda Seyfried's Nina is more theatrical than McFadden's version, and the shorter runtime means less accumulation of dread. The core story remains intact, but the experience is different."
the-last-thing-he-told-me.html,The Last Thing He Told Me: Book vs Movie — Key Differences & Should You Read First?,"A gripping mystery novel by Laura Dave, adapted into a 2026 movie. Exploring the key differences between the book and film versions, and whether you should read the book first.",,5,5,3,The Last Thing He Told Me,Laura Dave,2021,Laura Dave,2021,,Director,Book Wins,"The book version of The Last Thing He Told Me is the superior narrative, with more depth and complexity than the 2026 film adaptation. While the film is a competent adaptation, it ultimately falls short in capturing the full emotional and thematic impact of the novel.",,
the-lincoln-lawyer.html,The Lincoln Lawyer: Book vs Movie — Key Differences & Should You Read First?,"Michael Connelly's 2005 novel vs Brad Furman's 2011 film — Mickey Haller, Matthew McConaughey, and why the book's procedural depth outpaces the movie's slick efficiency.",,4,5,3,The Lincoln Lawyer,Michael Connelly,2005,Michael Connelly,2005,2011,Brad Furman,Book Wins,"Connelly's novel is a meticulous, morally serious legal thriller that earns its ethical dilemma through procedural patience. Furman's film is slick, well-cast, and enjoyable — and moves too quickly to carry the weight the book builds. McConaughey is the right Haller; the film just doesn't give him enough of the book to work with. Read first.",,
the-long-walk.html,The Long Walk: Book vs Movie — Key Differences & Should You Read First?,"The Long Walk, Stephen King's 1979 dystopian thriller, is being adapted into a movie by an acclaimed director in 2026. Compare the key differences between the book and film versions.",,4,5,3,The Long Walk,Stephen King,1979,Stephen King,1979,,Director,Book Wins,"The Long Walk is a prime example of a Stephen King novel that is likely to transcend its film adaptation. While the movie may offer a visually stunning interpretation of the competition, the book's intricate character work, immersive worldbuilding, and searing thematic exploration make it the superior version. Fans of the source material should read the book first to fully appreciate the depth and complexity of this chilling dystopian tale.",,
the-longest-ride.html,The Longest Ride: Book vs Movie — Key Differences & Should You Read First?,"Nicholas Sparks's 2013 novel vs George Tillman Jr.'s 2015 film — two love stories across two timelines, and why the novel's dual structure carries more weight than the movie manages.",,4,5,3,The Longest Ride,Nicholas Sparks,2013,Nicholas Sparks,2013,2015,George Tillman Jr.,Book Wins,"Sparks's most formally ambitious novel earns the connection between its two love stories through patience and accumulation — the kind of work that novels do better than films. Tillman's adaptation is warm and well-cast, but it simplifies the structure that makes the source distinctive. The book is the fuller experience; the film is a pleasant afternoon with good-looking people in North Carolina.",,
the-lovely-bones.html,The Lovely Bones: Book vs Movie — Key Differences & Should You Read First?,"Alice Sebold's 2002 novel vs Peter Jackson's 2009 film — Susie Salmon's narration, the in-between, and why the book's grief is more truthful than the film's spectacle.",,5,5,3,The Lovely Bones,Alice Sebold,2002,Alice Sebold,2002,2009,Peter Jackson,Book Wins,"Sebold wrote a novel about grief narrated by the dead that is precise, unsentimental, and genuinely moving. Jackson made a visually spectacular film that tips into excess and loses the novel's careful emotional restraint. Read the book. See the film for Stanley Tucci — one of the great villain performances of the 2000s.",,
the-man-in-my-basement.html,The Man in My Basement: Book vs Movie — Key Differences & Should You Read First?,"A psychological thriller novel by Walter Mosley, published in 2004. The 2026 film adaptation explores the complex relationship between a reclusive man and the stranger he invites into his basement, examining themes of identity, power, and moral ambiguity.",,5,5,3,The Man in My Basement,Walter Mosley,2004,Walter Mosley,2004,,Director,Book Wins,"The book triumphs over the film adaptation, offering a more nuanced exploration of the central characters and their psychological complexities. Mosley's novel is a must-read for fans of psychological thrillers, delivering a gripping and thought-provoking narrative that the film struggles to fully capture.",,
the-martian.html,The Martian Book vs Movie: Weir vs Ridley Scott,Andy Weir's self-published survival novel versus Ridley Scott's 2015 film with Matt Damon — one of the most faithful sci-fi adaptations ever made.,2025-01-15,4,5,3,The Martian,Andy Weir,2011,Andy Weir,2011,2015,Ridley Scott,Too Close to Call,"A genuinely close call — one of the better-matched book-film pairs in recent memory. The book is funnier, more technically rich, and gives you Watney's mind; the film is better paced, more emotionally direct, and Scott's rescue sequence is extraordinary. Read both. Start wherever you like. You'll be glad you experienced both versions of the best survival story set on Mars.",Is The Martian movie faithful to the book?,"Yes, remarkably so. Ridley Scott's film preserves the novel's structure, tone, and most major plot points. The science is simplified and some disaster sequences are cut for pacing, but the core of Mark Watney's survival story remains intact. Matt Damon captures Weir's sardonic humor and the film's visual storytelling often matches or exceeds the book's technical descriptions."
the-maze-runner-film.html,The Maze Runner: Book vs Movie — Key Differences & Should You Read First?,"James Dashner's 2009 novel vs Wes Ball's 2014 film — Thomas, the Glade, Dylan O'Brien, and why the book's claustrophobic mystery survives the leap to screen better than most YA adaptations.",,4,5,3,The Maze Runner,James Dashner,2009,James Dashner,2009,2014,Wes Ball,Book Wins,"Dashner builds his mystery through genuine ignorance — Thomas's and ours — and the slow revelation of the Glade's society gives the novel a texture the film can only gesture at. Ball's adaptation is lean, tense, and better than most YA films of its era, with O'Brien as exactly the right Thomas. The book is the fuller experience; the film is the more immediately exciting one. Read first.",,
the-maze-runner.html,The Maze Runner: Book vs Movie — James Dashner vs Wes Ball,"James Dashner's 2009 novel vs Wes Ball's 2014 film — Thomas loses his interiority, Teresa loses her telepathy, but the Maze gains scale and visual terror.",2025-01-15,4,5,3,The Maze Runner,James Dashner,2009,James Dashner,2009,,Wes Ball,Book Wins,"Dashner wrote a propulsive YA thriller that sustains its central mystery with genuine skill, using first-person interiority to make every revelation land with personal weight. Ball made a faithful, well-executed adaptation that loses some of the novel's interiority and gains a visual rendering of the Maze that the prose can only approximate. The novel is the better version, but the film is one of the better YA adaptations of its era — it respects its source material and understands what makes the story work. Read the book for the mystery; watch the film for the Maze.",Is The Maze Runner movie faithful to the book?,"Yes, the film follows the novel's plot closely. The major changes are the removal of Teresa and Thomas's telepathic connection, reduced interiority for Thomas, and a streamlined Glade community. The core mystery, the Maze structure, and the ending remain intact."
the-nightingale.html,The Nightingale: Book vs Movie — Key Differences & Should You Read First?,"The Nightingale by Kristin Hannah, a powerful historical fiction novel about the Nazi occupation of France, is adapted into a highly anticipated film in 2027.",,5,5,3,The Nightingale,Kristin Hannah,2015,Kristin Hannah,2015,,Director,Book Wins,"The Nightingale is a literary masterpiece that is unlikely to be fully replicated in the film adaptation. While the movie may provide a visually stunning and emotionally powerful interpretation of the story, the book's depth of character, historical authenticity, and thematic complexity are simply too profound to be fully captured on screen. For those who have not yet experienced this powerful story, the book is the clear choice for the ultimate, unforgettable Nightingale experience.",,
the-notebook.html,The Notebook: Book vs Movie — Nicholas Sparks vs Nick Cassavetes,Nicholas Sparks's 1996 novel vs Nick Cassavetes's 2004 film starring Ryan Gosling and Rachel McAdams — a rare case where the film's chemistry rivals the book's introspection.,2025-01-15,4,5,3,The Notebook,Nicholas Sparks,1996,Nicholas Sparks,1996,2004,Nick Cassavetes,Book Wins,"Sparks wrote a clean, deliberate love story with more weight than its detractors allow. Cassavetes made a film that transcended its source through sheer chemistry. The novel is better-written. The film is more beloved. The book is the better version of the same story, but the film is the one people will remember.",Is The Notebook movie faithful to the book?,"The film preserves the central love story and framing device but shifts emphasis. Cassavetes gives Allie more agency in choosing between Lon and Noah, while Sparks's novel stays closer to Noah's introspective perspective. The core narrative remains intact, but the film prioritizes visual romance over internal contemplation."
the-odyssey.html,The Odyssey Book vs Nolan's 2026 Film: Should You Read First?,"Homer's foundational epic versus Christopher Nolan's 2026 adaptation with Matt Damon. The non-linear structure, divine intervention, and Penelope's expanded role.",2026-01-15,4,5,3,The Odyssey,Homer,800 BC,Homer,~800 BC,2026,Christopher Nolan,Too Close to Call,"Two great works that illuminate each other without replacing each other. Homer's Odyssey is literature's oldest adventure story and remains irreplaceable — the epic similes, the oral texture, the genuine belief in divine presence can't be filmed. Nolan's adaptation is a worthy heir — ambitious, visually extraordinary, and genuinely moved by its source. The non-linear structure is a perfect match for his sensibility, and the expanded roles for Penelope and Telemachus may actually deepen the homecoming. Read the poem, see the film, and marvel that a story this old still works.",Is Christopher Nolan's The Odyssey faithful to Homer's poem?,"Early reports suggest Nolan preserves the non-linear structure and major episodes while expanding Penelope's role and treating divine intervention with characteristic ambiguity. The core narrative remains intact, but expect Nolan's signature temporal complexity and psychological depth."
the-outsider.html,The Outsider: Book vs Series — Key Differences & Should You Read First?,"Stephen King's 2018 novel vs Jason Bateman's 2020 HBO series — comparing the impossible murder, El Cuco's mythology, and how HBO's 'The Outsider' adapts King's genre pivot.",,4,5,3,The Outsider,Stephen King,2018,Stephen King,2018,,Jason Bateman,Book Wins,"King's novel earns its supernatural reveal through patient procedural construction — one of his most satisfying genre pivots. HBO's series is well-cast, atmospherically effective, and benefits from Mendelsohn's gravity at its centre, while moving at a prestige-television pace that the novel's more efficient storytelling outpaces. Read first. Watch for Mendelsohn and Erivo. The book is the sharper experience.",,
the-outsiders.html,The Outsiders: Book vs Movie — Key Differences & Should You Read First?,"S.E. Hinton's 1967 novel vs Francis Ford Coppola's 1983 film — Ponyboy Curtis, the Greasers, and one of the great author-to-adaptation stories in American literature.",,4,5,3,The Outsiders,S.E. Hinton,1967,S.E. Hinton,1967,1983,Francis Ford Coppola,Too Close to Call,"Hinton wrote the novel at fifteen and it has never been out of print. Coppola made a film that is faithful, beautifully cast, and as emotionally direct as the source. The novel has Ponyboy's voice; the film has an ensemble that launched careers. Both belong together. Read the novel for the interiority. See the film for the cast. This is a genuine tie and one of the more harmonious book-to-film relationships on this site.",,
the-pelican-brief.html,The Pelican Brief: Book vs Movie — Key Differences & Should You Read First?,The Pelican Brief by John Grisham (1992) vs. the 1993 film starring Julia Roberts and Denzel Washington. Discover if the book or movie reigns supreme.,,4,5,3,The Pelican Brief,John Grisham,1992,John Grisham,1992,,Alan J. Pakula,Book Wins,The book wins out as the superior version of this gripping legal thriller.,,
the-pianist.html,The Pianist: Book vs Movie — Key Differences & Should You Read First?,"The Pianist: A gripping memoir-turned-film about a Polish pianist's harrowing survival during WWII. Directed by Roman Polanski, starring Adrien Brody.",,5,5,3,The Pianist,Władysław Szpilman,1946,Władysław Szpilman,1946,,Roman Polanski,Too Close to Call,"Too Close to Call - The book and film versions of The Pianist are both powerful portrayals of the Holocaust, each offering a distinct perspective that is well worth experiencing.",,
the-picture-of-dorian-gray.html,The Picture of Dorian Gray: Book vs Movie — Key Differences & Should You Read First?,Oscar Wilde's Gothic masterpiece meets its 2009 film adaptation: Discover the key differences and decide if you should read 'The Picture of Dorian Gray' first.,,4,5,3,The Picture of Dorian Gray,Oscar Wilde,1890,Oscar Wilde,1890,,Oliver Parker,Book Wins,"The book firmly wins this adaptation, capturing the depth and complexity of Wilde's themes more effectively than the film.",,
the-pillars-of-the-earth.html,The Pillars of the Earth: Book vs Series — Key Differences & Should You Read First?,"Ken Follett's 1989 novel vs Sergio Mimica-Gezzan's 2010 miniseries — explore the epic tale of medieval England, cathedral building, and why the book's richness transcends the screen.",,4,5,3,The Pillars of the Earth,Ken Follett,1989,Ken Follett,1989,,Sergio Mimica-Gezzan,Book Wins,"Follett's novel earns its thousand pages through a commitment to making medieval architecture feel urgent and a timeframe long enough to show what history does to people across generations. The 2010 series is a well-cast, faithful adaptation that demonstrates the limits of eight hours when the source has forty years of story to tell. Redmayne and Atwell are the right Jack and Aliena; the novel is the fuller version of their world. Read first.",,
the-princess-bride.html,The Princess Bride: Book vs Movie — Key Differences & Should You Read First?,"William Goldman's 1973 novel vs Rob Reiner's 1987 film — Westley, Buttercup, Inigo Montoya, and one of the great author-to-adaptation stories in cinema history.",,4,5,3,The Princess Bride,William Goldman,1973,William Goldman,1973,1987,Rob Reiner,Too Close to Call,"Goldman wrote the novel and then wrote the screenplay and knew exactly what each medium required. The film is as good as the book — different in its pleasures, faithful in spirit, and in the case of Inigo Montoya genuinely better. This is a genuine tie made possible by the unusual fact of a single author understanding both forms equally well. Read the novel for the meta-fictional frame. See the film for the cast. Both are essential. As you wish.",,
the-road.html,The Road: Book vs Movie — Cormac McCarthy vs John Hillcoat,"Cormac McCarthy's Pulitzer Prize-winning novel vs John Hillcoat's 2009 film — the father, the boy, the fire, and why the prose is the whole point.",2026-01-15,5,5,3,The Road,Cormac McCarthy,2006,Cormac McCarthy,2006,2009,John Hillcoat,Book Wins,"Hillcoat's film is as faithful an adaptation as could be made and still considerably lesser than the source. McCarthy's prose is the whole point — it's not decorative, it's structural. The film gives you the story. The book gives you the experience. There is no comparison.",Is The Road movie as depressing as the book?,"Yes, but in a different register. The film is visually bleak and emotionally heavy, but McCarthy's prose creates a more sustained sense of existential dread. The novel's stripped syntax and relentless interiority make the despair more immersive. The film is sad; the book is suffocating."
the-secret-garden.html,The Secret Garden: Book vs Movie — Key Differences & Should You Read First?,"Frances Hodgson Burnett's 1911 novel vs Marc Munden's 2020 film — Mary Lennox, the garden, and why the book's transformation is more truthful than the film's spectacle.",,5,5,3,The Secret Garden,Frances Hodgson Burnett,1911,Frances Hodgson Burnett,1911,2020,Marc Munden,Book Wins,"Burnett wrote a novel about the slow, difficult work of healing — in a child, in a garden, in a household full of grief. Munden's film is visually beautiful and emotionally accelerated. The novel is the more honest account of how recovery actually works. Read it at any age. See the film for the visuals. The garden on the page is the real one.",,
the-secret-life-of-bees.html,The Secret Life of Bees: Book vs Movie — Key Differences & Should You Read First?,Sue Monk Kidd's novel delivers the emotional depth that Gina Prince-Bythewood's 2008 film can't capture. Lily's journey and May's tragedy lose nuance on screen.,2025-01-15,4,5,3,The Secret Life of Bees,Sue Monk Kidd,2002,Sue Monk Kidd,2002,,Gina Prince-Bythewood,Book Wins,"The book wins because it trusts you to sit with discomfort—Lily's complicity, Deborah's abandonment, the South's casual cruelty. The film offers the same story but sands down its edges, delivering uplift without the painful self-examination that makes the novel more than a coming-of-age tale. Read Kidd's book for the full weight of Lily's journey; watch Prince-Bythewood's film for the performances, especially Okonedo's heartbreaking May.",Is The Secret Life of Bees movie faithful to the book?,"The film follows the book's basic plot but simplifies character arcs and softens the racial tensions central to the novel. Emma Stone captures Lily's determination but not her introspective guilt, and May Boatwright's mental fragility feels abbreviated. The adaptation is respectful but lacks the novel's emotional complexity."
the-shining.html,The Shining Book vs Movie: King vs Kubrick Explained,"Stephen King's 1977 novel vs Stanley Kubrick's 1980 film — Jack's descent, Wendy's portrayal, and why King despises the adaptation that became a masterpiece.",2025-01-15,5,5,3,The Shining,Stephen King,1977,Stephen King,1977,1980,Stanley Kubrick,Book Wins,"One of the rare cases where both versions are genuine masterworks and the argument between them is the point. King's novel is the better horror story — more humane, more frightening on its own terms, more interested in its characters as people with histories and futures. Kubrick's film is the more haunting cultural object, the one that lodges in the brain and refuses to leave, that spawns endless theories and interpretations. Read the book to understand what Kubrick left out. Watch the film to understand why he left it out. Then read King's essay ""On The Shining"" to understand why the author's rage is justified even if the film is brilliant.",Why does Stephen King hate Kubrick's The Shining?,"King objects to Kubrick's portrayal of Jack Torrance as already unstable from the start, which he sees as a betrayal of the novel's core theme about a good man corrupted by external evil. He also criticizes the reduction of Wendy to a passive victim and the removal of the story's emotional warmth. King has called it a beautiful car with no engine."
the-sisterhood-of-the-traveling-pants.html,The Sisterhood of the Traveling Pants: Book vs Movie — Key Differences & Should You Read First?,The beloved young adult novel The Sisterhood of the Traveling Pants surpasses its 2005 film adaptation with richer character development and deeper themes. Read our review!,,5,5,3,The Sisterhood of the Traveling Pants,Ann Brashares,2001,Ann Brashares,2001,,Ken Kwapis,Book Wins,"The beloved young adult novel The Sisterhood of the Traveling Pants is a heartwarming coming-of-age story that surpasses its 2005 film adaptation. The book's superior character development, meaningful relationships, and thematic exploration make it the clear winner in this comparison.",,
the-testaments.html,The Testaments: Book vs Movie — Key Differences & Should You Read First?,Dive into the dystopian world of ,,,,,,,,Margaret Atwood,2019,,Director,Book Wins,"Margaret Atwood's ""The Testaments"" is a triumphant return to the dystopian world of Gilead, and the book undoubtedly outshines the upcoming film adaptation. The novel's multilayered narrative, deep character development, and profound thematic exploration make it a must-read for fans of ""The Handmaid's Tale"" and anyone interested in thought-provoking speculative fiction. While the film promises to bring this gripping story to the screen, the book's sheer depth and complexity will be difficult to fully capture on the big screen.",,
the-three-body-problem.html,The Three-Body Problem: Book vs Movie — Key Differences & Should You Read First?,"Explore the captivating adaptation of Liu Cixin's acclaimed science fiction novel The Three-Body Problem, as it transitions from page to screen in 2024 under the direction of David Benioff & D.B. Weiss.",,4,5,3,The Three-Body Problem,Liu Cixin,2008,Liu Cixin,2008,,David Benioff & D.B. Weiss,Book Wins,"Liu Cixin's visionary sci-fi novel remains a cut above its 2024 film adaptation, despite the talents of David Benioff & D.B. Weiss. The book's ambitious scope, scientific depth, and thematic exploration make it the superior work, and fans of the genre are strongly encouraged to read the novel before experiencing the screen version.",,
the-thursday-murder-club.html,The Thursday Murder Club: Book vs Movie — Key Differences & Should You Read First?,Explore the key differences between the acclaimed 2020 mystery novel The Thursday Murder Club by Richard Osman and its upcoming 2026 film adaptation. Discover which version is the winner and whether you should read the book first.,,5,5,3,The Thursday Murder Club,Richard Osman,2020,Richard Osman,2020,,Director,Book Wins,"The book version of The Thursday Murder Club is the clear winner, offering a sharper, wittier, and more compelling mystery that the film adaptation simply can't match. Fans of the novel are advised to temper their expectations for the movie, which, while not a total failure, can't recapture the magic of Richard Osman's acclaimed original work.",,
the-time-travelers-wife.html,The Time Traveler's Wife: Book vs Movie — Key Differences & Should You Read First?,"Audrey Niffenegger's 2003 novel vs Robert Schwentke's 2009 film — Henry and Clare, the non-linear structure, and why the book's emotional architecture is irreplaceable.",,5,5,3,The Time Traveler's Wife,Audrey Niffenegger,2003,Audrey Niffenegger,2003,2009,Robert Schwentke,Book Wins,"Niffenegger built a novel whose emotional weight depends entirely on its non-linear structure — every scene means differently because of what surrounds it. Schwentke's film linearises the romance and loses the architecture. Read the book for the full experience. See the film for McAdams, who brings genuine feeling to a simplified version of Clare.",,
the-witcher.html,The Witcher: Book vs Series — Key Differences & Should You Read First?,"Sapkowski's mordant short stories vs Netflix's 2019 series: Geralt of Rivia, Henry Cavill, and why the books' rich mythology triumphs over the show's ambitious timelines.",,4,5,3,The Last Wish,Andrzej Sapkowski,1993,Andrzej Sapkowski,1993–2013,,Lauren Schmidt Hissrich (Creator),Book Wins,"Sapkowski's short story collections are among the finest fantasy writing of the past thirty years — mordant, morally serious, and built around a protagonist whose refusal to be heroic is itself a form of heroism. The Netflix series is visually ambitious, well-cast in Cavill, and structured in ways that obscure the books' clarity. Read The Last Wish first. Watch the series for Cavill. Then read the novels to understand the world the series is trying to build.",,
the-woman-in-cabin-10.html,The Woman in Cabin 10: Book vs Movie — Key Differences & Should You Read First?,Ruth Ware's best-selling 2016 novel The Woman in Cabin 10 gets the film adaptation treatment in 2026. How do the book and movie compare? Find out the key differences and whether you should read the book first.,,5,5,3,The Woman in Cabin 10,Ruth Ware,2016,Ruth Ware,2016,,Director,Book Wins,"The Woman in Cabin 10 novel is the superior version, delivering a more nuanced, suspenseful, and psychologically compelling story. The book's rich character development, attention to detail, and masterful plotting make it the definitive way to experience this gripping thriller.",,
the-woman-in-the-window.html,The Woman in the Window: Book vs Movie — Key Differences & Should You Read First?,A.J. Finn's thrilling novel about an agoraphobic narrator vs. Joe Wright's star-studded 2021 Netflix adaptation. Discover the key differences and which version prevails.,,5,5,3,The Woman in the Window,A.J. Finn,2018,A.J. Finn,2018,2021,Joe Wright,Book Wins,"Finn wrote a knowing, well-constructed homage to Hitchcock that works because the unreliable narrator is doing real work. Wright's film has Amy Adams and a troubled production history. Read the book for the experience. See the film if Adams is sufficient reason — she usually is.",,
thirteen-reasons-why.html,Thirteen Reasons Why: Book vs Series — Key Differences & Should You Read First?,"Discover the key differences between Jay Asher's novel & the Netflix series Thirteen Reasons Why. Explore themes of bullying, mental health, and their impact.",,4,5,3,Thirteen Reasons Why,Jay Asher,2007,Jay Asher,2007,,Brian Yorkey,Book Wins,"The book remains the superior version, diving deeper into the complex emotions and societal issues driving the story.",,
three-bags-full.html,Three Bags Full: Book vs Movie — Key Differences & Should You Read First?,"Leonie Swann's 2005 mystery/comedy novel Three Bags Full gets a 2026 film adaptation. Discover the key differences between the book and movie, and decide if you should read the book first.",,4,5,3,Three Bags Full,Leonie Swann,2005,Leonie Swann,2005,,Director,Book Wins,"Leonie Swann's 2005 mystery/comedy novel Three Bags Full emerges as the clear winner in this book-to-screen adaptation. The book's unique narrative perspective, rich character development, and insightful social commentary make it a far more engaging and rewarding experience than the 2026 film, which struggles to capture the depth and nuance of the original work.",,
to-kill-a-mockingbird.html,To Kill a Mockingbird: Book vs Movie — Harper Lee vs Robert Mulligan,"Harper Lee's Pulitzer Prize-winning novel vs Robert Mulligan's 1962 film — Gregory Peck's Atticus Finch, Scout's narration, and a genuine tie between two American masterworks.",2025-01-15,4,5,3,To Kill a Mockingbird,Harper Lee,1960,Harper Lee,1960,1962,Robert Mulligan,Too Close to Call,Lee wrote one of the great American novels of the twentieth century and Mulligan made one of the great American films of the same period. They are different achievements of approximately equal stature. Read the novel for Scout's voice and the double consciousness of memory. See the film for Gregory Peck and the courtroom in black and white. This is a genuine tie — two masterworks that honor each other.,Is the To Kill a Mockingbird movie faithful to the book?,"Yes, remarkably so. Horton Foote's screenplay preserves the novel's structure, major scenes, and moral core. The courtroom sequence is nearly verbatim from Lee's text. The primary loss is Scout's adult retrospective narration, which gives the novel its double consciousness — the child's confusion and the adult's understanding layered together."
twilight.html,Twilight: Book vs Movie — Key Differences & Should You Read First?,"Stephenie Meyer's 2005 novel vs Catherine Hardwicke's 2008 film — Bella's interiority, Edward's appeal, and why the book's obsessive voice is irreplaceable.",,5,5,3,Twilight,Stephenie Meyer,2005,Stephenie Meyer,2005,2008,Catherine Hardwicke,Book Wins,"Meyer wrote a novel whose power is entirely in Bella's obsessive first-person voice — a quality the film can only approximate through performance. Hardwicke's film has Stewart and Pattinson, which is its own argument. Read the novel to understand why 160 million people loved it. See the film for the cast, who did something remarkable with material the critics underestimated.",,
ugly-love.html,Ugly Love Book vs Movie: Key Differences & Should You Read First?,"Colleen Hoover's dual-timeline novel vs Michael Mohan's 2023 Netflix film — Miles's second-person narration, Tate's complicity, and what the screen cannot replicate.",2025-01-15,5,5,3,Ugly Love,Colleen Hoover,2016,Colleen Hoover,2016,2023,Michael Mohan,Book Wins,The Verdict: The novel earns its emotional devastation through structure and voice; the film delivers the same beats without the architecture. Read the book for what makes it Colleen Hoover. Watch the film for Jake Lacy's restraint and Tate McRae's surprising debut — but know you're getting the plot without the poetry.,Is the Ugly Love movie as emotional as the book?,"No. The film delivers the same plot beats but lacks the dual-timeline structure and Miles's second-person narration that make the novel's emotional climax devastating. Jake Lacy and Tate McRae perform the hurt convincingly, but the architecture that earns it is missing."
unbroken.html,Unbroken: Book vs Movie — Key Differences & Should You Read First?,"Unbroken is the 2010 biography by Laura Hillenbrand, adapted into a 2014 film directed by Angelina Jolie. This comparison explores the key differences between the powerful story of a WWII POW's survival and resilience.",,4,5,3,Unbroken,Laura Hillenbrand,2010,Laura Hillenbrand,2010,,Angelina Jolie,Book Wins,The book is a must-read account of survival and resilience that the film adaptation struggles to fully capture.,,
verity.html,Verity Book vs Movie: Key Differences & Should You Read First,"Colleen Hoover's psychological thriller versus the 2026 Anne Hathaway film adaptation — manuscript ambiguity, the ending twist, and why the book's moral murkiness wins.",2026-01-15,5,5,3,Verity,Colleen Hoover,2018,Colleen Hoover,2018,2026,Michael Engler,Book Wins,"The book wins because its ambiguity is purer and its moral questions are harder to shake. Hoover never has to show you Verity's face or commit to a visual register — she can leave you suspended in uncertainty until the final paragraph. The film is anchored by Hathaway's extraordinary stillness and Johnson's grounded warmth, but it softens Lowen's complicity and the manuscript's visceral horror in ways that make it more watchable and less haunting. Read first, then go see Hathaway do it with her eyes.",Is the Verity movie faithful to the book?,"The film preserves the core plot and the manuscript device, but softens Lowen's moral complicity and handles the graphic autobiography passages with more restraint. The central ambiguity about whether Verity's manuscript is truth or fiction remains, though Anne Hathaway's casting inevitably influences how viewers interpret her character before she speaks."
water-for-elephants.html,Water for Elephants: Book vs Movie — Key Differences & Should You Read First?,Sara Gruen's Depression-era circus novel versus Francis Lawrence's 2011 film with Robert Pattinson and Reese Witherspoon. The book's dual timeline and brutal realism outpace the movie's glossy romance.,2025-01-15,4,5,3,Water for Elephants,Sara Gruen,2006,Sara Gruen,2006,,Francis Lawrence,Book Wins,"The book wins decisively. Gruen's dual timeline gives the story emotional depth the film can't match, and her research into circus life and veterinary practice creates authenticity that Lawrence's glossy cinematography obscures. The movie is competent period romance; the novel is a meditation on memory, survival, and the violence we inflict in the name of entertainment. Read the book for the full story—watch the movie only if you want to see Christoph Waltz chew scenery in a ringmaster's coat.",Is the Water for Elephants movie faithful to the book?,"The film captures the basic plot but strips away the dual timeline structure that gives the novel its emotional weight. It softens August's brutality, rushes through Jacob's veterinary work with the animals, and turns the gritty Depression-era circus into a more romanticized spectacle. The core love triangle remains, but without the book's moral complexity."
where-the-crawdads-sing.html,Where the Crawdads Sing: Book vs Movie — Key Differences,Delia Owens' marsh-soaked novel versus Olivia Newman's 2022 film with Daisy Edgar-Jones. The nature writing and Kya's interiority live on the page—the movie captures beauty but not depth.,2025-01-15,5,5,3,Where the Crawdads Sing,Delia Owens,2018,Delia Owens,2018,2022,Olivia Newman,Book Wins,"Daisy Edgar-Jones is excellent and the marsh is beautiful on screen—but this is a novel about what it feels like to grow up inside a particular landscape, and that feeling lives on the page. Read the book. See the film if you want to put faces to names. The book is the real thing.",Is the Where the Crawdads Sing movie faithful to the book?,"The film follows the plot faithfully but strips out most of the nature writing and scientific observation that defines the novel's voice. The mystery structure remains intact, but Kya's interiority and the marsh's role as emotional landscape are significantly reduced. It's a competent adaptation of the story but not of the experience."
white-noise.html,White Noise: Book vs Movie — Should You Read First?,Don DeLillo's 'White Noise' (1985) vs. Noah Baumbach's 2022 film adaptation. Discover the key differences and decide if you should read the book before watching the movie.,,4,5,3,White Noise,Don DeLillo,1985,Don DeLillo,1985,,Noah Baumbach,Book Wins,"The book wins, offering a richer, more nuanced exploration of DeLillo's themes.",,
wild.html,Wild: Book vs Movie - Cheryl Strayed vs Reese Witherspoon,"Cheryl Strayed's unflinching memoir versus Jean-Marc Vallée's 2014 film with Reese Witherspoon. One captures the voice, the other the landscape.",2025-05-15,5,5,3,Wild,Cheryl Strayed,2012,Cheryl Strayed,2012,2014,Jean-Marc Vallée,Book Wins,"Witherspoon is exceptional and Vallée films the American West with real beauty—the film is worth seeing on its own terms. But Wild is fundamentally a book about what it sounds like inside a particular woman's head during the worst and most clarifying years of her life, and no film can fully go where good memoir goes. The book gives you Strayed's voice, her honesty, her refusal to make herself easier to like. The trail is beautiful on screen. It's essential on the page.",Is the Wild movie accurate to the book?,"The film is faithful to the memoir's major events and timeline. Cheryl's hike, her mother's death, her marriage's collapse, and her self-destructive spiral are all present. However, the film softens some of the memoir's harsher edges—particularly around Cheryl's drug use and sexual behavior—and can't replicate Strayed's interior voice, which is the book's greatest strength."
wolf-hall.html,Wolf Hall: Book vs Series — Key Differences & Should You Read First?,"Hilary Mantel's 2009 Booker Prize–winning novel vs Peter Kosminsky's 2015 BBC series — Thomas Cromwell, Mark Rylance, and the finest historical fiction adaptation of its decade.",,5,5,3,Wolf Hall,Hilary Mantel,2009,Hilary Mantel,2009,,Peter Kosminsky,Book Wins,"Mantel's novel reinvented the historical novel through formal audacity — present tense, close third person, the inside of Cromwell's mind as the only perspective available. Kosminsky's series is the finest historical drama adaptation of its decade, with Rylance doing career-defining work and a production that takes period authenticity seriously. The books are richer, slower, and more demanding. The series is the best possible visual companion to them. Read first; watch immediately after.",,
world-war-z.html,World War Z: Book vs Movie — Key Differences & Should You Read First?,"Max Brooks's 2006 oral history novel vs Marc Forster's 2013 film — the documentary format, Brad Pitt, and why the book and film are almost entirely different works.",,5,5,3,World War Z,Max Brooks,2006,Max Brooks,2006,2013,Marc Forster,Book Wins,"Brooks wrote a genuinely original novel — a political oral history in genre clothing that uses zombies to examine how human institutions fail under pressure. Forster made a competent, exciting action film that uses the same premise to follow one man around the world. They are different works. The book is more ambitious and more intelligent. The film is more immediately entertaining. Read the novel. See the film. Do not expect either to resemble the other.",,
wuthering-heights.html,Wuthering Heights Book vs Emerald Fennell's 2026 Film,Emily Brontë's gothic masterpiece versus Emerald Fennell's 2026 adaptation with Margot Robbie and Jacob Elordi — why the novel's structural daring remains unmatched.,2026-01-15,5,5,3,Wuthering Heights,Emily Brontë,1847,Emily Brontë,1847,,Emerald Fennell,Book Wins,"Brontë's novel is a structural and psychological achievement that Fennell's provocative adaptation can gesture toward but not replicate. The film is worth seeing precisely because it takes real risks with difficult material — Robbie and Elordi are a compelling pairing, and Fennell refuses to soften the novel's cruelty into conventional romance. But the book is doing something only a book can do: withholding interiority, nesting unreliable narrators, and making you complicit in the act of interpretation. You should know what that feels like before you watch someone make it visible.",Is Wuthering Heights a love story?,"Not in any conventional sense. Catherine and Heathcliff's bond is more accurately described as mutual obsession — destructive, all-consuming, and ultimately fatal to everyone around them. Brontë presents it without romanticizing it, which is what makes the novel so unsettling and original."