slug,filename,generation,pageTitle,metaDesc,lastUpdated,bookTitle,author,bookYear,filmYear,director,genre,mediaLabel,verdictText,verdictClass,affiliateLinkCount,buyBtnHref,buyVideoHref,bookCoverSrc,youtubeId,trailerUrl,starringLine,diffCount,hasCharTable,hasSpoilerWarning,hasFaqSection,hasQuickAnswer,faqCount,faqQuestions,reviewBody,ratingValue,relatedCards,relatedTitles,isProblematic,issueCount,issues
a-beautiful-mind,a-beautiful-mind.html,v2,A Beautiful Mind: Book vs Movie — Key Differences & Should You Read First?,Sylvia Nasar,2026-04-11,A Beautiful Mind,Sylvia Nasar,1998,2001,Ron Howard,Biography / Drama,The Movie,Too Close to Call,verdict-tie,2,https://amzn.to/4sUfiaZ,,.././images/a-beautiful-mind.jpg,YWwAOutgWBQ,https://www.youtube.com/watch?v=YWwAOutgWBQ,"Starring Russell Crowe, Jennifer Connelly — Film: 2001",5,true,true,true,false,5,Is the character William Parcher real? | Does the book mention Nash's bisexuality? | Did Alicia Nash really stay with John throughout his illness? | How accurate is the pen ceremony scene at Princeton? | Did Nash really work as a code-breaker during the Cold War?,"A powerful character study that captures the nuances of mental illness, with both the book and film delivering an equally compelling portrait of the brilliant, tortured mind of John Nash.",5,/the-shining.html | /the-firm.html | /contact.html,The Shining | The Firm | Contact,false,0,
a-knight-of-the-seven-kingdoms,a-knight-of-the-seven-kingdoms.html,v2,A Knight of the Seven Kingdoms: Book vs TV Series — Martin vs HBO,George R.R. Martin,2026-04-11,A Knight of the Seven Kingdoms,George R.R. Martin,2015,2025,Various — HBO series,Fantasy / Historical Fiction,The TV Series,Too Close to Call,verdict-tie,2,https://amzn.to/41d19cI,,.././images/a-knight-of-the-seven-kingdoms.jpg,UPFRItMOgPo,https://www.youtube.com/watch?v=UPFRItMOgPo,"Starring Peter Claffey, Dexter Sol Ansell — HBO series: 2025",5,true,true,true,false,5,Do I need to read A Song of Ice and Fire before reading A Knight of the Seven Kingdoms? | How faithful is the HBO series to the novellas? | Is the series connected to Game of Thrones or House of the Dragon? | Will there be more Dunk and Egg stories? | Which version is better for someone new to Westeros?,Martin wrote three novellas of warmth and adventure in a world usually defined by cynicism and death. HBO made a series that honours that spirit and expands it generously.,4,/dune.html | /fourth-wing.html | /narnia-magicians-nephew.html,Dune | Fourth Wing | Narnia: The Magician's Nephew,false,0,
a-little-life,a-little-life.html,v2,A Little Life: Book vs Movie — Key Differences & Analysis,Hanya Yanagihara,2026-04-11,A Little Life,Hanya Yanagihara,2015,2022,Ivo van Hove,Literary Fiction / Drama,The Film,Book Wins,verdict-book,2,https://amzn.to/41KY6IS,,.././images/a-little-life.jpg,nmp8WfAoMrE,https://www.youtube.com/watch?v=nmp8WfAoMrE,"Starring Viola Davis, Emma Stone — Film: 2022",5,true,true,true,false,5,Is A Little Life movie as sad as the book? | Why is A Little Life so controversial? | What happens to Jude at the end of A Little Life? | How accurate is the A Little Life movie to the book? | Who plays Jude in the A Little Life movie?,"The unflinching novel outclasses the film adaptation, cementing Hanya Yanagihara's masterpiece as one of the great works of 21st century fiction.",4,/the-lovely-bones.html | /kite-runner.html | /the-book-thief.html,The Lovely Bones | The Kite Runner | The Book Thief,false,0,
a-man-called-ove,a-man-called-ove.html,v2,A Man Called Ove: Book vs Movie — Key Differences & Should You Read First?,Fredrik Backman,2026-04-11,A Man Called Ove,Fredrik Backman,2012,2015,Hannes Holm,Literary Fiction / Drama,The Movie,Book Wins,verdict-book,2,https://amzn.to/4c6A3c1,,.././images/a-man-called-ove.jpg,oCh4iiAXuAc,https://www.youtube.com/watch?v=oCh4iiAXuAc,"Starring Rolf Lassgård, Bahar Pars — Film: 2015",5,true,true,true,false,5,Is the A Man Called Ove movie faithful to the book? | How does Rolf Lassgård compare to the book's Ove? | Does the movie change the ending of A Man Called Ove? | Is there an American remake of A Man Called Ove? | What are the biggest differences between the book and movie?,"Fredrik Backman's charming and moving novel shines through in the film adaptation, though the book ultimately emerges as the superior version.",4,/the-help.html | /the-martian.html | /the-notebook.html,The Help | The Martian | The Notebook,false,0,
a-walk-to-remember,a-walk-to-remember.html,v2,A Walk to Remember: Book vs Movie — Key Differences & Should You Read First?,Nicholas Sparks,2026-04-11,A Walk to Remember,Nicholas Sparks,1999,2002,Adam Shankman,YA Romance / Drama,The Movie,Book Wins,verdict-book,2,https://amzn.to/41bFsK5,,.././images/a-walk-to-remember.jpg,k3B2XBcp7vA,https://www.youtube.com/watch?v=k3B2XBcp7vA,"Starring Mandy Moore, Shane West — Film: 2002",5,true,true,true,false,5,Is the A Walk to Remember movie faithful to the book? | Why is the book set in the 1950s? | Does Jamie die in both the book and the movie? | How is Mandy Moore's Jamie different from the book? | Is A Walk to Remember worth reading if I've seen the movie?,"Sparks's novel is a quiet, faith-forward love story set in the 1950s with a narrator looking back on formative loss. Shankman's film updates it to the present day, softens the religious dimension, and leans into its leads' chemistry. The book earns its emotion more honestly. The film is easier to love.",4,/the-notebook.html | /me-before-you.html | /the-fault-in-our-stars.html,The Notebook | Me Before You | The Fault in Our Stars,false,0,
about-a-boy,about-a-boy.html,v2,About a Boy: Book vs Movie — Key Differences & Should You Read First?,Nick Hornby,2026-04-11,About a Boy,Nick Hornby,1998,2002,Chris & Paul Weitz,Literary Fiction / Comedy,The Movie,Too Close to Call,verdict-tie,2,https://amzn.to/41OBB5K,,.././images/about-a-boy.jpg,xC7REp40_uc,https://www.youtube.com/watch?v=xC7REp40_uc,"Starring Hugh Grant, Nicholas Hoult — Film: 2002",5,true,true,true,false,5,Is the About a Boy movie faithful to the book? | How old is Marcus in the book vs the movie? | Did Hugh Grant win any awards for About a Boy? | What is the Christmas song in About a Boy? | Should I read About a Boy before watching the movie?,"Hornby wrote a novel of considerable warmth and comic precision about two people who save each other without meaning to. The Weitz brothers made a film that is almost as good — warm, well-cast, and faithful to the source's spirit if not always its letter. A rare case where either order works and both versions reward you.",4,/high-fidelity.html | /big-fish.html | /normal-people.html,High Fidelity | Big Fish | Normal People,false,0,
all-quiet-on-the-western-front,all-quiet-on-the-western-front.html,v2,All Quiet on the Western Front: Book vs Movie — Key Differences & Should You Read First?,Erich Maria Remarque,2026-04-11,All Quiet on the Western Front,Erich Maria Remarque,1929,2022,Edward Berger,War / Historical Fiction,The Movie,Too Close to Call,verdict-tie,2,https://amzn.to/41cStmH,,.././images/all-quiet-on-the-western-front.jpg,hf8EYbVxtCY,https://www.youtube.com/watch?v=hf8EYbVxtCY,"Starring Felix Kammerer, Albrecht Schuch — Netflix: 2022",5,true,true,true,false,5,Is the 2022 All Quiet on the Western Front movie faithful to the book? | Why is the 2022 film in German when previous adaptations were in English? | How does the 2022 film's ending differ from the book? | Did Erich Maria Remarque serve in World War I? | Should I watch the 1930 or 2022 film adaptation?,"Remarque's novel is one of the defining anti-war texts of the twentieth century — intimate, furious, and written by a man who was there. Berger's 2022 German-language adaptation is the most complete screen version of the material yet made: formally bold, visually overwhelming, and honest about the war in ways previous adaptations weren't. Too close to call.",5,/the-book-thief.html | /all-the-light-we-cannot-see.html | /schindlers-list.html,The Book Thief | All the Light We Cannot See | Schindler's List,false,0,
all-the-light-we-cannot-see,all-the-light-we-cannot-see.html,v2,All the Light We Cannot See: Book vs Series — Key Differences & Should You Read First?,Anthony Doerr,2026-04-11,All the Light We Cannot See,Anthony Doerr,2014,2023,Shawn Levy,Historical Fiction / War Drama,The Series,Book Wins,verdict-book,2,https://amzn.to/41gSgPd,,.././images/all-the-light-we-cannot-see.jpg,QdE-JvKqpBQ,https://www.youtube.com/watch?v=QdE-JvKqpBQ,"Starring Aria Mia Loberti, Louis Hofmann, Mark Ruffalo — Netflix: 2023",5,true,true,true,false,5,Is the Netflix series faithful to the book? | How long is the Netflix series? | Is Marie-Laure's actress actually blind? | Does the series change the ending? | Why did the book win the Pulitzer Prize?,"Doerr's Pulitzer-winning novel is a work of extraordinary prose — two parallel lives moving toward each other across occupied France, told with a precision and beauty that make the war feel simultaneously vast and intimate. Netflix's four-episode series is a competent, visually impressive adaptation that captures the plot and loses the language. Read the book.",5,/the-book-thief.html | /all-quiet-on-the-western-front.html | /schindlers-list.html,The Book Thief | All Quiet on the Western Front | Schindler's List,false,0,
along-came-a-spider,along-came-a-spider.html,v2,Along Came a Spider: Book vs Movie — Key Differences & Should You Read First?,James Patterson,2026-04-11,Along Came a Spider,James Patterson,1993,2001,Lee Tamahori,Crime Thriller,The Movie,Book Wins,verdict-book,2,https://amzn.to/4sW1exD,,.././images/along-came-a-spider.jpg,rJsAVoKlbLk,https://www.youtube.com/watch?v=rJsAVoKlbLk,"Starring Morgan Freeman, Monica Potter — Film: 2001",5,true,true,true,false,5,Is the Along Came a Spider movie faithful to the book? | Why is Gary Soneji different in the movie? | Does Morgan Freeman's Alex Cross match the book character? | What happens to Maggie Rose in the book vs the movie? | Is Along Came a Spider the first Alex Cross book?,The book outshines the movie adaptation in nearly every way.,4,/misery.html | /silence-of-the-lambs.html | /the-firm.html,Misery | The Silence of the Lambs | The Firm,false,0,
american-gods,american-gods.html,v2,American Gods: Book vs Series — Key Differences & Should You Read First?,Neil Gaiman,2026-04-11,American Gods,Neil Gaiman,2001,2017,Bryan Fuller,Fantasy / Drama,The Series,Book Wins,verdict-book,2,https://amzn.to/3QmQhqf,,.././images/american-gods.jpg,ttm5_6RmVfI,https://www.youtube.com/watch?v=ttm5_6RmVfI,"Starring Ricky Whittle, Ian McShane — Starz: 2017",5,true,true,true,false,5,Is the American Gods series faithful to the book? | Why was American Gods cancelled? | How does Shadow Moon differ between book and series? | Does the series finish the story? | Which gods appear in both book and series?,"Gaiman's novel is one of the great American road novels of the 2000s — mythologically dense, visually inventive on the page, and built around a central mystery that accumulates meaning across five hundred pages. Fuller's series is visually extraordinary in its first season and increasingly troubled thereafter. Read the book first and decisively.",5,/good-omens.html | /stardust.html | /the-witcher.html,Good Omens | Stardust | The Witcher,false,0,
american-psycho,american-psycho.html,v2,American Psycho: Book vs Movie — Bret Easton Ellis vs Mary Harron,Bret Easton Ellis,2026-04-11,American Psycho,Bret Easton Ellis,1991,2000,Mary Harron,Psychological Thriller / Satire,The Movie,Book Wins,verdict-book,2,https://amzn.to/3Qk8qVF,,.././images/american-psycho.jpg,zaaA7W5YKV8,https://www.youtube.com/watch?v=zaaA7W5YKV8,Starring Christian Bale — Film: 2000,5,true,true,true,false,5,Is the movie as violent as the book? | Did the murders really happen? | Why was Christian Bale cast instead of Leonardo DiCaprio? | Is the book banned anywhere? | What does the business card scene mean?,"Ellis wrote a work that is still controversial and still formally radical. Harron made one of the sharpest satires in American cinema. The novel is more ambitious and more disturbing. The film has Bale, which is its own complete argument. Read the book. Watch the film. Both are essential.",5,/gone-girl.html | /la-confidential.html | /talented-mr-ripley.html,Gone Girl | LA Confidential | The Talented Mr. Ripley,false,0,
animal-farm,animal-farm.html,v2,Animal Farm: Book vs Movie — George Orwell vs Andy Serkis,George Orwell,2026-04-11,Animal Farm,George Orwell,1945,2025,Andy Serkis,Political Satire / Classic,The Movie,Book Wins,verdict-book,2,https://amzn.to/4vaeqAq,,.././images/animal-farm.jpg,g8wLmj9SiKM,https://www.youtube.com/watch?v=g8wLmj9SiKM,Directed by Andy Serkis — Netflix animated film: 2025,5,true,true,true,false,5,Is the 2025 Animal Farm movie faithful to the book? | How long does it take to read Animal Farm? | Who voices Napoleon and Squealer in the 2025 film? | Is Animal Farm appropriate for children? | What is the main difference between the book and the 2025 movie?,"Orwell wrote one of the essential political texts of the twentieth century in the form of a children's fable. Serkis made a sincere, visually accomplished adaptation that updates the allegory for a new moment. The novella is irreplaceable. The film is a worthwhile companion. Read the book — it takes an evening and lasts a lifetime.",5,/the-handmaids-tale.html | /never-let-me-go.html | /nineteen-eighty-four.html,The Handmaid's Tale | Never Let Me Go | Nineteen Eighty-Four,false,0,
annihilation,annihilation.html,v2,Annihilation: Book vs Movie — Key Differences & Should You Read First?,Jeff VanderMeer,2026-04-11,Annihilation,Jeff VanderMeer,2014,2018,Alex Garland,Science Fiction / Horror,The Movie,Book Wins,verdict-book,2,https://amzn.to/41kDQh4,,.././images/annihilation.jpg,0m3cPEbwwhg,https://www.youtube.com/watch?v=0m3cPEbwwhg,"Starring Natalie Portman, Jennifer Jason Leigh — Film: 2018",5,true,true,true,false,5,Is the Annihilation movie faithful to the book? | Does Annihilation have a sequel? | Why is the biologist unnamed in the book? | What is the Crawler in Annihilation? | Should I read the whole Southern Reach Trilogy?,"VanderMeer's novel is a masterwork of literary horror — strange, accumulative, and deliberately resistant to explanation. Garland's film is visually extraordinary and equally committed to ambiguity, but it changes enough of the source's specifics to feel like a parallel interpretation rather than a direct adaptation. Both are essential; they complement rather than replace each other.",5,/the-road.html | /never-let-me-go.html | /dune.html,The Road | Never Let Me Go | Dune,false,0,
atonement,atonement.html,v2,Atonement Book vs Movie: McEwan vs Joe Wright,Ian McEwan,2026-04-11,Atonement,Ian McEwan,2001,2007,Joe Wright,Literary Fiction / Romance,The Film,Book Wins,verdict-book,2,https://amzn.to/4bY9ZQs,,.././images/atonement.jpg,fiv8Gy5CJ0Y,https://www.youtube.com/watch?v=fiv8Gy5CJ0Y,"Starring Keira Knightley, James McAvoy, Saoirse Ronan — Film: 2007",5,true,true,true,false,5,Is the Atonement movie faithful to the book? | What is the famous Dunkirk scene in Atonement? | Did Robbie and Cecilia end up together in Atonement? | How old was Saoirse Ronan in Atonement? | What does the ending of Atonement mean?,"Joe Wright made one of the most beautiful films of the 2000s and it still cannot do what McEwan does. Read the book — the film will haunt you, but the novel haunts you longer.",5,/gone-girl.html | /wuthering-heights.html | /hamnet.html,Gone Girl | Wuthering Heights | Hamnet,false,0,
band-of-brothers,band-of-brothers.html,v2,Band of Brothers: Book vs Series — Key Differences & Should You Read First?,Stephen Ambrose,2026-04-11,Band of Brothers,Stephen E. Ambrose,1992,2001,,Military History / War Drama,The Series,Too Close to Call,verdict-tie,2,https://amzn.to/4cr9H5V,,.././images/band-of-brothers.jpg,aH06LWZs-Ys,https://www.youtube.com/watch?v=aH06LWZs-Ys,"Starring Damian Lewis, Ron Livingston, Donnie Wahlberg — HBO: 2001",5,true,true,true,false,5,Is Band of Brothers based on a true story? | How accurate is the HBO series compared to the book? | Who are the real veterans in the opening interviews? | Which episode of Band of Brothers is considered the best? | Should I read the book or watch the series first?,Ambrose wrote a work of military history built from veteran testimony. Spielberg and Hanks made a ten-hour miniseries that is arguably the finest television depiction of combat ever produced. Read the book for the history. See the series for everything else. Both are essential.,4,/saving-private-ryan.html | /catch-22.html | /atonement.html,Saving Private Ryan | Catch-22 | Atonement,false,1,missing: meta strip director
beloved,beloved.html,v2,Beloved: Book vs Movie — Toni Morrison vs Jonathan Demme,Toni Morrison,2026-04-11,Beloved,Toni Morrison,1987,1998,Jonathan Demme,Literary Fiction / Historical,The Movie,Book Wins,verdict-book,2,https://amzn.to/4m7e0a1,,.././images/beloved.jpg,RAsnKghD2uw,https://www.youtube.com/watch?v=RAsnKghD2uw,"Starring Oprah Winfrey, Danny Glover — Film: 1998",5,true,true,true,false,5,Is the Beloved movie faithful to the book? | Why did the Beloved movie fail at the box office? | How does Oprah Winfrey's performance compare to the book's Sethe? | Is Beloved based on a true story? | Should I read Beloved before watching the movie?,"Morrison wrote a novel that cannot be adapted without losing what makes it what it is. Demme made the most faithful film that could be made, and it's still a considerable distance from the source. Read the book. The film is worth seeing. But the novel is one of the great works of American literature and the film is not.",5,/the-road.html | /kite-runner.html | /never-let-me-go.html,The Road | The Kite Runner | Never Let Me Go,false,0,
big-fish,big-fish.html,v2,Big Fish: Book vs Movie — Key Differences & Should You Read First?,Daniel Wallace,2026-04-11,Big Fish,Daniel Wallace,1998,2003,Tim Burton,Literary Fiction / Fantasy,The Movie,Too Close to Call,verdict-tie,2,https://amzn.to/3O5xor5,,.././images/big-fish.jpg,D0kiS4ROWkQ,https://www.youtube.com/watch?v=D0kiS4ROWkQ,"Starring Ewan McGregor, Albert Finney, Billy Crudup, Jessica Lange — Film: 2003",5,true,true,true,false,5,Is Big Fish the movie based on a true story? | How closely does the movie follow the book? | Why is Big Fish considered Tim Burton's most emotional film? | Is the book Big Fish sad? | Who plays young Edward Bloom in the movie?,"Wallace wrote a spare, melancholy novel about a son trying to know his father through the stories his father tells. Burton made a visually extravagant film that is more emotionally generous and more immediately moving. One of the rare cases where the film's excess serves the material rather than drowning it. A genuine tie.",4,/about-a-boy.html | /high-fidelity.html | /coraline.html,About a Boy | High Fidelity | Coraline,false,0,
big-little-lies-hbo,big-little-lies-hbo.html,v2,Big Little Lies: Book vs Series — Key Differences & Should You Read First?,Liane Moriarty,2026-04-11,Big Little Lies,Liane Moriarty,2014,2017,Jean-Marc Vallée,Mystery / Drama,The Series,Too Close to Call,verdict-tie,2,https://amzn.to/3NP2UtA,,.././images/big-little-lies-hbo.jpg,8XgMvMpvCFI,https://www.youtube.com/watch?v=8XgMvMpvCFI,"Starring Reese Witherspoon, Nicole Kidman, Shailene Woodley — HBO: 2017",5,true,true,true,false,5,"Is the Big Little Lies series faithful to the book? | Which is better, the Big Little Lies book or series? | Why did they change the setting from Australia to California? | Does the series have the same ending as the book? | Should I read Big Little Lies before watching the series?","Moriarty's novel is funny, sharp, and structurally clever. Vallée's HBO series is all of those things with Nicole Kidman and Reese Witherspoon added. One of the more genuinely contested entries on this site — the series may be the equal of its source.",5,/gone-girl.html | /sharp-objects.html | /the-undoing.html,Gone Girl | Sharp Objects | The Undoing,false,0,
breakfast-at-tiffanys,breakfast-at-tiffanys.html,v2,Breakfast at Tiffany's: Book vs Movie — Key Differences & Should You Read First?,Truman Capote,2026-04-11,Breakfast at Tiffany's,Truman Capote,1958,1961,Blake Edwards,Literary Fiction / Romance,The Movie,Too Close to Call,verdict-tie,2,https://amzn.to/4mwo5xv,,.././images/breakfast-at-tiffanys.jpg,OPQkbvo99Ug,https://www.youtube.com/watch?v=OPQkbvo99Ug,"Starring Audrey Hepburn, George Peppard — Film: 1961",5,true,true,true,false,5,"Did Truman Capote approve of Audrey Hepburn as Holly Golightly? | Is Holly Golightly a call girl in both versions? | Does the book have a happy ending like the movie? | Who is the narrator in the book, and why was he changed in the film? | What's the deal with Mr. Yunioshi in the film?","A classic tale of love, longing and self-discovery that translates well from page to screen, though with some notable differences.",5,/the-great-gatsby.html | /to-kill-a-mockingbird.html | /the-shining.html,The Great Gatsby | To Kill a Mockingbird | The Shining,false,0,
bridgerton,bridgerton.html,v2,Bridgerton: Book vs Series — Key Differences & Should You Read First?,Julia Quinn,2026-04-11,The Duke and I,Julia Quinn,2000,2020,,Historical Romance,The Series,Book Wins,verdict-book,2,https://amzn.to/4sjh58q,,.././images/bridgerton.jpg,gpv7ayf_tyE,https://www.youtube.com/watch?v=gpv7ayf_tyE,"Starring Phoebe Dynevor, Regé-Jean Page — Netflix: 2020",5,true,true,true,false,5,Is the Bridgerton series faithful to the books? | Who is Lady Whistledown in the book vs the series? | Does the series change the controversial scene from the book? | How many Bridgerton books are there? | Should I read the Bridgerton books in order?,"Julia Quinn's 2000 Regency romance vs Shonda Rhimes's 2020 Netflix series — Simon, Daphne, Lady Whistledown, and the alternate-history world the show creates.",4,/pride-and-prejudice.html | /outlander.html | /normal-people.html,Pride and Prejudice | Outlander | Normal People,false,1,missing: meta strip director
brooklyn,brooklyn.html,v2,Brooklyn: Book vs Movie — Tóibín vs John Crowley,Colm Tóibín,2026-04-11,Brooklyn,Colm Tóibín,2009,2015,John Crowley,Literary Fiction / Romance,The Movie,Book Wins,verdict-book,2,https://amzn.to/3PFRXuZ,,.././images/brooklyn.jpg,15syDwC000k,https://www.youtube.com/watch?v=15syDwC000k,"Starring Saoirse Ronan, Domhnall Gleeson — Film: 2015",5,true,true,true,false,5,"Is the Brooklyn movie faithful to the book? | How accurate is Saoirse Ronan's portrayal of Eilis? | Does the movie change the ending of Brooklyn? | Which is better, the Brooklyn book or movie? | Should I read Brooklyn before watching the movie?","Crowley made a beautiful, faithful film that Tóibín himself has praised. It's still a lesser work than the novel, because the novel's meaning lives in the gap between what Eilis feels and what she says. Read the book. See the film for Ronan.",4,/remains-of-the-day.html | /normal-people.html | /atonement.html,The Remains of the Day | Normal People | Atonement,false,0,
catch-22,catch-22.html,v2,Catch-22: Book vs Movie — Key Differences & Should You Read First?,Joseph Heller,2026-04-11,Catch-22,Joseph Heller,1961,1970,Mike Nichols,Literary Fiction / Satire,The Movie,Book Wins,verdict-book,2,https://amzn.to/4mdrZLh,,.././images/catch-22.jpg,JARn16yojbQ,https://www.youtube.com/watch?v=JARn16yojbQ,"Starring Alan Arkin, Jon Voight, Orson Welles — 1970 Film — also Hulu series (2019)",5,true,true,true,false,5,Is the 1970 film or the 2019 Hulu series a better adaptation? | Why is the novel's structure so important? | What is Catch-22? | Who is Milo Minderbinder? | Is Catch-22 difficult to read?,"Heller wrote a novel whose anti-logic is the anti-logic of war itself — circular, self-defeating, darkly funny. Nichols's film is a faithful collection of the novel's scenes without its accumulative effect. The 2019 Hulu series gets closer. The novel remains irreplaceable. Read it before either screen version.",5,/hitchhikers-guide.html | /slaughterhouse-five.html | /no-country-for-old-men.html,Hitchhiker's Guide | American Psycho | No Country for Old Men,false,0,
catch-me-if-you-can,catch-me-if-you-can.html,v2,Catch Me If You Can: Book vs Movie — Key Differences & Should You Read First?,Frank Abagnale,2026-04-11,Catch Me If You Can,Frank Abagnale,1980,2002,Steven Spielberg,Memoir / Crime,The Movie,Too Close to Call,verdict-tie,2,https://amzn.to/41iu0fH,,.././images/catch-me-if-you-can.jpg,s-7pyIxz8Qg,https://www.youtube.com/watch?v=s-7pyIxz8Qg,"Starring Leonardo DiCaprio, Tom Hanks — Film: 2002",5,true,true,true,false,5,How accurate is the Catch Me If You Can movie? | Did Frank Abagnale really impersonate a doctor and lawyer? | Is Carl Hanratty a real person? | How much money did Frank Abagnale steal? | Does Frank Abagnale really work with the FBI now?,"A thrilling true story that translates remarkably well to the big screen, making for a close call between the book and the movie.",4,/the-firm.html | /shutter-island.html | /talented-mr-ripley.html,The Firm | Shutter Island | The Talented Mr. Ripley,false,0,
cold-mountain,cold-mountain.html,v2,Cold Mountain: Book vs Movie — Frazier vs Anthony Minghella,Charles Frazier,2026-04-11,Cold Mountain,Charles Frazier,1997,2003,Anthony Minghella,Historical Fiction / War,The Movie,Book Wins,verdict-book,2,https://amzn.to/4bR4Nz8,,.././images/cold-mountain.jpg,kfxXPhKuMUA,https://www.youtube.com/watch?v=kfxXPhKuMUA,"Starring Jude Law, Nicole Kidman, Renée Zellweger — Film: 2003",5,true,true,true,false,5,Is the Cold Mountain movie faithful to the book? | Why did they film Cold Mountain in Romania instead of North Carolina? | Did Renée Zellweger deserve the Oscar for Cold Mountain? | Does Cold Mountain have a happy ending? | Is Cold Mountain based on a true story?,"Minghella made a beautiful, well-intentioned adaptation that the novel substantially outweighs. Read the novel for the journey. See the film for Zellweger.",5,/english-patient.html | /beloved.html | /the-road.html,The English Patient | Beloved | The Road,false,0,
contact,contact.html,v2,Contact: Book (1985) vs. Movie (1997) | BooksVersusMovies.com,Carl Sagan,2026-04-11,Contact,Carl Sagan,1985,1997,Robert Zemeckis,Science Fiction,The Movie,Too Close to Call,verdict-tie,2,https://amzn.to/47LdfNQ,,.././images/contact.jpg,Q399v-pMG30,https://www.youtube.com/watch?v=Q399v-pMG30,"Starring Jodie Foster, Matthew McConaughey, James Woods — Film: 1997",5,true,true,true,false,5,Is the Contact movie faithful to Carl Sagan's book? | What does the book's ending reveal that the movie doesn't show? | How does Jodie Foster's Ellie compare to the book's version? | Why does the movie only send Ellie in the Machine instead of five people? | Should I read Contact before watching the movie?,"Sagan's novel is richer, more scientifically detailed, and more expansive in its vision of what first contact might mean for humanity. Zemeckis's film is more emotionally focused and gives Jodie Foster one of her defining roles. Two genuinely excellent versions of the same story, each with something the other lacks.",5,/dune.html | /project-hail-mary.html | /annihilation.html,Dune | Project Hail Mary | Annihilation,false,0,
da-vinci-code,da-vinci-code.html,v2,The Da Vinci Code: Book vs Movie — Dan Brown vs Ron Howard,Dan Brown,2026-04-11,The Da Vinci Code,Dan Brown,2003,2006,Ron Howard,Thriller / Mystery,The Movie,Book Wins,verdict-book,2,https://amzn.to/4c093fP,,.././images/da-vinci-code.jpg,5sU9MT8829k,https://www.youtube.com/watch?v=5sU9MT8829k,"Starring Tom Hanks, Audrey Tautou, Ian McKellen — Film: 2006",5,true,true,true,false,5,Is The Da Vinci Code movie faithful to the book? | Why does Tom Hanks feel wrong as Robert Langdon? | What did the film improve from the book? | Should I read the book before watching the movie? | How accurate is the historical information in The Da Vinci Code?,"Brown wrote the perfect thriller mechanism — impossible to put down, impossible to defend literarily, and entirely effective at what it does. Howard made a handsome, competent film that loses the mechanism. Read the book for the experience. See the film if you want to see the locations. They are different pleasures.",5,/girl-with-the-dragon-tattoo.html | /the-firm.html | /gone-girl.html,The Girl with the Dragon Tattoo | The Firm | Gone Girl,false,0,
daisy-jones-and-the-six,daisy-jones-and-the-six.html,v2,Daisy Jones & The Six: Book vs Series — Key Differences & Should You Read First?,Taylor Jenkins Reid,2026-04-11,Daisy Jones & The Six,Taylor Jenkins Reid,2019,2023,Will Graham,Historical Fiction / Drama,The Series,Book Wins,verdict-book,2,https://amzn.to/4sShI9L,,.././images/daisy-jones-and-the-six.jpg,quVq9HrGL9s,https://www.youtube.com/watch?v=quVq9HrGL9s,"Starring Riley Keough, Sam Claflin — Prime Video: 2023",5,true,true,true,false,5,Is Daisy Jones & The Six based on a real band? | Did Riley Keough actually sing in the series? | How does the series handle the oral history format? | What happens at the Chicago concert that ends the band? | Is the series faithful to the book?,"Reid's oral history format is the novel's genius — the contradictions, omissions, and competing memories between interview subjects create a portrait of a band that feels genuinely excavated from the past. The Amazon series is handsome and well-performed but trades the book's formal ingenuity for conventional narrative. Read first.",5,/station-eleven.html | /normal-people.html | /big-little-lies.html,Station Eleven | Normal People | Big Little Lies,false,0,
dark-matter,dark-matter.html,v2,Dark Matter: Book vs TV Series — Blake Crouch vs Apple TV+,Blake Crouch,2026-04-11,Dark Matter,Blake Crouch,2016,2024,Blake Crouch (showrunner),Science Fiction / Thriller,The TV Series,Too Close to Call,verdict-tie,2,https://amzn.to/3O2ReDm,,.././images/dark-matter.jpg,j6ucGt_Xp14,https://www.youtube.com/watch?v=j6ucGt_Xp14,"Starring Joel Edgerton, Jennifer Connelly — Apple TV+ series: 2024",5,true,true,true,false,5,Is the Dark Matter TV series faithful to the book? | How does Joel Edgerton's performance compare to the book's Jason? | Does the TV series have a different ending than the book? | Is Jennifer Connelly's Daniela different from the book version? | Should I read the book before watching the series?,"Crouch wrote one of the most propulsive science fiction thrillers of the decade. Then he adapted it himself and made something that is genuinely competitive with the source — richer in some dimensions, less purely kinetic in others. Read the novel for the experience of being unable to stop. Watch the series for Edgerton. Both are worth your time.",4,/station-eleven.html | /project-hail-mary.html | /ready-player-one.html,Station Eleven | Project Hail Mary | Ready Player One,false,0,
devil-wears-prada,devil-wears-prada.html,v2,The Devil Wears Prada Book vs Movie 2026: Should You Read First?,Lauren Weisberger,2026-04-11,The Devil Wears Prada,Lauren Weisberger,2003,2026,David Frankel,Comedy / Drama,The Film,Book Wins,verdict-book,2,https://amzn.to/3NJk1wV,,.././images/devil-wears-prada.jpg,e9HXmMnUEdE,https://www.youtube.com/watch?v=e9HXmMnUEdE,"Starring Meryl Streep, Anne Hathaway, Emily Blunt — Film: 2026",5,true,true,true,false,5,Is the Devil Wears Prada sequel based on the second book? | How different is Miranda Priestly in the book vs the movie? | Should I read the book before watching the 2026 sequel? | Is Andy more likeable in the book or the movie? | Do I need to read Revenge Wears Prada before the sequel film?,"The novel is sharper, funnier, and less forgiving than either film. The sequel has Meryl Streep, which is its own argument. Read the book first, see the 2006 film if you haven't, then watch the sequel with a clear sense of how far both Andy and Miranda have travelled from where Weisberger left them.",5,/big-little-lies.html | /gone-girl.html | /wild.html,Big Little Lies | Gone Girl | Wild,false,0,
divergent,divergent.html,v2,Divergent: Book vs Movie — Veronica Roth vs Neil Burger,Veronica Roth,2026-04-11,Divergent,Veronica Roth,2011,2014,Neil Burger,Young Adult / Dystopian,The Movie,Book Wins,verdict-book,2,https://amzn.to/3O5g7yq,,.././images/divergent.jpg,sutgWjz10sM,https://www.youtube.com/watch?v=sutgWjz10sM,"Starring Shailene Woodley, Theo James — Film: 2014",5,true,true,true,false,5,Is the Divergent movie faithful to the book? | How does Shailene Woodley's Tris compare to the book version? | Why was the Divergent film series never completed? | Should I read Divergent before watching the movie? | What are the main differences between the Divergent book and movie?,"Roth wrote a YA dystopian novel with more moral seriousness than the genre usually delivers. Burger made a competent, well-cast adaptation that loses the seriousness in pursuit of pace. Woodley is excellent. The novel is better. If you start the film series, finish the story in the books — the films didn't get there.",5,/the-maze-runner.html | /hunger-games-sunrise.html | /enders-game.html,The Maze Runner | The Hunger Games | Ender's Game,false,0,
doctor-sleep,doctor-sleep.html,v2,Doctor Sleep: Book vs Movie — Key Differences & Should You Read First?,Stephen King,2026-04-11,Doctor Sleep,Stephen King,2013,2019,Mike Flanagan,Horror / Drama,The Movie,Book Wins,verdict-book,2,https://amzn.to/4sZjXby,,.././images/doctor-sleep.jpg,BOzFZxB-8cw,https://www.youtube.com/watch?v=BOzFZxB-8cw,"Starring Ewan McGregor, Rebecca Ferguson, Kyliegh Curran — Film: 2019",5,true,true,true,false,5,Do I need to read The Shining before Doctor Sleep? | Is the movie a sequel to Kubrick's film or King's novel? | How accurate is the film's portrayal of alcoholism and recovery? | Who are the True Knot? | Does the film have the same ending as the book?,King's sequel follows an adult Danny Torrance through decades of alcoholism toward a confrontation with a new group of psychic predators. Flanagan's film has the additional challenge of serving two masters — King's novel and Kubrick's film — and navigates the tension with considerable skill. Ewan McGregor is the right Danny. The book is the richer experience; the film is the more ambitious adaptation.,4,/the-shining.html | /geralds-game.html | /it-muschietti.html,The Shining | Gerald's Game | It,false,0,
dracula,dracula.html,v2,Dracula: Book vs Movie — Key Differences & Should You Read First?,Bram Stoker,2026-04-11,Dracula,Bram Stoker,1897,1992,Francis Ford Coppola,Gothic Horror / Classic,The Movie,Book Wins,verdict-book,2,https://amzn.to/4m83Tl3,,.././images/dracula.jpg,hverb7siYJ8,https://www.youtube.com/watch?v=hverb7siYJ8,"Starring Gary Oldman, Winona Ryder, Anthony Hopkins, Keanu Reeves — Film: 1992",5,true,true,true,false,5,Is Bram Stoker's Dracula (1992) faithful to the book? | Why is the book told through letters and diaries? | Is the reincarnated love story in the original novel? | How does Gary Oldman's Dracula compare to the book's Count? | Should I read Dracula before watching the 1992 film?,"Stoker wrote a novel of remarkable formal sophistication — a mosaic of letters, diaries and telegrams that creates horror through accumulation and indirection. Coppola made a gorgeous, operatic film that replaces the novel's restraint with spectacle. The novel is stranger and more frightening. Read it first.",5,/rebecca.html | /the-shining.html | /frankenstein.html,Rebecca | The Shining | Frankenstein,false,0,
dune,dune.html,v2,Dune Book vs Movie: Key Differences & Should You Read First,Frank Herbert,2026-04-11,Dune,Frank Herbert,1965,2021,Denis Villeneuve,Science Fiction / Epic,The Movie,Book Wins,verdict-book,2,https://amzn.to/4c3KVYa,,.././images/dune.jpg,3_9vCamtuPY,https://www.youtube.com/watch?v=3_9vCamtuPY,"Starring Timothée Chalamet, Zendaya, Rebecca Ferguson — Dune: 2021–2024",5,true,true,true,false,5,Is the Dune movie faithful to the book? | Why did Denis Villeneuve split Dune into two movies? | How is Chani different in the movie vs the book? | What is the Butlerian Jihad in Dune? | Should I read Dune before watching the movies?,Villeneuve's adaptation is one of the best science fiction films ever made — and it still can't do what Herbert does. The book is an argument about power and prophecy the films can only gesture toward.,5,/project-hail-mary.html | /the-odyssey.html | /the-martian.html,Project Hail Mary | The Odyssey | The Martian,false,0,
eat-pray-love,eat-pray-love.html,v2,Eat Pray Love: Book vs Movie — Elizabeth Gilbert vs Ryan Murphy,Elizabeth Gilbert,2026-04-11,Eat Pray Love,Elizabeth Gilbert,2006,2010,Ryan Murphy,Memoir / Drama,The Movie,Book Wins,verdict-book,2,https://amzn.to/4v6k1b7,,.././images/eat-pray-love.jpg,mjay5vgIwt4,https://www.youtube.com/watch?v=mjay5vgIwt4,Starring Julia Roberts — Film: 2010,5,true,true,true,false,5,Is the Eat Pray Love movie faithful to the book? | How does Julia Roberts compare to the real Elizabeth Gilbert? | Which section of Eat Pray Love translates best to film? | Does the film include Gilbert's meditation practice in India? | Is Eat Pray Love worth reading if you've seen the movie?,"Gilbert wrote a memoir of genuine wit and intellectual engagement. Murphy made a handsome film of the prettiest parts of it. The book is richer, funnier, and more honest. The film is a pleasant way to spend two hours in Italy, India, and Bali with Julia Roberts. Read the book. See the film if the scenery appeals.",5,/wild.html | /kite-runner.html | /people-we-meet-on-vacation.html,Wild | The Kite Runner | People We Meet on Vacation,false,0,
enders-game-film,enders-game-film.html,v2,Ender's Game: Book vs Movie — Key Differences & Should You Read First?,Orson Scott Card,2026-04-11,Ender's Game,Orson Scott Card,1985,2013,Gavin Hood,Science Fiction / YA,The Movie,Book Wins,verdict-book,2,https://amzn.to/4sVeRNC,,.././images/enders-game-film.jpg,2UNWLgY-wuo,https://www.youtube.com/watch?v=2UNWLgY-wuo,"Starring Asa Butterfield, Harrison Ford, Ben Kingsley — Film: 2013",5,true,true,true,false,5,Is the Ender's Game movie faithful to the book? | Why does the book ending hit harder than the film? | What happened to the Peter and Valentine subplot? | How old is Ender in the book versus the movie? | Is Ender's Game part of a series?,"Card's novel is a sustained study in child psychology under extreme pressure — Ender's interiority is the story, and no film can replicate what it means to be inside a child's mind as it is systematically remade into a weapon. Hood's film is competent and visually inventive but hollowed out at the centre. Read the book.",4,/the-giver.html | /dune.html | /the-maze-runner-film.html,The Giver | Dune | The Maze Runner,false,0,
enders-game,enders-game.html,v2,Ender's Game: Book vs Movie — Orson Scott Card vs Gavin Hood,Orson Scott Card,2026-04-11,Ender's Game,Orson Scott Card,1985,2013,Gavin Hood,Science Fiction,The Movie,Book Wins,verdict-book,2,https://amzn.to/4e2oaqf,,.././images/enders-game.jpg,2SRizeR4MmU,https://www.youtube.com/watch?v=2SRizeR4MmU,"Starring Asa Butterfield, Harrison Ford, Ben Kingsley — Film: 2013",5,true,true,true,false,5,Is the Ender's Game movie faithful to the book? | Why does the time compression matter so much? | How does Asa Butterfield's performance compare to the book's Ender? | Are the battle room scenes as good in the film? | Does the ending work in the film?,"Card wrote one of science fiction's masterworks — a novel about strategy, childhood, and moral responsibility that rewards every reading. Hood made a competent film that proves the novel is essentially unfilmable in two hours. Read the book. See the film only if you want pictures to go with the story. The novel is the thing.",5,/dune.html | /the-maze-runner.html | /ready-player-one.html,Dune | The Maze Runner | Ready Player One,false,0,
english-patient,english-patient.html,v2,The English Patient: Book vs Movie — Michael Ondaatje vs Anthony Minghella,Michael Ondaatje,2026-04-11,The English Patient,Michael Ondaatje,1992,1996,Anthony Minghella,Literary Fiction / War,The Movie,Too Close to Call,verdict-tie,2,https://amzn.to/41Jz24X,,.././images/english-patient.jpg,Xk_LRcOFT0c,https://www.youtube.com/watch?v=Xk_LRcOFT0c,"Starring Ralph Fiennes, Kristin Scott Thomas, Juliette Binoche — Film: 1996",5,true,true,true,false,5,Is The English Patient movie faithful to the book? | Why did the film reduce Kip's character? | Did The English Patient win Best Picture? | Is the book harder to read than the movie is to watch? | Who is the English patient in both versions?,"One of the genuine ties. Minghella's film is a masterpiece of literary adaptation. But Ondaatje's novel is a richer, stranger, more ambitious work. Read both. Watch both. The argument between them is productive.",4,/cold-mountain.html | /atonement.html | /remains-of-the-day.html,Cold Mountain | Atonement | The Remains of the Day,false,0,
everything-everything,everything-everything.html,v2,"Everything, Everything: Book vs Movie — Key Differences & Should You Read First?",Nicola Yoon,2026-04-11,"Everything, Everything",Nicola Yoon,2015,2017,Stella Meghie,YA Romance / Drama,The Movie,Book Wins,verdict-book,2,https://amzn.to/4vcP5pn,,.././images/everything-everything.jpg,42KNwQ6u42U,https://www.youtube.com/watch?v=42KNwQ6u42U,"Starring Amandla Stenberg, Nick Robinson — Film: 2017",5,true,true,true,false,5,"Is Everything, Everything based on a true story? | What is the big twist in Everything, Everything? | How does the movie ending differ from the book? | Is Amandla Stenberg's performance accurate to the book? | Does the movie include the illustrated pages from the book?","The book is the clear winner, with a more nuanced and impactful story that the film adaptation doesn't quite capture.",4,/the-fault-in-our-stars.html | /the-giver.html | /the-beautiful-and-damned.html,The Fault in Our Stars | The Giver | The Beautiful and Damned,false,0,
fight-club,fight-club.html,v2,Fight Club: Book vs Movie — Key Differences & Should You Read First?,Chuck Palahniuk,2026-04-11,Fight Club,Chuck Palahniuk,1996,1999,David Fincher,Literary Fiction / Thriller,The Movie,Too Close to Call,verdict-tie,2,https://amzn.to/4sLuEOO,,.././images/fight-club.jpg,dfeUzm6KF4g,https://www.youtube.com/watch?v=dfeUzm6KF4g,"Starring Brad Pitt, Edward Norton, Helena Bonham Carter — Film: 1999",5,true,true,true,false,5,Is the Fight Club movie better than the book? | What is the biggest difference between the Fight Club book and movie? | Should I read Fight Club before watching the movie? | How accurate is the Fight Club movie to the book? | Did Chuck Palahniuk like the Fight Club movie?,"Chuck Palahniuk's 1996 novel vs David Fincher's 1999 film — the narrator, Tyler Durden, and one of the rare cases where the film may have surpassed the source.",4,/american-psycho.html | /no-country-for-old-men.html | /girl-with-the-dragon-tattoo.html,American Psycho | No Country for Old Men | The Girl with the Dragon Tattoo,false,0,
five-feet-apart,five-feet-apart.html,v2,Five Feet Apart: Book vs Movie — Key Differences & Should You Read First?,Rachael Lippincott,2026-04-11,Five Feet Apart,Rachael Lippincott,2018,2019,Justin Baldoni,YA Romance / Drama,The Movie,Book Wins,verdict-book,2,https://amzn.to/41OaAPQ,,.././images/five-feet-apart.jpg,XtgCqMZofqM,https://www.youtube.com/watch?v=XtgCqMZofqM,Starring Cole Sprouse & Haley Lu Richardson — Five Feet Apart: 2019,5,true,true,true,false,5,Is Five Feet Apart based on a true story? | Does Will die at the end of Five Feet Apart? | How does Poe's death differ between the book and movie? | Are Cole Sprouse and Haley Lu Richardson good as Will and Stella? | What is the pool scene in Five Feet Apart?,"The book offers a richer, more nuanced portrayal of the characters and their emotional journeys, making it the superior version.",4,/the-fault-in-our-stars.html | /the-notebook.html | /me-before-you.html,The Fault in Our Stars | The Notebook | Me Before You,false,0,
fourth-wing,fourth-wing.html,v2,Fourth Wing: Book vs Upcoming TV Series — Rebecca Yarros vs Prime Video,Rebecca Yarros,2026-04-11,Fourth Wing,Rebecca Yarros,2023,,TBA — Prime Video series in development,Fantasy Romance / Romantasy,The TV Series,Book Wins,verdict-book,2,https://amzn.to/3PGAKS7,,.././images/fourth-wing.jpg,vcybDwT6Ia4,https://www.youtube.com/watch?v=vcybDwT6Ia4,Starring — Prime Video series in development — no release date confirmed,5,true,true,true,false,5,Is Fourth Wing appropriate for young adults? | Do I need to read the whole series before the TV show? | How accurate will the Prime Video series be? | What makes Fourth Wing different from other fantasy romance? | Will the dragons look good on TV?,Yarros wrote the defining romantasy of its moment — a novel that earned its massive readership through genuine craft as well as timing. The Prime Video series is in development and has not yet had the chance to succeed or fail. The novel is the definitive version until further notice. Read it. We'll update this page when the series arrives.,5,/a-knight-of-the-seven-kingdoms.html | /dune.html | /narnia-magicians-nephew.html,A Knight of the Seven Kingdoms | Dune | Narnia: The Magician's Nephew,false,1,missing: meta strip film/series year
frankenstein,frankenstein.html,v2,Frankenstein: Book vs Movie — Mary Shelley vs del Toro,Mary Shelley,2026-04-11,Frankenstein,Mary Shelley,1818,2025,Guillermo del Toro,Gothic Fiction / Horror,The Movie,Book Wins,verdict-book,2,https://amzn.to/4sMTnlN,,.././images/frankenstein.jpg,x--N03NO130,https://www.youtube.com/watch?v=x--N03NO130,"Starring Oscar Isaac, Jacob Elordi — Netflix: 2025",5,true,true,true,false,5,Is the 2025 Frankenstein movie faithful to the book? | Does the creature speak in the 2025 Frankenstein movie? | Who is the real monster in Frankenstein? | How old was Mary Shelley when she wrote Frankenstein? | Should I read Frankenstein before watching the 2025 movie?,Del Toro has made the most faithful Frankenstein adaptation in cinema history and it's still a lesser work than a novel written by a teenager in 1818. Shelley's creature is irreplaceable on the page. See the film — del Toro earns his adaptation — but read the novel first and meet the creature Shelley actually created.,5,/the-shining.html | /wuthering-heights.html | /never-let-me-go.html,The Shining | Wuthering Heights | Never Let Me Go,false,0,
geralds-game,geralds-game.html,v2,Gerald's Game: Book vs Movie — Key Differences & Should You Read First?,Stephen King,2026-04-11,Gerald's Game,Stephen King,1992,2017,Mike Flanagan,Horror / Thriller,The Movie,Book Wins,verdict-book,2,https://amzn.to/4c8THnV,,.././images/geralds-game.jpg,twbGU2CqqQU,https://www.youtube.com/watch?v=twbGU2CqqQU,"Starring Carla Gugino, Bruce Greenwood — Netflix: 2017",5,true,true,true,false,5,Is Gerald's Game the scariest Stephen King adaptation? | How did Mike Flanagan make an unfilmable book filmable? | Is the Moonlight Man real or a hallucination? | How graphic is the childhood trauma material? | Does the film change the ending?,"King's novel was considered unfilmable for twenty-five years — almost entirely interior, set in a single room, dependent on a narrator who cannot move. Flanagan solved every problem and made one of the best King adaptations ever committed to screen. The book is richer in its psychological archaeology; the film is a technical and emotional triumph.",5,/the-haunting-of-hill-house.html | /doctor-sleep.html | /the-shining.html,The Haunting of Hill House | Doctor Sleep | The Shining,false,0,
girl-on-the-train,girl-on-the-train.html,v2,The Girl on the Train Book vs Movie: Key Differences,Paula Hawkins,2026-04-11,The Girl on the Train,Paula Hawkins,2015,2016,Tate Taylor,Psychological Thriller,The Movie,Book Wins,verdict-book,2,https://amzn.to/4dKk2LF,,.././images/girl-on-the-train.jpg,y5yk-HGqKmM,https://www.youtube.com/watch?v=y5yk-HGqKmM,"Starring Emily Blunt, Haley Bennett, Rebecca Ferguson — The Girl on the Train: 2016",5,true,true,true,false,5,Is The Girl on the Train movie faithful to the book? | Why did they change the setting from London to New York? | How does Emily Blunt's performance compare to the book's Rachel? | Does the movie spoil the book's twist? | Is Megan's character different in the movie?,Emily Blunt is excellent but the film loses the two things that made the novel a phenomenon: the London commuter setting and the full claustrophobic intimacy of Rachel's unreliable voice.,4,/gone-girl.html | /verity.html | /big-little-lies.html,Gone Girl | Verity | Big Little Lies,false,0,
girl-with-the-dragon-tattoo,girl-with-the-dragon-tattoo.html,v2,The Girl with the Dragon Tattoo: Book vs Movie — Larsson vs Fincher,Stieg Larsson,2026-04-11,The Girl with the Dragon Tattoo,Stieg Larsson,2005,2011,David Fincher,Thriller / Crime,The Movie,Book Wins,verdict-book,2,https://amzn.to/41dbhlG,,.././images/girl-with-the-dragon-tattoo.jpg,DqQe3OrsMKI,https://www.youtube.com/watch?v=DqQe3OrsMKI,"Starring Daniel Craig, Rooney Mara — Film: 2011",5,true,true,true,false,5,Is the American or Swedish film adaptation better? | How accurate is Rooney Mara's portrayal of Lisbeth Salander? | Does the film include the corporate thriller subplot? | Is The Girl with the Dragon Tattoo part of a series? | How graphic is the sexual violence in the book vs the film?,"Fincher made a brilliant thriller. Larsson wrote a brilliant thriller that is also a character study, a social document, and a portrait of a woman who refuses to be reduced. Read the novel. See the film. Prefer Rooney Mara's eyes and Larsson's pages in equal measure, for different reasons.",5,/gone-girl.html | /talented-mr-ripley.html | /silence-of-the-lambs.html,Gone Girl | The Talented Mr. Ripley | The Silence of the Lambs,false,0,
gone-girl,gone-girl.html,v2,Gone Girl: Book vs Movie — Key Differences & Should You Read First?,Gillian Flynn,2026-04-11,Gone Girl,Gillian Flynn,2012,2014,David Fincher,Psychological Thriller,The Movie,Too Close to Call,verdict-tie,2,https://amzn.to/3QkNmyi,,.././images/gone-girl-2.jpg,2-_-1nJf8Vg,https://www.youtube.com/watch?v=2-_-1nJf8Vg,"Starring Rosamund Pike, Ben Affleck — Film: 2014",5,true,true,true,false,5,Is the Gone Girl movie faithful to the book? | Does the Gone Girl movie have the same ending as the book? | How accurate is Rosamund Pike's portrayal of Amy? | Is Gone Girl better as a book or movie? | Should I read Gone Girl before watching the movie?,Flynn's novel and Fincher's film are both masterworks of psychological manipulation — they just manipulate you differently. The book gives you more of Amazing Amy's architecture; the film gives you Rosamund Pike. Both are essential. One of the site's most genuinely contested comparisons.,5,/sharp-objects.html | /girl-on-the-train.html | /the-girl-with-the-dragon-tattoo-fincher.html,Sharp Objects | The Girl on the Train | The Girl with the Dragon Tattoo,false,0,
good-omens,good-omens.html,v2,Good Omens: Book vs Series — Key Differences & Should You Read First?,Terry Pratchett and Neil Gaiman,2026-04-11,Good Omens,Terry Pratchett & Neil Gaiman,1990,2019,Douglas Mackinnon,Fantasy / Comedy,The Series,Too Close to Call,verdict-tie,2,https://amzn.to/41Utapv,,.././images/good-omens.jpg,On0RbFjh8tI,https://www.youtube.com/watch?v=On0RbFjh8tI,"Starring Michael Sheen, David Tennant — Amazon Prime: 2019",5,true,true,true,false,5,Is the Good Omens series faithful to the book? | Did Neil Gaiman write Good Omens alone? | How many episodes is Good Omens Season 1? | Are Michael Sheen and David Tennant good as Aziraphale and Crowley? | What happens to the footnotes in the series?,"Pratchett and Gaiman's comic novel is a marvel of sustained wit and genuine feeling. The Amazon series, with Michael Sheen and David Tennant, is one of the warmest and most faithful adaptations of recent years — Gaiman's direct involvement shows throughout. A genuinely close call.",5,/american-gods.html | /stardust.html | /interview-with-the-vampire-amcplus.html,American Gods | Stardust | Interview with the Vampire,false,0,
hamnet,hamnet.html,v2,Hamnet Book vs Movie: O'Farrell vs Chloé Zhao 2026,Maggie O,2026-04-11,Hamnet,Maggie O'Farrell,2020,2026,Chloé Zhao,Historical Fiction,The Movie,Book Wins,verdict-book,2,https://amzn.to/4sTMWgU,,.././images/hamnet.jpg,xYcgQMxQwmk,https://www.youtube.com/watch?v=xYcgQMxQwmk,"Starring Jessie Buckley, Paul Mescal, Emily Watson — 2026",5,true,true,true,false,5,Is Hamnet historically accurate? | Does the film show Shakespeare writing Hamlet? | How does Jessie Buckley compare to the book's Agnes? | Is the plague sequence as powerful in the film? | Do I need to know Shakespeare's plays to understand Hamnet?,O'Farrell's novel is a devastating portrait of grief and loss. The film adaptation brings Jessie Buckley to the role but cannot replicate the prose's intimacy.,5,/wuthering-heights.html | /remarkably-bright-creatures.html | /verity.html,Wuthering Heights | Remarkably Bright Creatures | Verity,false,0,
hannibal-series,hannibal-series.html,v2,Hannibal: Book vs Series — Key Differences & Should You Read First?,Thomas Harris,2026-04-11,Hannibal (Series of Books),Thomas Harris,1981,2013,Bryan Fuller,Horror / Crime Thriller,The Series,Book Wins,verdict-book,2,https://amzn.to/4sN87kG,,.././images/hannibal.jpg,Lr3OavheNu0,https://www.youtube.com/watch?v=Lr3OavheNu0,"Starring Mads Mikkelsen, Hugh Dancy — NBC: 2013–2015",5,true,true,true,false,5,Is the Hannibal TV series based on the books? | How does Mads Mikkelsen's Hannibal compare to Anthony Hopkins? | Do I need to read the books before watching the series? | Which Hannibal book should I start with? | Does the Hannibal series have an ending?,"Thomas Harris's novels created one of fiction's great monsters and two excellent thrillers. Fuller's series took that mythology and built something formally extraordinary around it — a gothic psychological study of two brilliant minds, rendered in images of unprecedented beauty for network television, anchored by Mikkelsen's Hannibal and Dancy's Will. The books are the source and they are worth reading. The series is a reinvention that stands entirely on its own terms. Both essential; neither a substitute for the other.",5,/silence-of-the-lambs.html | /american-psycho.html | /the-outsider.html,The Silence of the Lambs | American Psycho | The Outsider,false,0,
heated-rivalry,heated-rivalry.html,v2,Heated Rivalry: Book vs Show — Rachel Reid vs Jacob Tierney,Rachel Reid,2026-04-11,Heated Rivalry,Rachel Reid,2019,2025,Jacob Tierney,Romance / Sports Drama / LGBTQ+,The Show,Too Close to Call,verdict-tie,2,https://amzn.to/41jIufh,,.././images/heated-rivalry.jpg,lKO26odltss,https://www.youtube.com/watch?v=lKO26odltss,"Starring Connor Storrie, Hudson Williams — HBO Max / Crave: 2025",5,true,true,true,false,5,Is Heated Rivalry part of a series? | How faithful is the HBO Max adaptation? | Do I need to know hockey to enjoy this? | How explicit is the content? | Will there be a second season?,"Rachel Reid's novel is a slow-burn romance of real precision and warmth. Jacob Tierney's HBO Max adaptation is one of the best book-to-screen translations of recent years — visually confident, excellently cast, and faithful to the source's emotional core. A rare case where both versions are genuinely essential.",5,/normal-people.html | /big-little-lies.html | /atonement.html,Normal People | Big Little Lies | Atonement,false,0,
high-fidelity,high-fidelity.html,v2,High Fidelity: Book vs Movie — Key Differences & Should You Read First?,Nick Hornby,2026-04-11,High Fidelity,Nick Hornby,1995,2000,Stephen Frears,Literary Fiction / Comedy,The Movie,Too Close to Call,verdict-tie,2,https://amzn.to/4c1avi1,,.././images/high-fidelity.jpg,OA9gPtWDiww,https://www.youtube.com/watch?v=OA9gPtWDiww,"Starring John Cusack, Iben Hjejle, Jack Black, Todd Louiso — Film: 2000",5,true,true,true,false,5,Is the High Fidelity movie faithful to the book? | Why did they change the setting from London to Chicago? | Is Jack Black's Barry in the book? | Does the movie have the same ending as the book? | Should I read the book or watch the movie first?,Hornby wrote a novel about a man who uses music and lists to avoid feeling anything genuinely difficult. Frears and Cusack made a film that is as good — moving the story from London to Chicago without losing anything essential. One of the most successful transatlantic adaptations in cinema. A genuine tie.,4,/about-a-boy.html | /big-fish.html | /normal-people.html,About a Boy | Big Fish | Normal People,false,0,
hillbilly-elegy,hillbilly-elegy.html,v2,Hillbilly Elegy: Book vs Movie — Key Differences & Should You Read First?,J.D. Vance,2026-04-11,Hillbilly Elegy,J.D. Vance,2016,2020,Ron Howard,Memoir,The Movie,Book Wins,verdict-book,2,https://amzn.to/4mwnpbr,,.././images/hillbilly-elegy.jpg,KW_3aaoSOYg,https://www.youtube.com/watch?v=KW_3aaoSOYg,"Starring Viola Davis, Amy Adams — Movie: 2020",5,true,true,true,false,5,Is the Hillbilly Elegy movie accurate to the book? | Why was Hillbilly Elegy controversial? | How does the movie change J.D. Vance's mother's story? | What does the book include that the movie leaves out? | Is Glenn Close's Mamaw performance accurate?,"The memoir offers a more nuanced, personal account, while the film simplifies the story and falls short of fully capturing the book's emotional depth.",4,/the-glass-castle.html | /just-mercy.html | /the-shack.html,The Glass Castle | Just Mercy | The Shack,false,0,
hitchhikers-guide,hitchhikers-guide.html,v2,The Hitchhiker's Guide to the Galaxy: Book vs Movie — Key Differences & Should You Read First?,Douglas Adams,2026-04-11,The Hitchhiker's Guide to the Galaxy,Douglas Adams,1979,2005,Garth Jennings,Science Fiction / Comedy,The Movie,Book Wins,verdict-book,2,https://amzn.to/3PPAZdv,,.././images/hitchhikers-guide.jpg,eLdiWe_HJv4,https://www.youtube.com/watch?v=eLdiWe_HJv4,"Starring Martin Freeman, Mos Def, Sam Rockwell, Zooey Deschanel — Film: 2005",5,true,true,true,false,5,"Is the Hitchhiker's Guide to the Galaxy movie faithful to the book? | Who plays Arthur Dent in the 2005 film? | What is the answer to life, the universe, and everything? | Should I read The Hitchhiker's Guide to the Galaxy before watching the movie? | Are there other Hitchhiker's Guide books?","Adams wrote a novel whose comedy lives entirely in the prose — the asides, the footnotes, the narrative voice that is itself the joke. The 2005 film is affectionate and well-cast and fundamentally loses the mechanism. Read the book. See the film if Mos Def as Ford Prefect is sufficient reason — it almost is.",5,/catch-22.html | /the-martian.html | /good-omens.html,Catch-22 | The Martian | I Am Legend,false,0,
howls-moving-castle,howls-moving-castle.html,v2,Howl's Moving Castle: Book vs Movie — Key Differences & Should You Read First?,Diana Wynne Jones,2026-04-11,Howl's Moving Castle,Diana Wynne Jones,1986,2004,Hayao Miyazaki,Fantasy / Children's Literature,The Movie,Too Close to Call,verdict-tie,2,https://amzn.to/4dwkuNm,,.././images/howls-moving-castle.jpg,iwROgK94zcM,https://www.youtube.com/watch?v=iwROgK94zcM,Dir. Hayao Miyazaki — Studio Ghibli: 2004,5,true,true,true,false,5,"Is Howl's Moving Castle movie faithful to the book? | Is Sophie more powerful in the book or movie? | Why did Miyazaki add the war to Howl's Moving Castle? | Which ending is better, book or movie? | Are there sequels to Howl's Moving Castle?","Jones's novel is wittier, more plotted, and gives Sophie considerably more agency than Miyazaki's dreamlike film. Miyazaki's adaptation is visually overwhelming and emotionally generous — it is one of the great animated films. Both are essential. Neither replaces the other.",5,/stardust.html | /good-omens.html | /coraline.html,Stardust | Good Omens | Coraline,false,0,
hunger-games-sunrise,hunger-games-sunrise.html,v2,Hunger Games: Sunrise on the Reaping Book vs Movie 2026,Suzanne Collins,2026-04-11,Hunger Games: Sunrise on the Reaping,Suzanne Collins,2025,2026,Francis Lawrence,Dystopian Fiction,The Movie,Too Close to Call,verdict-tie,2,https://amzn.to/415ZN3r,,.././images/hunger-games-sunrise.jpg,MPjxijuBuSo,https://www.youtube.com/watch?v=MPjxijuBuSo,"Starring Joseph Zada, Ralph Fiennes, Elle Fanning — 2026",5,true,true,true,false,5,Do I need to read the original Hunger Games trilogy first? | Is Ralph Fiennes playing President Snow? | How does this compare to The Ballad of Songbirds and Snakes? | Does the film show Haymitch becoming an alcoholic? | Is this the last Hunger Games book?,Collins returns to Panem with a prequel that expands the mythology. The film adaptation with Ralph Fiennes is highly anticipated — too close to call until release.,4,/verity.html | /narnia-magicians-nephew.html | /project-hail-mary.html,Verity | The Magician's Nephew | Project Hail Mary,false,0,
i-am-legend,i-am-legend.html,v2,I Am Legend: Book vs Movie — Key Differences & Should You Read First?,Richard Matheson,2026-04-11,I Am Legend,Richard Matheson,1954,2007,Francis Lawrence,Science Fiction / Horror,The Movie,Book Wins,verdict-book,2,https://amzn.to/4mbz0wg,,.././images/i-am-legend.jpg,dtKMEAXyPkg,https://www.youtube.com/watch?v=dtKMEAXyPkg,Starring Will Smith — Film: 2007,5,true,true,true,false,5,Is the I Am Legend movie faithful to the book? | What is the biggest difference between the book and movie? | Are the vampires different in the book vs the movie? | Should I read I Am Legend before watching the movie? | How does Will Smith's performance compare to the book's Neville?,"Richard Matheson's 1954 novel 'I Am Legend' stands as a cornerstone of science fiction and horror. While Francis Lawrence's 2007 film adaptation, starring Will Smith, is a visually stunning and intense survival thriller, it significantly deviates from Matheson's original philosophical conclusion.",5,/world-war-z.html | /the-road.html | /station-eleven.html,World War Z | The Road | Station Eleven,false,0,
i-robot,i-robot.html,v2,"I, Robot: Book vs Movie — Key Differences & Should You Read First?",Isaac Asimov,2026-04-11,"I, Robot",Isaac Asimov,1950,2004,Alex Proyas,Science Fiction / Action,The Movie,Book Wins,verdict-book,2,https://amzn.to/4bVqjTq,,.././images/i-robot.jpg,7Dlo-VB0-HI,https://www.youtube.com/watch?v=7Dlo-VB0-HI,"Starring Will Smith, Bridget Moynahan, James Cromwell — Film: 2004",5,true,true,true,false,5,"Is the I, Robot movie based on the book? | What are the Three Laws of Robotics? | Is Susan Calvin the same character in the book and movie? | Does Detective Spooner appear in Asimov's stories? | Should I read I, Robot before watching the movie?","Asimov's story collection is one of the foundational texts of science fiction — a series of philosophical puzzles about logic, ethics, and what it means to be intelligent. Proyas's film borrows the title, the Three Laws, and the name Susan Calvin, then makes a Will Smith action movie. They are barely related. Read the book.",5,/enders-game-film.html | /annihilation.html | /dune.html,Ender's Game | Annihilation | Dune,false,0,
interview-with-the-vampire-amcplus,interview-with-the-vampire-amcplus.html,v2,Interview with the Vampire: Book vs Series — Key Differences & Should You Read First?,Anne Rice,2026-04-11,Interview with the Vampire,Anne Rice,1976,2022,Rolin Jones,Horror / Fantasy,The Series,Book Wins,verdict-book,2,https://amzn.to/4t4epMX,,.././images/interview-with-the-vampire-amcplus.jpg,4wT4QihIavo,https://www.youtube.com/watch?v=4wT4QihIavo,"Starring Jacob Anderson, Sam Reid, Bailey Bass — AMC+: 2022",5,true,true,true,false,5,Is the AMC series faithful to Anne Rice's novel? | Why did they change Louis's race in the series? | How does the series handle Lestat and Louis's relationship? | Is Claudia different in the series? | Should I read the book before watching the series?,"Rice's novel is a gothic masterpiece of grief, guilt, and eternal regret — one of the defining works of modern vampire fiction. AMC's 2022 series is a bold, racially reimagined adaptation that updates the story for contemporary audiences and finds genuine new dimensions in the material. Read the book; the series is the best screen version yet.",5,/good-omens.html | /american-gods.html | /dracula.html,Good Omens | American Gods | Dracula,false,0,
into-the-wild,into-the-wild.html,v2,Into the Wild: Book vs Movie — Key Differences & Should You Read First?,Jon Krakauer,2026-04-11,Into the Wild,Jon Krakauer,1996,2007,Sean Penn,Memoir / Adventure,The Movie,Book Wins,verdict-book,2,https://amzn.to/4ml6FDJ,,.././images/into-the-wild.jpg,XZG1FzyB8DI,https://www.youtube.com/watch?v=XZG1FzyB8DI,"Starring Emile Hirsch, Marcia Gay Harden, William Hurt, Hal Holbrook — Film: 2007",5,true,true,true,false,5,Is Into the Wild based on a true story? | What killed Christopher McCandless? | Did Emile Hirsch really lose weight for Into the Wild? | How accurate is the movie compared to the book? | Is the magic bus still in Alaska?,"Krakauer wrote a work of journalism that is also a meditation on the appeal and danger of a certain kind of solitary idealism — and he is honest about his own complicity in romanticising McCandless. Penn made a beautiful film that is less honest, more elegiac, and considerably more romantic about the same story. Read the book for the full picture. See the film for Emile Hirsch and the Alaskan landscape.",5,/wild.html | /on-the-road.html | /eat-pray-love.html,Wild | On the Road | Eat Pray Love,false,0,
it-ends-with-us,it-ends-with-us.html,v2,It Ends With Us: Book vs Movie — Colleen Hoover vs Justin Baldoni,Colleen Hoover,2026-04-11,It Ends With Us,Colleen Hoover,2016,2024,Justin Baldoni,Romance / Drama,The Movie,Book Wins,verdict-book,2,https://amzn.to/4mk8AIH,,.././images/it-ends-with-us.jpg,DLET_u31M4M,https://www.youtube.com/watch?v=DLET_u31M4M,"Starring Blake Lively, Justin Baldoni, Brandon Sklenar — Film: 2024",5,true,true,true,false,5,Is the It Ends With Us movie faithful to the book? | Why did Blake Lively and Justin Baldoni have a falling out? | Does the movie show the abuse scenes? | Is Atlas in the movie as much as in the book? | Should I read It Ends With Us if I've seen the movie?,Hoover wrote a novel that takes domestic abuse seriously inside a romance structure and does so with genuine skill. Baldoni made a film that arrived in difficult circumstances and is a lesser version of that novel. The book is the original. The film is an adaptation that serves the story less well than the source. Read the novel.,5,/verity.html | /reminders-of-him.html | /me-before-you.html,Verity | Reminders of Him | Me Before You,false,0,
it-muschietti,it-muschietti.html,v2,It: Book vs Movie — Key Differences & Should You Read First?,Stephen King,2026-04-11,It,Stephen King,1986,2017,Andy Muschietti,Horror / Coming of Age,The Movie,Book Wins,verdict-book,2,https://amzn.to/4mdkHHz,,.././images/it-muschietti.jpg,FnCdOQsX5kc,https://www.youtube.com/watch?v=FnCdOQsX5kc,"Starring Jaeden Martell, Bill Skarsgård, Finn Wolfhard — Film: 2017",5,true,true,true,false,5,Is the It movie scarier than the book? | Why does the movie change the time period from 1958 to 1989? | What major scenes from the book are missing in the film? | How does Bill Skarsgård's Pennywise compare to Tim Curry's? | Is It Chapter Two necessary to complete the story?,"King's novel is one of the great horror epics — a thousand-page immersion in childhood fear, friendship, and the specific texture of a small American city haunted by something ancient. Muschietti's film is one of the best Stephen King adaptations, anchored by extraordinary young performances and a genuinely frightening Pennywise. The book is the fuller experience; the film is the more concentrated one.",5,/the-shining.html | /pet-sematary-2019.html | /doctor-sleep.html,The Shining | Pet Sematary | Doctor Sleep,false,0,
jane-eyre,jane-eyre.html,v2,Jane Eyre: Book vs Movie — Charlotte Brontë vs Cary Joji Fukunaga,Charlotte Brontë,2026-04-11,Jane Eyre,Charlotte Brontë,1847,2011,Cary Joji Fukunaga,Gothic Romance / Classic,The Movie,Book Wins,verdict-book,2,https://amzn.to/41ecrxf,,.././images/jane-eyre.jpg,8IFsdfk3mlk,https://www.youtube.com/watch?v=8IFsdfk3mlk,"Starring Mia Wasikowska, Michael Fassbender — Film: 2011",5,true,true,true,false,5,"Is the 2011 Jane Eyre the best film adaptation? | Does the film include the St. John Rivers section? | How does the film handle Bertha Mason? | Is Jane Eyre's childhood included in the film? | Does the film keep the famous 'Reader, I married him' line?","Brontë wrote one of the great first-person novels in English literature — Jane's voice is its own argument, its own world. Fukunaga made the finest adaptation yet and it remains considerably less than the novel. Read Jane Eyre. See the film for Fassbender. The book is the thing.",5,/wuthering-heights.html | /pride-and-prejudice.html | /rebecca.html,Wuthering Heights | Pride and Prejudice | Rebecca,false,0,
jurassic-park,jurassic-park.html,v2,Jurassic Park: Book vs Movie — Crichton vs Spielberg,Michael Crichton,2026-04-11,Jurassic Park,Michael Crichton,1990,1993,Steven Spielberg,Science Fiction / Adventure,The Movie,Book Wins,verdict-book,2,https://amzn.to/4c4szGF,,.././images/jurassic-park.jpg,QWBKEmWWL38,https://www.youtube.com/watch?v=QWBKEmWWL38,"Starring Sam Neill, Laura Dern, Jeff Goldblum — Film: 1993",5,true,true,true,false,5,Is the Jurassic Park book scarier than the movie? | Does John Hammond die in the book? | How different is Ian Malcolm in the book? | Are the dinosaurs better in the movie? | Should I read the book if I've already seen the movie?,"Spielberg made one of cinema's great experiences and Crichton wrote a better, darker book. The film's dinosaurs are irreplaceable; the novel's argument is irreplaceable. See the film for the experience. Read the novel to understand what the experience was originally about.",5,/the-martian.html | /dune.html | /ready-player-one.html,The Martian | Dune | Ready Player One,false,0,
kite-runner,kite-runner.html,v2,The Kite Runner Book vs Movie: Key Differences,Khaled Hosseini,2026-04-11,The Kite Runner,Khaled Hosseini,2003,2007,Marc Forster,Literary Fiction / Drama,The Movie,Book Wins,verdict-book,2,https://amzn.to/41Jy7RY,,.././images/kite-runner.jpg,sLtavGjAOJY,https://www.youtube.com/watch?v=sLtavGjAOJY,"Starring Khalid Abdalla, Homayoun Ershadi, Zekeria Ebrahimi — The Kite Runner: 2007",5,true,true,true,false,5,Is The Kite Runner movie faithful to the book? | What is the biggest difference between The Kite Runner book and movie? | Why was The Kite Runner controversial when it was filmed? | Does the movie show Hassan's assault? | Is Sohrab's story different in the movie?,Forster's film is sincere and well-intentioned but loses the full claustrophobic intimacy of Amir's guilty conscience. The book is the one that stays with you.,5,/atonement.html | /dune.html | /hamnet.html,Atonement | Dune | Hamnet,false,0,
la-confidential,la-confidential.html,v2,LA Confidential: Book vs Movie — James Ellroy vs Curtis Hanson,James Ellroy,2026-04-11,LA Confidential,James Ellroy,1990,1997,Curtis Hanson,Crime / Noir,The Movie,Too Close to Call,verdict-tie,2,https://amzn.to/4tvZDys,,.././images/la-confidential.jpg,6sOXrY5yV4g,https://www.youtube.com/watch?v=6sOXrY5yV4g,"Starring Kevin Spacey, Russell Crowe, Guy Pearce, Kim Basinger — Film: 1997",5,true,true,true,false,5,"Is the LA Confidential movie faithful to the book? | Why is James Ellroy's writing style so unusual? | Did Kim Basinger deserve the Oscar for LA Confidential? | Is LA Confidential part of a series? | Which is better, the LA Confidential book or movie?",Ellroy wrote one of the great American crime novels and Hanson made one of the great American crime films. They are different achievements at different scales. The novel is more ambitious. The film is more perfectly constructed. Read both. This is one of the very few genuine ties.,4,/american-psycho.html | /no-country-for-old-men.html | /silence-of-the-lambs.html,American Psycho | No Country for Old Men | The Silence of the Lambs,false,0,
les-miserables,les-miserables.html,v2,Les Misérables: Book vs Movie — Key Differences & Should You Read First?,Victor Hugo,2026-04-11,Les Misérables,Victor Hugo,1862,2012,Tom Hooper,Literary Fiction / Classic,The Movie,Book Wins,verdict-book,2,https://amzn.to/4tmfqzy,,.././images/les-miserables.jpg,rbNt1FXAuBI,https://www.youtube.com/watch?v=rbNt1FXAuBI,"Starring Hugh Jackman, Russell Crowe — Film: 2012",5,true,true,true,false,5,Is the 2012 Les Misérables movie faithful to the book? | How long is the Les Misérables book compared to the movie? | Does the movie include the Bishop Myriel storyline? | Are the barricade scenes accurate to the book? | Why does Javert kill himself in both versions?,"The book version of Les Misérables stands tall, offering a richer, more nuanced portrayal of its classic characters and themes.",5,/the-shining.html | /to-kill-a-mockingbird.html | /the-great-gatsby.html,The Shining | To Kill a Mockingbird | The Great Gatsby,false,0,
little-women,little-women.html,v2,Little Women: Book vs Movie — Key Differences & Should You Read First?,Louisa May Alcott,2026-04-11,Little Women,Louisa May Alcott,1868,2019,Greta Gerwig,Literary Fiction / Classic,The Movie,Too Close to Call,verdict-tie,2,https://amzn.to/4duUdPp,,.././images/little-women.jpg,AST2-4db4ic,https://www.youtube.com/watch?v=AST2-4db4ic,"Starring Saoirse Ronan, Florence Pugh, Timothée Chalamet, Meryl Streep — Film: 2019",5,true,true,true,false,5,Is the 2019 Little Women movie faithful to the book? | Which Little Women movie is most accurate to the book? | Does Beth die in both the book and movie? | Why does Amy marry Laurie instead of Jo? | Did Louisa May Alcott want Jo to marry Professor Bhaer?,"Alcott wrote one of the great American novels about female ambition and the cost of compromise. Gerwig made one of the great American films from it — formally inventive, emotionally precise, and genuinely competitive with the source. This is a rare tie. Read the book. See the film. Regard them as a conversation.",4,/pride-and-prejudice.html | /sense-and-sensibility.html | /jane-eyre.html,Pride and Prejudice | Sense and Sensibility | Jane Eyre,false,0,
lonesome-dove,lonesome-dove.html,v2,Lonesome Dove: Book vs Miniseries — McMurtry's Epic Explained,Larry McMurtry,2026-04-11,Lonesome Dove,Larry McMurtry,1985,1989,Simon Wincer,Western / Epic,The Miniseries,Book Wins,verdict-book,2,https://amzn.to/4e0XAOc,,.././images/lonesome-dove.jpg,g1Xq4lYcHLw,https://www.youtube.com/watch?v=g1Xq4lYcHLw,"Starring Robert Duvall, Tommy Lee Jones — Miniseries: 1989",5,true,true,true,false,5,Is the Lonesome Dove miniseries faithful to the book? | How does Robert Duvall's Gus compare to the book version? | Should I read Lonesome Dove before watching the miniseries? | What are the biggest differences between the book and miniseries? | Is Lonesome Dove part of a series?,McMurtry wrote one of the great American novels and Wincer made one of the great American television adaptations. Neither replaces the other — they're companion pieces that illuminate each other. The book is richer. The miniseries has Duvall. Start with the book. Finish with the miniseries. Mourn Gus twice.,5,/no-country-for-old-men.html | /the-road.html | /dune.html,No Country for Old Men | The Road | Dune,false,0,
looking-for-alaska,looking-for-alaska.html,v2,Looking for Alaska: Book vs Hulu Series — Key Differences & Should You Read First?,John Green,2026-04-11,Looking for Alaska,John Green,2005,2019,,YA / Coming of Age,The Series,Book Wins,verdict-book,2,https://amzn.to/3PNvhJf,,.././images/looking-for-alaska.jpg,LP7uPc6QwWs,https://www.youtube.com/watch?v=LP7uPc6QwWs,"Starring Kristine Froseth, Charlie Plummer — Hulu Series: 2019",5,true,true,true,false,5,Is Looking for Alaska a movie or a series? | Does the Hulu series change the ending of Looking for Alaska? | How accurate is Kristine Froseth's portrayal of Alaska Young? | What's the biggest difference between the book and series? | Is the Hulu series appropriate for the same age group as the book?,"The book is the clear winner, with a richer, more introspective exploration of grief and self-discovery.",5,/the-fault-in-our-stars.html | /the-giver.html | /divergent.html,The Fault in Our Stars | The Giver | Divergent,false,1,missing: meta strip director
lord-of-the-flies,lord-of-the-flies.html,v2,Lord of the Flies: Book vs Movie — Key Differences & Should You Read First?,William Golding,2026-04-11,Lord of the Flies,William Golding,1954,1963,Peter Brook,Literary Fiction / Classic,The Movie,Book Wins,verdict-book,2,https://amzn.to/4sXFEc0,,.././images/lord-of-the-flies.jpg,3Q9SQ7hTMdg,https://www.youtube.com/watch?v=3Q9SQ7hTMdg,"Starring James Aubrey, Tom Chapin — 1963 Film — also 1990 US remake",5,true,true,true,false,5,Is the 1963 or 1990 Lord of the Flies film better? | What happens to Simon in Lord of the Flies? | Why does Piggy die in Lord of the Flies? | Is Lord of the Flies based on a true story? | What does the Lord of the Flies symbolize?,"Golding wrote a novel that argues for something dark about human nature — and the argument is made through prose that implicates the reader in the horror. Brook's 1963 film is a sincere, raw adaptation that loses the implication. The novel is the essential version. Read it and the film becomes a useful companion.",5,/of-mice-and-men.html | /the-outsiders.html | /animal-farm.html,Of Mice and Men | The Outsiders | Animal Farm,false,0,
love-simon,love-simon.html,v2,Simon vs. the Homo Sapiens Agenda: Book vs Movie — Key Differences & Verdict,Becky Albertalli,2026-04-11,Simon vs. the Homo Sapiens Agenda,Becky Albertalli,2015,2018,Greg Berlanti,YA Romance / Comedy,The Movie,Book Wins,verdict-book,2,https://amzn.to/3Q7j2XX,,.././images/love-simon.jpg,E0cbWdlQg_8,https://www.youtube.com/watch?v=E0cbWdlQg_8,"Starring Nick Robinson, Jennifer Garner — Movie: 2018",5,true,true,true,false,5,"Is Love, Simon based on Simon vs. the Homo Sapiens Agenda? | Who plays Simon in the movie? | Does the movie reveal Blue's identity at the same time as the book? | Are Simon's parents different in the book and movie? | Is the blackmail plot the same in both versions?","The book version of Simon vs. the Homo Sapiens Agenda is the clear winner, providing deeper character development and a more nuanced exploration of themes like identity and coming out.",4,/the-fault-in-our-stars.html | /perks-of-being-a-wallflower.html | /the-hunger-games.html,The Fault in Our Stars | The Perks of Being a Wallflower | The Hunger Games,false,0,
margos-got-money-troubles,margos-got-money-troubles.html,v2,Margo's Got Money Troubles: Book vs TV Series — Rufi Thorpe vs Apple TV+,Rufi Thorpe,2026-04-11,Margo's Got Money Troubles,Rufi Thorpe,2024,2026,Dearbhla Walsh,Comedy / Drama,The TV Series,Book Wins,verdict-book,2,https://amzn.to/4sbRr56,,.././images/margos-got-money-troubles.jpg,AjI52haEerU,https://www.youtube.com/watch?v=AjI52haEerU,"Starring Elle Fanning, Michelle Pfeiffer, Nick Offerman — Apple TV+: April 15, 2026",5,true,true,true,false,5,Is Margo's Got Money Troubles based on a true story? | How accurate is the wrestling portrayal? | Does the series tone down the OnlyFans content? | Is Elle Fanning right for Margo? | How many episodes is the Apple TV+ series?,Thorpe wrote a novel that is funnier and sharper than its premise promises. Kelley and Walsh made a series with exceptional casting that is likely warmer and slightly less precise than the source. The book is the more distinctive work. The series is excellent television. Read first. Watch from April 15.,5,/people-we-meet-on-vacation.html | /normal-people.html | /big-little-lies.html,People We Meet on Vacation | Normal People | Big Little Lies,false,0,
me-before-you,me-before-you.html,v2,Me Before You: Book vs Movie — Jojo Moyes vs Thea Sharrock,Jojo Moyes,2026-04-11,Me Before You,Jojo Moyes,2012,2016,Thea Sharrock,Romance / Drama,The Movie,Book Wins,verdict-book,2,https://amzn.to/4sRz32D,,.././images/me-before-you.jpg,T0MmkG_nG1U,https://www.youtube.com/watch?v=T0MmkG_nG1U,"Starring Emilia Clarke, Sam Claflin — Film: 2016",5,true,true,true,false,5,Is the Me Before You movie faithful to the book? | Does Will die in both the book and the movie? | How is Emilia Clarke's performance as Louisa? | Is Me Before You appropriate for young readers? | Are there sequels to Me Before You?,Moyes wrote a novel that handles difficult material with more sophistication than its genre packaging suggests. Sharrock made a very good film of a better book. Clarke is worth watching. The novel is worth reading. The book carries more weight.,5,/the-notebook.html | /it-ends-with-us.html | /normal-people.html,The Notebook | It Ends With Us | Normal People,false,0,
mickey-17,mickey-17.html,v2,Mickey 17: Book vs Movie — Key Differences & Should You Read First?,Edward Ashton,2026-04-11,Mickey 17,Edward Ashton,2022,2025,Bong Joon-ho,Science Fiction / Dark Comedy,The Movie,Book Wins,verdict-book,2,https://amzn.to/4c4sdQ8,,.././images/mickey-17.jpg,osYpGSz_0i4,https://www.youtube.com/watch?v=osYpGSz_0i4,Starring Robert Pattinson — Film: 2025,5,true,true,true,false,5,Is Mickey 17 part of a series? | How accurate is the Mickey 17 movie to the book? | What is a Disposable in Mickey 17? | Does the movie change the ending of Mickey 17? | Who stars in the Mickey 17 movie?,"Joon-ho's adaptation is a captivating, visually stunning exploration of identity, but Ashton's novel digs deeper into the philosophical questions of consciousness and humanity's future. The book is the stronger work.",5,/the-martian.html | /contact.html | /project-hail-mary.html,The Martian | Contact | Project Hail Mary,false,0,
misery,misery.html,v2,Misery: Book vs Movie — Stephen King vs Rob Reiner,Stephen King,2026-04-11,Misery,Stephen King,1987,1990,Rob Reiner,Horror / Thriller,The Movie,Too Close to Call,verdict-tie,2,https://amzn.to/4sP55w9,,.././images/misery.jpg,XHQ9CPRfDsw,https://www.youtube.com/watch?v=XHQ9CPRfDsw,"Starring James Caan, Kathy Bates — Film: 1990",5,true,true,true,false,5,Is the movie Misery as scary as the book? | Did Kathy Bates win an Oscar for Misery? | What is the hobbling scene in Misery? | Is Misery based on a true story? | How does the ending of the Misery movie differ from the book?,One of the rare King adaptations that genuinely competes with its source. Bates's Annie Wilkes is as great as King's. The novel has more interior dimension and the full horror of the axe. The film has Bates. It's close enough to call a tie.,4,/the-shining.html | /silence-of-the-lambs.html | /gone-girl.html,The Shining | The Silence of the Lambs | Gone Girl,false,0,
my-brilliant-friend,my-brilliant-friend.html,v2,My Brilliant Friend: Book vs HBO Series — Key Differences & Should You Read First?,Elena Ferrante,2026-04-11,My Brilliant Friend,Elena Ferrante,2011,2018,Saverio Costanzo,Literary Fiction / Drama,The Movie,Book Wins,verdict-book,2,https://amzn.to/3O7VxgS,,.././images/my-brilliant-friend.jpg,L8JCojNxUeo,https://www.youtube.com/watch?v=L8JCojNxUeo,"Starring Margherita Mazzucco, Gaia Girace — Film: 2018",5,true,true,true,false,5,Is My Brilliant Friend a movie or a series? | How faithful is the HBO series to the book? | Should I read the book before watching the series? | Who plays Elena and Lila in the HBO series? | Does the series cover all four Neapolitan Novels?,"The book triumphs over the film adaptation, offering a richer, more immersive exploration of the characters and their world.",4,/the-handmaids-tale.html | /the-road.html | /silence-of-the-lambs.html,The Handmaid's Tale | The Road | The Silence of the Lambs,false,0,
my-sisters-keeper,my-sisters-keeper.html,v2,My Sister's Keeper: Book vs Movie — Key Differences & Should You Read First?,Jodi Picoult,2026-04-11,My Sister's Keeper,Jodi Picoult,2004,2009,Nick Cassavetes,Drama / Medical Fiction,The Movie,Book Wins,verdict-book,2,https://amzn.to/4dvOiK2,,.././images/my-sisters-keeper.jpg,shIgnez2Qxg,https://www.youtube.com/watch?v=shIgnez2Qxg,"Starring Abigail Breslin, Cameron Diaz, Alec Baldwin — Film: 2009",5,true,true,true,false,5,Does the movie have the same ending as the book? | Why did they change the ending for the movie? | Is Jesse's storyline in the movie? | Does the movie keep the multiple narrators from the book? | How accurate is Cameron Diaz's portrayal of Sara?,The book outshines the film with its nuanced characters and gripping ethical dilemma.,4,/the-firm.html | /the-lovely-bones.html | /the-shining.html,The Firm | The Lovely Bones | The Shining,false,0,
narnia-magicians-nephew,narnia-magicians-nephew.html,v2,Narnia: The Magician's Nephew Book vs Movie 2026,C.S. Lewis,2026-04-11,The Magician's Nephew,C.S. Lewis,1955,2026,Greta Gerwig,Fantasy / Children's Literature,The Movie,Book Wins,verdict-book,2,https://amzn.to/4e0DNOR,,.././images/narnia-magicians-nephew.jpg,W40IjkDGzy4,https://www.youtube.com/watch?v=W40IjkDGzy4,Starring — Movie (2026),5,true,true,true,false,5,"Is The Magician's Nephew the first Narnia book? | Will Greta Gerwig's adaptation follow the book closely? | How does The Magician's Nephew connect to The Lion, the Witch and the Wardrobe? | Is the book appropriate for young children? | What makes Aslan's creation song so important?",Lewis's creation of Narnia is one of literature's great imaginative achievements. Greta Gerwig's Netflix adaptation is highly anticipated but the book set the standard.,5,/the-odyssey.html | /hunger-games-sunrise.html | /remarkably-bright-creatures.html,The Odyssey | Hunger Games: Sunrise | Remarkably Bright Creatures,false,0,
never-let-me-go,never-let-me-go.html,v2,Never Let Me Go Book vs Movie: Ishiguro vs Romanek,Kazuo Ishiguro,2026-04-11,Never Let Me Go,Kazuo Ishiguro,2005,2010,Mark Romanek,Literary Fiction / Science Fiction,The Movie,Book Wins,verdict-book,2,https://amzn.to/4bN63TQ,,.././images/never-let-me-go.jpg,Uu5lF4MZgPk,https://www.youtube.com/watch?v=Uu5lF4MZgPk,"Starring Carey Mulligan, Keira Knightley, Andrew Garfield",5,true,true,true,false,5,Is Never Let Me Go based on a true story? | Why don't the characters try to escape? | How faithful is the film to the book? | Is the deferral real in Never Let Me Go? | Did Carey Mulligan's performance capture Kathy?,Romanek's film is one of the most faithful literary adaptations of its decade and still cannot do what Ishiguro does. Read the book. See the film. Bring tissues to both.,5,/atonement.html | /room.html | /the-odyssey.html,Atonement | Room | The Odyssey,false,0,
no-country-for-old-men,no-country-for-old-men.html,v2,No Country for Old Men: Book vs Coen Brothers Film,Cormac McCarthy,2026-04-11,No Country for Old Men,Cormac McCarthy,2005,2007,Joel & Ethan Coen,Crime / Neo-Western,The Movie,Too Close to Call,verdict-tie,2,https://amzn.to/4bOzy7N,,.././images/no-country-for-old-men.jpg,38A__WT3-o0,https://www.youtube.com/watch?v=38A__WT3-o0,"Starring Tommy Lee Jones, Javier Bardem, Josh Brolin — No Country for Old Men: 2007",5,true,true,true,false,5,Is the No Country for Old Men movie faithful to the book? | Why does Llewelyn Moss die offscreen? | What does Anton Chigurh represent? | What is the meaning of Sheriff Bell's final dream? | Did the Coen Brothers change the ending?,"The closest thing to a genuine tie on this site. The Coens made an adaptation of extraordinary fidelity. Read the book, see the film, argue about which is better. You will both be right.",4,/slug1.html | /slug2.html | /slug3.html,Title 1 | Title 2 | Title 3,false,0,
normal-people,normal-people.html,v2,Normal People: Book vs TV Series — Sally Rooney Adaptation Explained,Sally Rooney,2026-04-11,Normal People,Sally Rooney,2018,2020,Lenny Abrahamson & Hettie Macdonald,Literary Fiction / Romance,The TV Series,Too Close to Call,verdict-tie,2,https://amzn.to/4c9vYUH,,.././images/normal-people.jpg,x1JQuWxt3cE,https://www.youtube.com/watch?v=x1JQuWxt3cE,"Starring Daisy Edgar-Jones, Paul Mescal — TV Series: 2020",5,true,true,true,false,5,Is the Normal People TV series faithful to the book? | Why is Normal People so popular? | Are the sex scenes in Normal People necessary? | Do Connell and Marianne end up together? | Should I read Normal People or watch the series first?,"One of the very few cases where both versions are essential and neither is definitively better. Rooney's prose does things Abrahamson's camera cannot, and Abrahamson's camera — specifically trained on Mescal and Edgar-Jones — does things Rooney's prose cannot. Read both. Watch both. Start with whichever you prefer.",4,/atonement.html | /never-let-me-go.html | /room.html,Atonement | Never Let Me Go | Room,false,0,
of-mice-and-men,of-mice-and-men.html,v2,Of Mice and Men: Book vs Movie — Key Differences & Should You Read First?,John Steinbeck,2026-04-11,Of Mice and Men,John Steinbeck,1937,1992,Gary Sinise,Literary Fiction / Classic,The Movie,Too Close to Call,verdict-tie,2,https://amzn.to/4tquHzk,,.././images/of-mice-and-men.jpg,BQtiStdDaYw,https://www.youtube.com/watch?v=BQtiStdDaYw,"Starring Gary Sinise, John Malkovich — Film: 1992",5,true,true,true,false,5,Is the 1992 film faithful to Steinbeck's novella? | How does John Malkovich's Lennie compare to the book's portrayal? | Which version handles the ending better? | Are there earlier film adaptations worth watching? | How long does it take to read the novella?,"Steinbeck wrote one of the great American novellas — spare, inevitable, heartbreaking. Sinise made one of the great American literary films from it, with a performance from John Malkovich that is definitive. This is a genuine tie between two works that honour each other.",4,/the-outsiders.html | /to-kill-a-mockingbird.html | /lord-of-the-flies.html,The Outsiders | To Kill a Mockingbird | Lord of the Flies,false,0,
olive-kitteridge,olive-kitteridge.html,v2,Olive Kitteridge: Book vs HBO Miniseries — Key Differences & Should You Read First?,Elizabeth Strout,2026-04-11,Olive Kitteridge,Elizabeth Strout,2008,2014,Lisa Cholodenko,Literary Fiction / Drama,The Movie,Book Wins,verdict-book,2,https://amzn.to/4scdjNT,,.././images/olive-kitteridge.jpg,3S1CepUaGMI,https://www.youtube.com/watch?v=3S1CepUaGMI,"Starring Frances McDormand, Richard Jenkins — Film: 2014",5,true,true,true,false,5,Is the Olive Kitteridge miniseries faithful to the book? | Did Frances McDormand win awards for playing Olive Kitteridge? | How does the book's structure differ from the miniseries? | Is Olive Kitteridge part of a series? | What awards did the Olive Kitteridge book win?,"Elizabeth Strout's acclaimed 2008 novel Olive Kitteridge was adapted into a 2014 miniseries directed by Lisa Cholodenko, exploring the complexities of small-town life.",4,/the-handmaids-tale.html | /the-lovely-bones.html | /the-time-travelers-wife.html,The Handmaid's Tale | The Lovely Bones | The Time Traveler's Wife,false,0,
on-the-road,on-the-road.html,v2,On the Road: Book vs Movie — Kerouac vs Walter Salles,Jack Kerouac,2026-04-11,On the Road,Jack Kerouac,1957,2012,Walter Salles,Literary Fiction / Beat Generation,The Movie,Book Wins,verdict-book,2,https://amzn.to/4sc0YJy,,.././images/on-the-road.jpg,nyafEFyX75c,https://www.youtube.com/watch?v=nyafEFyX75c,"Starring Sam Riley, Garrett Hedlund, Kristen Stewart — Film: 2012",5,true,true,true,false,5,Is the On the Road movie faithful to the book? | Who plays Dean Moriarty in the film? | Did Kerouac really write On the Road in three weeks? | Is Kristen Stewart good in On the Road? | Should I read On the Road before watching the movie?,"Kerouac wrote a novel whose energy is inseparable from its prose — the road is in the sentences. Salles made a respectful, beautiful film of events that the sentences describe. The novel is irreplaceable. The film is the best possible argument that it cannot be replaced.",5,/wild.html | /into-the-wild.html | /american-psycho.html,Wild | Into the Wild | American Psycho,false,0,
one-day,one-day.html,v2,One Day: Book vs Movie — Key Differences & Should You Read First?,David Nicholls,2026-04-11,One Day,David Nicholls,2009,2011,Lone Scherfig,Romance / Drama,The Movie,Book Wins,verdict-book,2,https://amzn.to/4848Aa3,,.././images/one-day.jpg,DVOei5MjGQY,https://www.youtube.com/watch?v=DVOei5MjGQY,"Starring Anne Hathaway, Jim Sturgess — Film: 2011",5,true,true,true,false,5,Is the One Day movie faithful to the book? | Why was Anne Hathaway's casting controversial? | Should I watch the 2011 film or the 2024 Netflix series? | Does the movie change the ending? | Is One Day based on a true story?,Nicholls's novel is one of the great romantic tragedies of its decade — its annual-snapshot structure accumulates meaning that no film can replicate in two hours. The 2011 film is earnest and well-intentioned but never quite escapes the casting problem at its centre. Read the book. The Netflix series is a better screen version.,5,/normal-people.html | /me-before-you.html | /atonement.html,Normal People | Me Before You | Atonement,false,0,
one-flew-over-the-cuckoos-nest,one-flew-over-the-cuckoos-nest.html,v2,One Flew Over the Cuckoo's Nest: Book vs Movie Explained,Ken Kesey,2026-04-11,One Flew Over the Cuckoo's Nest,Ken Kesey,1962,1975,Miloš Forman,Literary Fiction / Drama,The Movie,Too Close to Call,verdict-tie,2,https://amzn.to/4sdzVh4,,.././images/one-flew-over-the-cuckoos-nest.jpg,OXrcDonY-B8,https://www.youtube.com/watch?v=OXrcDonY-B8,"Starring Jack Nicholson, Louise Fletcher — Film: 1975",5,true,true,true,false,5,Did Ken Kesey approve of the film adaptation? | Why did Miloš Forman remove Chief Bromden's narration? | Is Nurse Ratched more sympathetic in the book or the film? | How accurate is Jack Nicholson's portrayal of McMurphy? | Does the film include the fishing trip scene?,One of the genuinely great book-to-film debates. Forman made a masterpiece by removing the thing that makes Kesey's novel a masterpiece — Chief Bromden's narrating consciousness. Both versions are required reading and viewing. Start with the novel. Bromden deserves to be heard first.,4,/the-shining.html | /no-country-for-old-men.html | /the-road.html,The Shining | No Country for Old Men | The Road,false,0,
outlander,outlander.html,v2,Outlander: Book vs TV Series — Diana Gabaldon vs Starz,Diana Gabaldon,2026-04-11,Outlander,Diana Gabaldon,1991,2014,Various — Starz series,Historical Fiction / Romance,The TV Series,Book Wins,verdict-book,2,https://amzn.to/48pJsKI,,.././images/outlander.jpg,PFFKjptRr7Y,https://www.youtube.com/watch?v=PFFKjptRr7Y,"Starring Caitriona Balfe, Sam Heughan — Starz series from 2014",5,true,true,true,false,5,"Is the Outlander TV series faithful to the books? | How many Outlander books are there? | Do I need to read the books to enjoy the TV series? | Are Caitriona Balfe and Sam Heughan good casting choices? | Which is better, the Outlander book or the TV series?","Gabaldon wrote a novel of epic romantic and historical ambition that launched one of the great popular series of recent decades. The Starz series found its ideal cast and did the source justice, particularly in its first season. The novel is the richer experience; the series is the better companion than most. Both are worth your time. The book is the original.",5,/normal-people.html | /english-patient.html | /cold-mountain.html,Normal People | The English Patient | Cold Mountain,false,0,
pachinko,pachinko.html,v2,Pachinko: Book vs Apple TV+ Series — Key Differences Explained,Min Jin Lee,2026-04-11,Pachinko,Min Jin Lee,2017,2022,,Historical Fiction / Family Saga,The TV Series,Book Wins,verdict-book,2,https://amzn.to/3QiwCaV,,.././images/Pachinko.jpg,5ZPLzTyNptw,https://www.youtube.com/watch?v=5ZPLzTyNptw,"Starring Youn Yuh-jung, Lee Min-ho, Jin Ha — Apple TV+ series: 2022",5,true,true,true,false,5,Is the Pachinko series faithful to the book? | How many seasons of Pachinko will there be? | Who plays Sunja in Pachinko? | What does pachinko mean in the story? | Should I read Pachinko before watching the series?,"The Apple TV+ series is one of the finest literary adaptations in recent streaming history — and it's still a fraction of what Min Jin Lee built. Read the novel first, then watch the series as a companion piece.",5,/kite-runner.html | /never-let-me-go.html | /atonement.html,The Kite Runner | Never Let Me Go | Atonement,false,1,missing: meta strip director
people-we-meet-on-vacation,people-we-meet-on-vacation.html,v2,People We Meet on Vacation: Book vs Movie — Emily Henry vs Brett Haley,Emily Henry,2026-04-11,People We Meet on Vacation,Emily Henry,2021,2026,Brett Haley,Romance / Contemporary Fiction,The Movie,Book Wins,verdict-book,2,https://amzn.to/4ts4KzI,,.././images/people-we-meet-on-vacation.jpg,m1C9DTOUH5s,https://www.youtube.com/watch?v=m1C9DTOUH5s,"Starring Emily Bader, Tom Blyth — Netflix: January 9, 2026",5,true,true,true,false,5,Is People We Meet on Vacation a standalone book or part of a series? | How faithful is the Netflix adaptation to the book? | Does the movie change the ending? | Are Emily Bader and Tom Blyth good as Poppy and Alex? | Should I read the book before watching the movie?,"Henry wrote a romance that earns its reputation — funny, emotionally precise, and genuinely moving when it pays off. Haley made a faithful, warmly performed adaptation that loses some of the novel's interiority and gains beautiful locations and two likeable leads. The book is better. The film is one of Netflix's better literary adaptations. Read first.",5,/me-before-you.html | /normal-people.html | /the-notebook.html,Me Before You | Normal People | The Notebook,false,0,
perks-of-being-a-wallflower,perks-of-being-a-wallflower.html,v2,The Perks of Being a Wallflower: Book vs Movie — Chbosky vs Chbosky,Stephen Chbosky,2026-04-11,The Perks of Being a Wallflower,Stephen Chbosky,1999,2012,Stephen Chbosky,Coming of Age / Literary Fiction,The Movie,Too Close to Call,verdict-tie,2,https://amzn.to/4c06Rna,,.././images/perks-of-being-a-wallflower.jpg,n5rh7O4IDc0,https://www.youtube.com/watch?v=n5rh7O4IDc0,"Starring Logan Lerman, Emma Watson, Ezra Miller — Film: 2012",5,true,true,true,false,5,Is The Perks of Being a Wallflower movie faithful to the book? | Why did Stephen Chbosky wait 13 years to adapt his own book? | How does Emma Watson's casting affect the character of Sam? | Is the tunnel scene better in the book or the movie? | What does Ezra Miller bring to Patrick that the book doesn't have?,Chbosky wrote one of the generation-defining coming-of-age novels of the 1990s and then made one of the finest adaptations of his own work in cinema history. The novel has Charlie's voice. The film has Ezra Miller. Both have the tunnel. This is a genuine tie and one of the site's most surprising ones.,4,/normal-people.html | /the-notebook.html | /room.html,Normal People | The Notebook | Room,false,0,
pet-sematary-2019,pet-sematary-2019.html,v2,Pet Sematary: Book vs Movie — Key Differences & Should You Read First?,Stephen King,2026-04-11,Pet Sematary,Stephen King,1983,2019,Kevin Kölsch & Dennis Widmyer,Horror,The Movie,Book Wins,verdict-book,2,https://amzn.to/3NMPeiN,,.././images/pet-sematary-2019.jpg,VllcgXSIJkE,https://www.youtube.com/watch?v=VllcgXSIJkE,"Starring Jason Clarke, Amy Seimetz, John Lithgow — Film: 2019",5,true,true,true,false,5,Which version kills which child? | Is the 2019 film scarier than the book? | How does John Lithgow compare to Fred Gwynne's Jud? | Does the film keep Rachel's sister Zelda? | Why did Stephen King almost not publish Pet Sematary?,"King has called Pet Sematary his most frightening novel — the one that scared even him. It is a book about grief, about the refusal to accept loss, and about a father's love becoming something monstrous. The 2019 film is a competent, atmospherically effective adaptation that changes the central twist without improving on it. Read the book.",4,/the-shining.html | /it-muschietti.html | /geralds-game.html,The Shining | It | Gerald's Game,false,0,
presumed-innocent,presumed-innocent.html,v2,Presumed Innocent: Book vs Series — Key Differences & Should You Read First?,Scott Turow,2026-04-11,Presumed Innocent,Scott Turow,1987,2024,J.J. Abrams,Legal Thriller,The Series,Book Wins,verdict-book,2,https://amzn.to/4bSrmDt,,.././images/presumed-innocent.jpg,ZNSY3lMioHs,https://www.youtube.com/watch?v=ZNSY3lMioHs,"Starring Jake Gyllenhaal, Ruth Negga — Apple TV+: 2024",5,true,true,true,false,5,Is the 2024 series a remake of the 1990 film? | How accurate is the legal procedure in the series? | Does the series change the ending? | Is Presumed Innocent part of a series of books? | How does Jake Gyllenhaal compare to Harrison Ford's portrayal?,"Turow's novel invented the modern legal thriller and remains the standard against which others are measured. Abrams's 2024 series is a confident, handsomely made adaptation that updates the story for contemporary audiences and benefits enormously from Jake Gyllenhaal. The book is the original masterwork; the series is the best screen version of it yet.",5,/the-lincoln-lawyer.html | /gone-girl.html | /no-country-for-old-men.html,The Lincoln Lawyer | Gone Girl | No Country for Old Men,false,0,
pride-and-prejudice,pride-and-prejudice.html,v2,Pride and Prejudice: Book vs Movie — Jane Austen vs Joe Wright,Jane Austen,2026-04-11,Pride and Prejudice,Jane Austen,1813,2005,Joe Wright,Literary Fiction / Classic Romance,The Movie,Book Wins,verdict-book,2,https://amzn.to/4tka4oG,,.././images/pride-and-prejudice.jpg,4bSKM9WWT08,https://www.youtube.com/watch?v=4bSKM9WWT08,"Starring Keira Knightley, Matthew Macfadyen — 2005",5,true,true,true,false,5,Is the 2005 Pride and Prejudice movie faithful to the book? | How does Keira Knightley's Elizabeth Bennet compare to the book? | Which Pride and Prejudice adaptation is most accurate? | Does the movie change the ending of Pride and Prejudice? | Should I read Pride and Prejudice before watching the movie?,"Austen wrote one of the great English novels and Wright made one of the great English literary films. The novel's wit and formal precision are irreplaceable. The film's beauty and performances are genuine achievements. Read the novel — all of it, at least twice. See the film for Macfadyen's Darcy walking across the morning field. Both are essential. The book is the thing.",5,/jane-eyre.html | /sense-and-sensibility.html | /atonement.html,Jane Eyre | Sense and Sensibility | Atonement,false,0,
project-hail-mary,project-hail-mary.html,v2,Project Hail Mary Book vs Movie: Should You Read First?,Andy Weir,2026-04-11,Project Hail Mary,Andy Weir,2021,2026,Phil Lord & Christopher Miller,Science Fiction,The Film,Book Wins,verdict-book,2,https://amzn.to/41eYYFs,,.././images/project-hail-mary.jpg,m08TxIsFTRI,https://www.youtube.com/watch?v=m08TxIsFTRI,"Starring Ryan Gosling, Sandra Hüller, Lionel Boyce — In theaters March 20, 2026",5,true,true,true,false,5,Is Project Hail Mary connected to The Martian? | How does the film handle Rocky's appearance? | Does the film change the ending? | Is the science in the book accurate? | Will there be a sequel to Project Hail Mary?,Weir's novel is a pure shot of scientific optimism and one of the most purely enjoyable reads of recent years. Ryan Gosling stars in the 2026 film adaptation.,5,/the-odyssey.html | /dune.html | /the-martian.html,The Odyssey | Dune | The Martian,false,0,
ready-player-one,ready-player-one.html,v2,Ready Player One: Book vs Movie — Ernest Cline vs Spielberg,Ernest Cline,2026-04-11,Ready Player One,Ernest Cline,2011,2018,Steven Spielberg,Science Fiction / Adventure,The Movie,Book Wins,verdict-book,2,https://amzn.to/4tsDsJw,,.././images/ready-player-one.jpg,cSp1dM2Vj48,https://www.youtube.com/watch?v=cSp1dM2Vj48,"Starring Tye Sheridan, Olivia Cooke — Film: 2018",5,true,true,true,false,5,Is the Ready Player One movie faithful to the book? | Why did Spielberg change so many of the pop culture references? | Which version has better character development? | Is the ending different in the book and movie? | Do I need to know 1980s pop culture to enjoy either version?,Cline wrote a maximalist geek fantasy with an internal logic that rewards its target audience completely. Spielberg made a technically astonishing film that is less interested in Cline's specific obsessions and more interested in spectacle. The novel is more itself. The film is more a Spielberg film than a Cline adaptation. Both are entertaining. The book is better.,5,/jurassic-park.html | /dark-matter.html | /dune.html,Jurassic Park | Dark Matter | Dune,false,0,
rebecca,rebecca.html,v2,Rebecca: Book vs Movie — Daphne du Maurier vs Hitchcock,Daphne du Maurier,2026-04-11,Rebecca,Daphne du Maurier,1938,1940,Alfred Hitchcock,Gothic Mystery / Romance,The Film,Book Wins,verdict-book,2,https://amzn.to/489MNO0,,.././images/rebecca.jpg,LFVhB54UqvQ,https://www.youtube.com/watch?v=LFVhB54UqvQ,"Starring Laurence Olivier, Joan Fontaine — 1940",5,true,true,true,false,5,Is the 1940 or 2020 Rebecca movie better? | Why is the narrator in Rebecca never named? | How does the ending differ between the book and movie? | Is Rebecca a horror novel? | Did Hitchcock's Rebecca win Best Picture?,Du Maurier wrote a Gothic masterpiece of female anxiety and identity. Hitchcock made a brilliant film of a sanitised version of it. The novel is the greater work and the more disturbing one. The film is among Hitchcock's finest. Read the book for the real ending. See the film for Mrs Danvers.,5,/jane-eyre.html | /wuthering-heights.html | /gone-girl.html,Jane Eyre | Wuthering Heights | Gone Girl,false,0,
remains-of-the-day,remains-of-the-day.html,v2,The Remains of the Day: Book vs Movie — Ishiguro vs James Ivory,Kazuo Ishiguro,2026-04-11,The Remains of the Day,Kazuo Ishiguro,1989,1993,James Ivory,Literary Fiction / Drama,The Movie,Book Wins,verdict-book,2,https://amzn.to/4894bm0,,.././images/remains-of-the-day.jpg,jALmEb72beg,https://www.youtube.com/watch?v=jALmEb72beg,"Starring Anthony Hopkins, Emma Thompson — Film: 1993",5,true,true,true,false,5,Is The Remains of the Day movie faithful to the book? | How does Anthony Hopkins compare to the book's Stevens? | What did the movie leave out from the book? | Is Emma Thompson's Miss Kenton different from the book? | Should I read the book if I've already seen the movie?,Ivory made one of British cinema's great literary adaptations and it's still considerably lesser than Ishiguro's novel. The book is a technical and emotional achievement that cannot be filmed — its meaning lives in what the narrator refuses to say. See the film for Hopkins. Read the novel for everything else.,5,/never-let-me-go.html | /atonement.html | /the-hours.html,Never Let Me Go | Atonement | The Hours,false,0,
remarkably-bright-creatures,remarkably-bright-creatures.html,v2,Remarkably Bright Creatures Book vs Netflix 2026,Shelby Van Pelt,2026-04-11,Remarkably Bright Creatures,Shelby Van Pelt,2022,2026,Olivia Newman,Literary Fiction,The Movie,Book Wins,verdict-book,2,https://amzn.to/4m59aKp,,.././images/remarkably-bright-creatures.jpg,4bsjRq8kasA,https://www.youtube.com/watch?v=4bsjRq8kasA,"Starring Sally Field, Lewis Pullman, Colm Meaney — Streaming May 8, 2026",5,true,true,true,false,5,Is Remarkably Bright Creatures based on a true story? | Does the octopus really narrate chapters in the book? | How does the Netflix adaptation handle Marcellus? | Is Sally Field's casting as Tova accurate to the book? | Will there be a sequel to Remarkably Bright Creatures?,"Shelby Van Pelt's warm, charming novel, narrated partly by an octopus, is a genuine crowd-pleaser. The upcoming Netflix adaptation stars Sally Field and is highly anticipated, but the book sets an incredibly high bar.",5,/hamnet.html | /wuthering-heights.html | /narnia-magicians-nephew.html,Hamnet | Wuthering Heights | The Magician's Nephew,false,0,
reminders-of-him,reminders-of-him.html,v2,Reminders of Him: Book vs Movie — Colleen Hoover vs Vanessa Caswill,Colleen Hoover,2026-04-11,Reminders of Him,Colleen Hoover,2022,2026,Vanessa Caswill,Romance / Drama,The Movie,Book Wins,verdict-book,2,https://amzn.to/4m6CIXQ,,.././images/reminders-of-him.jpg,i36Zw32GfRQ,https://www.youtube.com/watch?v=i36Zw32GfRQ,"Starring Maika Monroe, Tyriq Withers — Film: March 13, 2026",5,true,true,true,false,5,Is Reminders of Him based on a true story? | How faithful is the 2026 film to the book? | Why was Maika Monroe cast as Kenna? | Does the film change the ending? | Should I read the book before watching the movie?,"Hoover wrote one of her most emotionally complete novels — grief and romance in careful balance. Caswill made a faithful, well-cast film that loses some of the novel's interiority and retains its emotional core. The book is the richer experience. The film is worth seeing for Monroe's performance. Read first.",5,/it-ends-with-us.html | /verity.html | /me-before-you.html,It Ends With Us | Verity | Me Before You,false,0,
room,room.html,v2,Room Book vs Movie: Donoghue vs Abrahamson,Emma Donoghue,2026-04-11,Room,Emma Donoghue,2010,2015,Lenny Abrahamson,Literary Fiction / Thriller,The Movie,Too Close to Call,verdict-tie,2,https://amzn.to/4c5bs7K,,.././images/room.jpg,E_Ci-pAL4eE,https://www.youtube.com/watch?v=E_Ci-pAL4eE,"Starring Brie Larson, Jacob Tremblay, Sean Bridgers — Room: 2015",5,true,true,true,false,5,"Is the Room movie based on a true story? | Did Emma Donoghue write the screenplay for Room? | How old is Jack in the book vs the movie? | Does the book have more detail about Old Nick? | Which ending is better, the book or the movie?",Room is the rare adaptation where both versions are essential. Brie Larson and Jacob Tremblay are extraordinary. The novel's first-person narration is irreplaceable; the film's performances are unrepeatable.,4,/gone-girl.html | /wild.html | /atonement.html,Gone Girl | Wild | Atonement,false,0,
roots-2016,roots-2016.html,v2,Roots: Book vs 2016 Miniseries — Key Differences & Should You Read First?,Alex Haley,2026-04-11,Roots,Alex Haley,1976,2016,Phillip Noyce,Historical Fiction / Drama,The Movie,Book Wins,verdict-book,2,https://amzn.to/3O1cIAM,,.././images/roots-2016.jpg,x-qsh9rXifs,https://www.youtube.com/watch?v=x-qsh9rXifs,"Starring Malachi Kirby, Laurence Fishburne — 2016 Miniseries",5,true,true,true,false,5,Is the 2016 Roots miniseries faithful to the book? | How does Malachi Kirby's Kunta Kinte compare to the book's portrayal? | Does the miniseries show the controversial aspects of Haley's research? | Which version better depicts the Middle Passage? | Is Chicken George's story better in the book or miniseries?,"The book remains the definitive version, offering a richer, more immersive account of this profound story.",4,/the-help.html | /the-color-purple.html | /12-years-a-slave.html,The Help | The Color Purple | 12 Years a Slave,false,0,
rosemarys-baby,rosemarys-baby.html,v2,Rosemary's Baby: Book vs Movie — Key Differences & Should You Read First?,Ira Levin,2026-04-11,Rosemary's Baby,Ira Levin,1967,1968,Roman Polanski,Horror / Psychological Thriller,The Movie,Too Close to Call,verdict-tie,2,https://amzn.to/4v8Qv4x,,.././images/rosemarys-baby.jpg,BjpA6IH_Skc,https://www.youtube.com/watch?v=BjpA6IH_Skc,"Starring Mia Farrow, John Cassavetes, Ruth Gordon — Film: 1968",5,true,true,true,false,5,Is Rosemary's Baby movie scary? | How faithful is the Rosemary's Baby movie to the book? | Did Ruth Gordon win an Oscar for Rosemary's Baby? | What happened between Mia Farrow and Frank Sinatra during filming? | Is the Dakota building really where they filmed Rosemary's Baby?,"Levin's novel is a masterpiece of domestic horror — the conspiracy hiding in plain sight, the heroine disbelieved at every turn. Polanski's 1968 film is one of cinema's great adaptations: scene-for-scene faithful, visually suffocating, and anchored by Mia Farrow's defining performance. The book and the film are equally essential. Read first, then watch one of the finest horror films ever made.",5,/the-haunting-of-hill-house.html | /geralds-game.html | /gone-girl.html,The Haunting of Hill House | Gerald's Game | Gone Girl,false,0,
schindlers-list,schindlers-list.html,v2,Schindler's List: Book vs Movie — One of the Rare Times the Film Wins,Thomas Keneally,2026-04-11,Schindler's List,Thomas Keneally,1982,1993,Steven Spielberg,Historical Fiction / Drama,The Movie,Movie Wins,verdict-film,2,https://amzn.to/3PS76t2,,.././images/schindlers-list.jpg,mxphAlJID9U,https://www.youtube.com/watch?v=mxphAlJID9U,"Starring Liam Neeson, Ben Kingsley, Ralph Fiennes — Film: 1993",5,true,true,true,false,5,Is Schindler's List based on a true story? | Why did Spielberg shoot Schindler's List in black and white? | How accurate is Ralph Fiennes' portrayal of Amon Göth? | Is Itzhak Stern a real person? | Did Oskar Schindler really break down at the end?,"One of the very few times on this site the film wins without qualification. Spielberg made something that transcends its source — not because Keneally's book is poor, but because cinema can do certain things with this material that prose cannot. See the film. Read the book for the history. The film is the masterpiece.",3,/kite-runner.html | /beloved.html | /no-country-for-old-men.html,The Kite Runner | Beloved | No Country for Old Men,false,0,
seabiscuit,seabiscuit.html,v2,Seabiscuit: Book vs Movie — Key Differences & Should You Read First?,Laura Hillenbrand,2026-04-11,Seabiscuit,Laura Hillenbrand,2001,2003,Gary Ross,Biography / Sports,The Movie,Book Wins,verdict-book,2,https://amzn.to/4sW0CrP,,.././images/seabiscuit.jpg,a6Zjij_glsI,https://www.youtube.com/watch?v=a6Zjij_glsI,"Starring Tobey Maguire, Jeff Bridges — Film: 2003",5,true,true,true,false,5,Is the Seabiscuit movie historically accurate? | Who directed the Seabiscuit movie? | Did Tobey Maguire really ride Seabiscuit in the movie? | What happened to the real Seabiscuit after his racing career? | How does the book describe the match race with War Admiral?,"The book version of Seabiscuit is the clear winner, providing a richer, more detailed account of this inspiring true story.",5,/the-firm.html | /the-handmaids-tale.html | /to-kill-a-mockingbird.html,The Firm | The Handmaid's Tale | To Kill a Mockingbird,false,0,
sense-and-sensibility,sense-and-sensibility.html,v2,Sense and Sensibility: Book vs Movie — Jane Austen vs Ang Lee,Jane Austen,2026-04-11,Sense and Sensibility,Jane Austen,1811,1995,Ang Lee,Literary Fiction / Classic Romance,The Movie,Book Wins,verdict-book,2,https://amzn.to/4maFlrz,,.././images/sense-and-sensibility.jpg,2WGq2Rbs1Qg,https://www.youtube.com/watch?v=2WGq2Rbs1Qg,"Starring Emma Thompson, Kate Winslet, Hugh Grant — Film: 1995",5,true,true,true,false,5,Is the 1995 Sense and Sensibility film faithful to the book? | How old was Kate Winslet when she played Marianne? | Did Emma Thompson write the screenplay before or after being cast as Elinor? | Is Colonel Brandon more romantic in the film than in the book? | Should I read Sense and Sensibility before watching the 1995 film?,Austen wrote a novel of exquisite formal intelligence. Lee and Thompson made one of the great literary adaptations of the 1990s. The novel is better because Austen is better. The film is an exceptional companion. Read the book. See the film. Regard them as a pair.,5,/pride-and-prejudice.html | /jane-eyre.html | /remains-of-the-day.html,Pride and Prejudice | Jane Eyre | The Remains of the Day,false,0,
shadow-and-bone,shadow-and-bone.html,v2,Shadow and Bone: Book vs Series — Key Differences & Should You Read First?,Leigh Bardugo,2026-04-11,Shadow and Bone,Leigh Bardugo,2012,2021,Eric Heisserer,Fantasy / YA,The Series,Book Wins,verdict-book,2,https://amzn.to/3O85nPR,,.././images/shadow-and-bone.jpg,b1WHQTbJ7vE,https://www.youtube.com/watch?v=b1WHQTbJ7vE,"Starring Jessie Mei Li, Ben Barnes, Freddy Carter — Netflix: 2021",5,true,true,true,false,5,Is Shadow and Bone based on one book or multiple books? | How accurate is the Shadow and Bone series to the book? | Should I read Six of Crows before watching Shadow and Bone? | Is the Darkling a villain in the book? | Does the Shadow and Bone series have a satisfying ending?,Bardugo's debut novel is an assured YA fantasy with a compelling villain and a world worth exploring. Netflix's adaptation makes an unusually bold choice — combining the Shadow and Bone trilogy with characters from the Six of Crows duology — that pays off handsomely. The series may be richer than the source novel it draws from.,4,/the-witcher.html | /american-gods.html | /hunger-games-sunrise.html,The Witcher | American Gods | The Hunger Games,false,0,
sharp-objects,sharp-objects.html,v2,Sharp Objects: Book vs Series — Key Differences & Should You Read First?,Gillian Flynn,2026-04-11,Sharp Objects,Gillian Flynn,2006,2018,Jean-Marc Vallée,Psychological Thriller,The Series,Book Wins,verdict-book,2,https://amzn.to/4sjbH57,,.././images/sharp-objects.jpg,secKKEd4JVY,https://www.youtube.com/watch?v=secKKEd4JVY,"Starring Amy Adams, Patricia Clarkson — HBO: 2018",5,true,true,true,false,5,Is the Sharp Objects series faithful to the book? | How does the ending differ between the book and series? | Is Amy Adams' performance better than the book's Camille? | How graphic is the self-harm in both versions? | Should I watch the series if I've already read the book?,"Flynn's debut is a claustrophobic, skin-crawling psychological thriller told from inside a damaged narrator's head. Vallée's HBO adaptation is visually stunning and Amy Adams is extraordinary — but the series trades the novel's suffocating interiority for atmosphere and style. Both are worth your time; the book gets under your skin in ways the series can only suggest.",5,/gone-girl.html | /girl-on-the-train.html | /big-little-lies.html,Gone Girl | The Girl on the Train | Big Little Lies,false,0,
shogun-2024,shogun-2024.html,v2,Shogun: Book vs Series — Key Differences & Should You Read First?,James Clavell,2026-04-11,Shogun,James Clavell,1975,2024,Rachel Kondo & Caillin Puckett,Historical Fiction / Adventure,The Series,Book Wins,verdict-book,2,https://amzn.to/41Oa2tg,,.././images/shogun-2024.jpg,ref2m2Sx-ks,https://www.youtube.com/watch?v=ref2m2Sx-ks,"Starring Hiroyuki Sanada, Cosmo Jarvis, Anna Sawai — FX/Hulu: 2024",5,true,true,true,false,5,Is the 2024 Shogun series faithful to the book? | How does the 2024 series compare to the 1980 miniseries? | Is Shogun historically accurate? | Do I need to understand Japanese to watch the series? | Will there be a second season of Shogun?,"Clavell's novel is a thousand-page immersion in feudal Japan — epic in scope, novelistic in texture, and built around a cultural collision that the 2024 FX series reimagines with a boldness the original miniseries couldn't attempt. The series shifts perspective to prioritise its Japanese characters and becomes something greater than its source in the process.",5,/wolf-hall.html | /the-pillars-of-the-earth.html | /pachinko.html,Wolf Hall | The Pillars of the Earth | Pachinko,false,0,
silence-of-the-lambs,silence-of-the-lambs.html,v2,The Silence of the Lambs: Book vs Movie — Harris vs Jonathan Demme,Thomas Harris,2026-04-11,The Silence of the Lambs,Thomas Harris,1988,1991,Jonathan Demme,Thriller / Crime,The Movie,Too Close to Call,verdict-tie,2,https://amzn.to/3PSmMfS,,.././images/silence-of-the-lambs.jpg,6iB21hsprAQ,https://www.youtube.com/watch?v=6iB21hsprAQ,"Starring Jodie Foster, Anthony Hopkins — Film: 1991",5,true,true,true,false,5,Is the Silence of the Lambs movie better than the book? | How much screen time does Anthony Hopkins have as Hannibal Lecter? | What are the major differences between the book and movie? | Should I read The Silence of the Lambs before watching the movie? | Is Hannibal Lecter scarier in the book or the movie?,The Silence of the Lambs is one of the handful of adaptations where the film is genuinely as good as the novel. Harris wrote a masterwork; Demme made a masterwork from it. Read both. Watch both. Don't try to rank them.,4,/misery.html | /gone-girl.html | /no-country-for-old-men.html,Misery | Gone Girl | No Country for Old Men,false,0,
sophies-choice,sophies-choice.html,v2,Sophie's Choice: Book vs Movie — Key Differences & Should You Read First?,William Styron,2026-04-11,Sophie's Choice,William Styron,1979,1982,Alan J. Pakula,Literary Fiction / War Drama,The Movie,Too Close to Call,verdict-tie,2,https://amzn.to/4bYsvrK,,.././images/sophies-choice.jpg,STPJVf6wqCk,https://www.youtube.com/watch?v=STPJVf6wqCk,"Starring Meryl Streep, Kevin Kline — Film: 1982",5,true,true,true,false,5,Is Sophie's Choice movie faithful to the book? | Did Meryl Streep learn Polish for Sophie's Choice? | What is the actual choice Sophie makes? | Is Nathan a real person in Sophie's Choice? | How does the book end differently from the movie?,"Too Close to Call. William Styron's novel and Alan J. Pakula's film adaptation of Sophie's Choice are both must-experience works, each offering a distinct and equally compelling exploration of this complex, haunting story.",4,/the-handmaids-tale.html | /schindlers-list.html | /the-boy-in-the-striped-pajamas.html,The Handmaid's Tale | Schindler's List | The Boy in the Striped Pajamas,false,0,
sphere,sphere.html,v2,Sphere: Book vs Movie — Key Differences & Should You Read First?,Michael Crichton,2026-04-11,Sphere,Michael Crichton,1987,1998,Barry Levinson,Science Fiction / Thriller,The Movie,Book Wins,verdict-book,2,https://amzn.to/4vdDV3R,,.././images/sphere.jpg,GJvKLetIV20,https://www.youtube.com/watch?v=GJvKLetIV20,"Starring Dustin Hoffman, Sharon Stone, Samuel L. Jackson — Film: 1998",5,true,true,true,false,5,Is the Sphere movie faithful to the book? | How scary is Sphere compared to other Crichton adaptations? | Why did the Sphere movie underperform at the box office? | What does the sphere actually do in the story? | Is Dustin Hoffman good in Sphere?,Crichton's underwater thriller is one of his most psychologically interesting novels — a locked-room mystery in which the locked room is the human mind. Levinson's film is a capable adaptation that misses the specific paranoid texture that makes the book so unsettling. Read first.,4,/contact.html | /annihilation.html | /jurassic-park.html,Contact | Annihilation | Jurassic Park,false,0,
spotlight,spotlight.html,v1,BooksVersusMovies.com — Honest Book & Movie Comparisons,"Beautiful, honest comparisons of books and their film adaptations. What the book does better, what the movie does better, and whether you should read first.",2026-04-11,The Devil Wears Prada,Lauren Weisberger,2003,2006,David Frankel,Comedy / Drama,The Film,Book Wins,verdict-book,0,https://www.amazon.com/dp/0385342278?tag=booksvsmovie-20,,.././images/devil-wears-prada.jpg,_yqIq_xLdBY,https://www.youtube.com/watch?v=_yqIq_xLdBY,"Starring Meryl Streep, Anne Hathaway, Emily Blunt — Film: 2006",5,false,false,false,false,0,,"While the film captures the iconic fashion and catty dialogue, the book delves deeper into Andrea's character growth and the moral implications of her choices.",4,/little-women.html | /about-a-boy.html | /high-fidelity.html,Little Women | About a Boy | High Fidelity,true,2,missing: FAQPage JSON-LD | missing: all affiliate links
stardust,stardust.html,v2,Stardust: Book vs Movie — Key Differences & Should You Read First?,Neil Gaiman,2026-04-11,Stardust,Neil Gaiman,1999,2007,Matthew Vaughn,Fantasy / Romance,The Movie,Too Close to Call,verdict-tie,2,https://amzn.to/3NZ6lhl,,.././images/stardust.jpg,-wwv427DAvA,https://www.youtube.com/watch?v=-wwv427DAvA,"Starring Charlie Cox, Claire Danes, Michelle Pfeiffer, Robert De Niro — Film: 2007",5,true,true,true,false,5,"Is the Stardust movie faithful to the book? | How long is the Stardust book? | Is Captain Shakespeare in the Stardust book? | Which ending is better, the book or the movie? | Should I read Stardust before watching the movie?","Gaiman's novel is a slim, elegant fairy tale written in the tradition of Victorian fantasy. Vaughn's film is warmer, funnier, and more adventurous — it expands the story's comic dimensions and improves on the novel's ending. One of the rare cases on this site where the film makes a genuine claim to equalling the book.",4,/good-omens.html | /american-gods.html | /howls-moving-castle.html,Good Omens | American Gods | Howl's Moving Castle,false,0,
station-eleven,station-eleven.html,v2,Station Eleven: Book vs TV Series — Emily St. John Mandel vs HBO,Emily St. John Mandel,2026-04-11,Station Eleven,Emily St. John Mandel,2014,2021,Patrick Somerville,Literary Fiction / Post-Apocalyptic,The Series,Too Close to Call,verdict-tie,2,https://amzn.to/3PN3YyF,,.././images/station-eleven.jpg,LPm52rq8CZA,https://www.youtube.com/watch?v=LPm52rq8CZA,"Starring Mackenzie Davis, Himesh Patel, Gael García Bernal — HBO Max series: 2021",5,true,true,true,false,5,Is the Station Eleven TV series faithful to the book? | How does the series handle the non-linear timeline? | What role does the Dr. Eleven comic play in each version? | Does the series change the ending? | Which version handles the pandemic material more effectively?,Mandel wrote a beautifully constructed novel about what survives catastrophe and why it matters. Somerville made one of the finest literary adaptations in television history from it. The novel is more formally precise. The series is more emotionally generous. Both are essential. This is a genuine tie.,4,/the-handmaids-tale.html | /never-let-me-go.html | /dark-matter.html,The Handmaid's Tale | Never Let Me Go | Dark Matter,false,0,
talented-mr-ripley,talented-mr-ripley.html,v2,The Talented Mr. Ripley: Book vs Movie — Highsmith vs Minghella,Patricia Highsmith,2026-04-11,The Talented Mr. Ripley,Patricia Highsmith,1955,1999,Anthony Minghella,Thriller / Crime,The Movie,Book Wins,verdict-book,2,https://amzn.to/4e1Easy,,.././images/talented-mr-ripley.jpg,h4e-Si4oGEw,https://www.youtube.com/watch?v=h4e-Si4oGEw,"Starring Matt Damon, Jude Law, Gwyneth Paltrow — Film: 1999",5,true,true,true,false,5,Is the movie faithful to the book? | How does the ending differ? | Is Tom Ripley gay in the book? | Which version is more disturbing? | Should I read the other Ripley novels?,Highsmith wrote a sociopath's inner life with such precision that the novel is genuinely unsettling decades later. Minghella made a gorgeous film that softens the sociopath into something comprehensible and therefore lesser. Read the novel. See the film. Prefer the novel.,5,/gone-girl.html | /no-country-for-old-men.html | /silence-of-the-lambs.html,Gone Girl | No Country for Old Men | The Silence of the Lambs,false,0,
the-book-thief,the-book-thief.html,v2,The Book Thief: Book vs Movie — Key Differences & Should You Read First?,Markus Zusak,2026-04-11,The Book Thief,Markus Zusak,2005,2013,Brian Percival,Historical Fiction / War Drama,The Movie,Book Wins,verdict-book,2,https://amzn.to/4miruzS,,.././images/the-book-thief.jpg,92EBSmxinus,https://www.youtube.com/watch?v=92EBSmxinus,"Starring Sophie Nélisse, Geoffrey Rush, Emily Watson — Film: 2013",5,true,true,true,false,5,Is The Book Thief movie faithful to the book? | Why is Death the narrator in The Book Thief? | Does the movie have Death as a narrator? | Who plays Liesel in The Book Thief movie? | Is The Book Thief appropriate for young readers?,"Zusak's novel is narrated by Death — a formal choice that transforms what might have been a conventional WWII coming-of-age story into something formally extraordinary. Percival's film is handsome, well-acted, and faithfully adapts the plot while necessarily abandoning the voice. Read the book first and decisively.",5,/all-the-light-we-cannot-see.html | /all-quiet-on-the-western-front.html | /schindlers-list.html,All the Light We Cannot See | All Quiet on the Western Front | Schindler's List,false,0,
the-client,the-client.html,v2,The Client: Book vs Movie — Key Differences & Should You Read First?,John Grisham,2026-04-11,The Client,John Grisham,1993,1994,Joel Schumacher,Legal Thriller,The Movie,Book Wins,verdict-book,2,https://amzn.to/4sXNAtQ,,.././images/the-client.jpg,A6Ru1zDsws0,https://www.youtube.com/watch?v=A6Ru1zDsws0,"Starring Susan Sarandon, Tommy Lee Jones — Film: 1994",5,true,true,true,false,5,Is The Client movie faithful to the book? | How does the ending differ between the book and movie? | Who plays Mark Sway in the movie? | What is Jerome Clifford's role in The Client? | Is The Client part of a series?,"The book version of The Client is the clear winner, providing a deeper, more nuanced exploration of the characters and their motivations.",5,/the-firm.html | /the-lincoln-lawyer.html | /no-country-for-old-men.html,The Firm | The Lincoln Lawyer | No Country for Old Men,false,0,
the-color-purple,the-color-purple.html,v2,The Color Purple: Book vs Movie — Alice Walker vs Steven Spielberg,Alice Walker,2026-04-11,The Color Purple,Alice Walker,1982,1985,Steven Spielberg,Literary Fiction / Historical,The Movie,Book Wins,verdict-book,2,https://amzn.to/4cdXfp8,,.././images/the-color-purple.jpg,_h-efLS7VV4,https://www.youtube.com/watch?v=_h-efLS7VV4,"Starring Whoopi Goldberg, Danny Glover, Oprah Winfrey — Film: 1985",5,true,true,true,false,5,Is The Color Purple movie faithful to the book? | Why didn't Whoopi Goldberg win the Oscar for The Color Purple? | How does the film handle Celie and Shug's relationship? | What happens to Nettie's story in the film? | Should I read The Color Purple before watching the movie?,"Walker wrote a novel that is formally radical and emotionally devastating. Spielberg made an imperfect, sincere, sometimes beautiful film of it. The novel is the greater work. The film has Whoopi Goldberg, which is its own argument. Read the novel. See the film. Prefer the novel.",5,/to-kill-a-mockingbird.html | /beloved.html | /kite-runner.html,To Kill a Mockingbird | Beloved | The Kite Runner,false,0,
the-count-of-monte-cristo,the-count-of-monte-cristo.html,v2,The Count of Monte Cristo: Book vs Movie — Key Differences & Should You Read First?,Alexandre Dumas,2026-04-11,The Count of Monte Cristo,Alexandre Dumas,1844,2025,Alexandre de la Patellière,Adventure / Classic,The Movie,Book Wins,verdict-book,2,https://amzn.to/4mfGzSL,,.././images/the-count-of-monte-cristo.jpg,QqI9UvGf1WM,https://www.youtube.com/watch?v=QqI9UvGf1WM,"Starring Viola Davis, Emma Stone — Movie: 2025",5,true,true,true,false,5,Is the 2025 Count of Monte Cristo movie faithful to the book? | How long does it take to read The Count of Monte Cristo? | What is the biggest difference between the book and the 2025 movie? | Does the movie change the ending of The Count of Monte Cristo? | Which version of The Count of Monte Cristo should I experience first?,"The book remains the superior version, delivering a richer, more nuanced exploration of justice and redemption.",5,/the-count-of-monte-cristo.html | /the-firm.html | /the-firm.html,The Count of Monte Cristo | The Firm | The Firm,false,0,
the-electric-state,the-electric-state.html,v2,The Electric State: Book vs Movie — Key Differences & Should You Read First?,Simon Stålenhag,2026-04-11,The Electric State,Simon Stålenhag,2018,2025,Russo Brothers,Science Fiction / Dystopian,The Movie,Book Wins,verdict-book,2,https://amzn.to/PLACEHOLDER,,.././images/the-electric-state.jpg,KpN98z8Kf5E,https://www.youtube.com/watch?v=KpN98z8Kf5E,"Starring Millie Bobby Brown, Chris Pratt — Netflix 2025",5,true,true,true,false,5,Is The Electric State movie based on the book? | How long is The Electric State book? | Does the movie have the same ending as the book? | Who plays Michelle in The Electric State movie? | Is The Electric State book illustrated?,"Stålenhag's novel is a quiet, haunting masterpiece of atmospheric storytelling, while the Russo Brothers' film expands the world into a bigger-budget spectacle. The book's unique tone and visual storytelling remain unmatched.",5,/annihilation.html | /arrival.html | /dune.html,Annihilation | Arrival | Dune,false,0,
the-fault-in-our-stars,the-fault-in-our-stars.html,v2,The Fault in Our Stars: Book vs Movie — Key Differences & Should You Read First?,John Green,2026-04-11,The Fault in Our Stars,John Green,2012,2014,Josh Boone,YA Romance / Drama,The Movie,Book Wins,verdict-book,2,https://amzn.to/41KVE58,,.././images/the-fault-in-our-stars.jpg,9ItBvH5J6ss,https://www.youtube.com/watch?v=9ItBvH5J6ss,"Starring Shailene Woodley, Ansel Elgort — Film: 2014",5,true,true,true,false,5,Is The Fault in Our Stars movie faithful to the book? | Who plays Hazel and Augustus in the movie? | Does Augustus die in both the book and the movie? | What happens with Peter Van Houten in the movie? | Should I read The Fault in Our Stars before watching the movie?,"Green's novel is sharper, funnier, and more honest about death than the film has room to be. The adaptation is faithful and well-acted, but it smooths the book's edges into something more conventionally moving. Read first — the voice is the experience.",4,/a-walk-to-remember.html | /me-before-you.html | /five-feet-apart.html,A Walk to Remember | Me Before You | Five Feet Apart,false,0,
the-firm,the-firm.html,v2,The Firm: Book vs Movie — John Grisham vs Sydney Pollack,John Grisham,2026-04-11,The Firm,John Grisham,1991,1993,Sydney Pollack,Legal Thriller,The Movie,Book Wins,verdict-book,2,https://amzn.to/4tthbex,,.././images/the-firm.jpg,FX3AXA3icR0,https://www.youtube.com/watch?v=FX3AXA3icR0,"Starring Tom Cruise, Jeanne Tripplehorn, Gene Hackman — Film: 1993",5,true,true,true,false,5,"Did John Grisham write the movie ending? | Is The Firm based on a true story? | How much did Tom Cruise get paid for The Firm? | Which ending is better, the book or the movie? | Was The Firm John Grisham's first novel?",Grisham's novel is a masterwork of thriller plotting with one of the genre's cleverest endings. Pollack's film is a compulsively watchable adaptation that throws away the best part. Read the novel for the ending. See the film for Cruise and Hackman.,5,/silence-of-the-lambs.html | /gone-girl.html | /no-country-for-old-men.html,The Silence of the Lambs | Gone Girl | No Country for Old Men,false,0,
the-girl-with-the-dragon-tattoo-fincher,the-girl-with-the-dragon-tattoo-fincher.html,v2,The Girl with the Dragon Tattoo: Book vs Movie — Key Differences & Should You Read First?,Stieg Larsson,2026-04-11,The Girl with the Dragon Tattoo,Stieg Larsson,2005,2011,David Fincher,Crime Thriller,The Movie,Too Close to Call,verdict-tie,2,https://amzn.to/4tveQjk,,.././images/the-girl-with-the-dragon-tattoo-fincher.jpg,DqQe3OrsMKI,https://www.youtube.com/watch?v=DqQe3OrsMKI&amp;t=17s,"Starring Rooney Mara, Daniel Craig — Film: 2011",5,true,true,true,false,5,Is the American version better than the Swedish film? | Does the film tone down the violence? | Why didn't they make the sequels? | Is Rooney Mara's performance accurate to the book? | Should I read all three books or just the first?,Larsson's sprawling Swedish thriller and Fincher's sleek Hollywood adaptation are both exceptional in different ways. The book gives you more of Lisbeth's world; the film gives you one of cinema's great character introductions. One of the genuinely difficult calls on this site.,5,/gone-girl.html | /sharp-objects.html | /no-country-for-old-men.html,Gone Girl | Sharp Objects | No Country for Old Men,false,0,
the-giver,the-giver.html,v2,The Giver: Book vs Movie — Key Differences & Should You Read First?,Lois Lowry,2026-04-11,The Giver,Lois Lowry,1993,2014,Phillip Noyce,Dystopian Fiction / YA,The Movie,Book Wins,verdict-book,2,https://amzn.to/47ICCQr,,.././images/the-giver.jpg,yugxUKl6-qk,https://www.youtube.com/watch?v=yugxUKl6-qk,"Starring Brenton Thwaites, Jeff Bridges, Meryl Streep — Film: 2014",5,true,true,true,false,5,Is The Giver movie appropriate for the same age as the book? | Why did they age Jonas up in the movie? | Does the movie explain what happens to Jonas at the end? | How does the black-and-white-to-colour transition work in the film? | Are there other books in The Giver series?,"Lowry's slender novel is one of the most quietly devastating works in the YA canon — its power comes from restraint, from what it withholds as much as what it shows. The 2014 film expands the story into something more conventionally action-driven and loses the specific quality of dread that made the book so affecting. Read the book.",4,/the-maze-runner-film.html | /divergent.html | /never-let-me-go.html,The Maze Runner | Divergent | Never Let Me Go,false,0,
the-glass-castle,the-glass-castle.html,v2,The Glass Castle: Book vs Movie — Key Differences & Should You Read First?,Jeannette Walls,2026-04-11,The Glass Castle,Jeannette Walls,2005,2017,Destin Daniel Cretton,Memoir,The Movie,Book Wins,verdict-book,2,https://amzn.to/4veAMAN,,.././images/the-glass-castle.jpg,bdNiNhSeSDk,https://www.youtube.com/watch?v=bdNiNhSeSDk,"Starring Brie Larson, Woody Harrelson — Film: 2017",5,true,true,true,false,5,Is The Glass Castle movie accurate to the book? | Why does the movie change the timeline? | How does Brie Larson's performance compare to the book's Jeannette? | Does the movie include the scene where Jeannette gets burned? | What happens to the Glass Castle dream in the movie?,"The book wins, delivering a more nuanced and profound exploration of the author's memoir.",4,/the-glass-castle.html | /fahrenheit-451.html | /divergent.html,The Glass Castle | Fahrenheit 451 | Divergent,false,0,
the-goldfinch,the-goldfinch.html,v2,The Goldfinch: Book vs Movie — Key Differences & Should You Read First?,Donna Tartt,2026-04-11,The Goldfinch,Donna Tartt,2013,2019,John Crowley,Literary Fiction / Drama,The Movie,Book Wins,verdict-book,2,https://amzn.to/47Fo8AL,,.././images/the-goldfinch.jpg,IcG06hZooHM,https://www.youtube.com/watch?v=IcG06hZooHM,"Starring Ansel Elgort, Nicole Kidman — Movie: 2019",5,true,true,true,false,5,Is The Goldfinch movie faithful to the book? | Why did The Goldfinch movie fail at the box office? | How does Boris differ between the book and movie? | Is the painting in The Goldfinch real? | Does the movie capture the book's ending?,"The book emerges as the clear winner, offering a richer, more nuanced exploration of the central themes.",4,/slug1.html | /slug2.html | /slug3.html,Title 1 | Title 2 | Title 3,false,0,
the-great-gatsby,the-great-gatsby.html,v2,The Great Gatsby: Book vs Movie — Fitzgerald vs Baz Luhrmann,F. Scott Fitzgerald,2026-04-11,The Great Gatsby,F. Scott Fitzgerald,1925,2013,Baz Luhrmann,Literary Fiction / Classic,The Movie,Book Wins,verdict-book,2,https://amzn.to/4dtVh65,,.././images/the-great-gatsby.jpg,sN183rJltNM,https://www.youtube.com/watch?v=sN183rJltNM,"Starring Leonardo DiCaprio, Carey Mulligan, Tobey Maguire — 2013",5,true,true,true,false,5,Is the 2013 Great Gatsby movie faithful to the book? | How does Leonardo DiCaprio's Gatsby compare to the book? | Why does the movie use modern music instead of jazz? | Should I read The Great Gatsby before watching the movie? | What does the movie get right about The Great Gatsby?,"Fitzgerald wrote one of the perfect American novels. Luhrmann made a brave, flawed, sometimes beautiful film of it. Read the novel — it is one hundred and eighty pages and will take three hours and will last a lifetime. See the film if DiCaprio's face is worth the trade. The book is the thing.",5,/atonement.html | /on-the-road.html | /american-psycho.html,Atonement | On the Road | American Psycho,false,0,
the-handmaids-tale,the-handmaids-tale.html,v2,The Handmaid's Tale: Book vs Movie vs TV — Atwood vs Schlöndorff vs Hulu,Margaret Atwood,2026-04-11,The Handmaid's Tale,Margaret Atwood,1985,1990,Volker Schlöndorff,Dystopian Fiction,The Film,Book Wins,verdict-book,2,https://amzn.to/4bSfaCN,,.././images/the-handmaids-tale.jpg,81PyH5TH-NQ,https://www.youtube.com/watch?v=81PyH5TH-NQ,"Starring Natasha Richardson, Faye Dunaway — 1990 Film — Hulu series from 2017",5,true,true,true,false,5,Is The Handmaid's Tale TV series faithful to the book? | Why did the 1990 film fail where the Hulu series succeeded? | What does the book's Historical Notes section add? | How does Elisabeth Moss compare to the book's Offred? | Should I read the book if I've already watched the series?,Atwood wrote one of the essential political novels of the twentieth century. The 1990 film did not do it justice. The Hulu series found a worthy visual language for it but replaced Atwood's formal precision with narrative extension. The novel is the source and remains the best version. Read it first and repeatedly.,5,/station-eleven.html | /never-let-me-go.html | /room.html,Station Eleven | Never Let Me Go | Room,false,0,
the-haunting-of-hill-house,the-haunting-of-hill-house.html,v2,The Haunting of Hill House: Book vs Series — Key Differences & Should You Read First?,Shirley Jackson,2026-04-11,The Haunting of Hill House,Shirley Jackson,1959,2018,Mike Flanagan,Horror / Drama,The Series,Too Close to Call,verdict-tie,2,https://amzn.to/3O780Bh,,.././images/the-haunting-of-hill-house.jpg,RAfRcVJ6-Fg,https://www.youtube.com/watch?v=RAfRcVJ6-Fg,"Starring Michiel Huisman, Carla Gugino, Victoria Pedretti — Netflix: 2018",5,true,true,true,false,5,Is the Netflix series faithful to Shirley Jackson's novel? | What happened to Eleanor Vance in the series? | Are the ghosts real in the book? | Should I read the book before watching the series? | What is the 'Two Storms' episode and why is it significant?,"Jackson's novel is one of the great works of psychological horror — precise, ambiguous, and conducted entirely through Eleanor's unreliable consciousness. Flanagan's series reimagines the story as a multigenerational family trauma drama, using Jackson's setting and characters as a framework for something entirely his own. Both are masterworks. Neither is a substitute for the other.",5,/geralds-game.html | /the-shining.html | /it-muschietti.html,Gerald's Game | The Shining | It,false,0,
the-help,the-help.html,v2,The Help: Book vs Movie — Key Differences & Should You Read First?,Kathryn Stockett,2026-04-11,The Help,Kathryn Stockett,2009,2011,Tate Taylor,Historical Fiction / Drama,The Movie,Book Wins,verdict-book,2,https://amzn.to/4sTc6MB,,.././images/the-help.jpg,XOTkNsxhECY,https://www.youtube.com/watch?v=XOTkNsxhECY,"Starring Viola Davis, Emma Stone, Octavia Spencer — Film: 2011",5,true,true,true,false,5,Is The Help movie faithful to the book? | Did Viola Davis win an Oscar for The Help? | What is the pie scene in The Help? | Is The Help historically accurate? | Should I read The Help before watching the movie?,"Stockett's novel is a propulsive, witty, and emotionally generous portrait of Jackson, Mississippi in the early 1960s, told through three alternating voices. Tate Taylor's film is a faithful adaptation anchored by Viola Davis's extraordinary performance — and both versions carry the same complicated legacy around who gets to tell which stories.",4,/the-color-purple.html | /beloved.html | /water-for-elephants.html,The Color Purple | Beloved | Water for Elephants,false,0,
the-hours,the-hours.html,v2,The Hours: Book vs Movie — Key Differences & Should You Read First?,Michael Cunningham,2026-04-11,The Hours,Michael Cunningham,1998,2002,Stephen Daldry,Literary Fiction / Drama,The Movie,Too Close to Call,verdict-tie,2,https://amzn.to/3PHGYkG,,.././images/the-hours.jpg,CkPWXUxIiXs,https://www.youtube.com/watch?v=CkPWXUxIiXs,"Starring Nicole Kidman, Julianne Moore, Meryl Streep — Film: 2002",5,true,true,true,false,5,Is The Hours based on a true story? | Did Nicole Kidman really need the prosthetic nose? | Do I need to read Mrs Dalloway first? | Why is it called The Hours? | How accurate is the film's depiction of Virginia Woolf's suicide?,"Cunningham wrote a novel of prose rhythms that echo Woolf's own — formally ambitious, emotionally precise, and built around the experience of reading rather than watching. Daldry made one of the great ensemble films of the 2000s from it, with three performances that are collectively extraordinary. A genuine tie between two essential versions.",4,/remains-of-the-day.html | /never-let-me-go.html | /atonement.html,The Remains of the Day | Never Let Me Go | Atonement,false,0,
the-housemaid,the-housemaid.html,v2,The Housemaid: Book vs Movie — Freida McFadden vs Paul Feig,Freida McFadden,2026-04-11,The Housemaid,Freida McFadden,2022,2025,Paul Feig,Psychological Thriller,The Movie,Book Wins,verdict-book,2,https://amzn.to/4tqh2bC,,.././images/the-housemaid.jpg,48CtX6OgU3s,https://www.youtube.com/watch?v=48CtX6OgU3s,"Starring Sydney Sweeney, Amanda Seyfried — Film: December 2025",5,true,true,true,false,5,Is The Housemaid movie faithful to the book? | How does Sydney Sweeney's Millie compare to the book? | What is the twist in The Housemaid? | Should I read The Housemaid before watching the movie? | Is there a sequel to The Housemaid?,"McFadden wrote a precision-engineered thriller that rewards its readers with a well-constructed payoff. Feig made a knowingly camp, commercially savvy film of it with one excellent performance at its centre. The novel is the more complete experience. The film is the more entertaining one to watch with an audience. Read first. See both.",5,/gone-girl.html | /girl-on-the-train.html | /verity.html,Gone Girl | The Girl on the Train | Verity,false,0,
the-lincoln-lawyer,the-lincoln-lawyer.html,v2,The Lincoln Lawyer: Book vs Movie — Key Differences & Should You Read First?,Michael Connelly,2026-04-11,The Lincoln Lawyer,Michael Connelly,2005,2011,Brad Furman,Legal Thriller,The Movie,Book Wins,verdict-book,2,https://amzn.to/4sVY64Q,,.././images/the-lincoln-lawyer.jpg,IFwE3UgCMIk,https://www.youtube.com/watch?v=IFwE3UgCMIk,"Starring Matthew McConaughey, Marisa Tomei, Ryan Phillippe — Film: 2011",5,true,true,true,false,5,Is The Lincoln Lawyer movie faithful to the book? | Should I read The Lincoln Lawyer before watching the movie? | How does the Netflix series compare to the book and movie? | What is the main difference between the book and movie versions of Mickey Haller? | Is The Lincoln Lawyer part of a series?,Connelly's legal thriller is meticulous and morally complex — a defence attorney who gradually realises his client is guilty of something worse than he's charged with. Furman's film is slick and well-cast but trades depth for pace. The book stays with you longer.,4,/presumed-innocent.html | /gone-girl.html | /no-country-for-old-men.html,Presumed Innocent | Gone Girl | No Country for Old Men,false,0,
the-longest-ride,the-longest-ride.html,v2,The Longest Ride: Book vs Movie — Key Differences & Should You Read First?,Nicholas Sparks,2026-04-11,The Longest Ride,Nicholas Sparks,2013,2015,George Tillman Jr.,Romance / Drama,The Movie,Book Wins,verdict-book,2,https://amzn.to/4vves6j,,.././images/the-longest-ride.jpg,FUS_Q7FsfqU,https://www.youtube.com/watch?v=FUS_Q7FsfqU,"Starring Britt Robertson, Scott Eastwood — Film: 2015",5,true,true,true,false,5,Is The Longest Ride movie faithful to the book? | How does Scott Eastwood compare to the book's Luke? | Is Ira's story better in the book or the movie? | Does the movie change the ending? | Should I read The Longest Ride before watching the movie?,"Sparks's dual-timeline structure is his most ambitious formal choice, and the novel earns the connection between its two love stories more carefully than the film can. The movie is handsome and crowd-pleasing; the book is the fuller experience.",4,/a-walk-to-remember.html | /the-notebook.html | /me-before-you.html,A Walk to Remember | The Notebook | Me Before You,false,0,
the-lovely-bones,the-lovely-bones.html,v2,The Lovely Bones: Book vs Movie — Key Differences & Should You Read First?,Alice Sebold,2026-04-11,The Lovely Bones,Alice Sebold,2002,2009,Peter Jackson,Literary Fiction / Thriller,The Movie,Book Wins,verdict-book,2,https://amzn.to/4muG1Zn,,.././images/the-lovely-bones.jpg,s9PrQmcV81Y,https://www.youtube.com/watch?v=s9PrQmcV81Y,"Starring Saoirse Ronan, Mark Wahlberg, Stanley Tucci — Film: 2009",5,true,true,true,false,5,Is The Lovely Bones movie as sad as the book? | How accurate is the movie to the book? | Why was Stanley Tucci nominated for an Oscar? | Does the movie show Susie's murder? | What happens to George Harvey in the end?,"Sebold wrote a novel about grief narrated by the dead that is precise, unsentimental, and genuinely moving. Jackson made a visually spectacular film that tips into excess and loses the novel's careful emotional restraint. Read the book. See the film for Stanley Tucci.",5,/room.html | /gone-girl.html | /atonement.html,Room | Gone Girl | Atonement,false,0,
the-martian,the-martian.html,v2,The Martian Book vs Movie: Weir vs Ridley Scott,Andy Weir,2026-04-11,The Martian,Andy Weir,2011,2015,Ridley Scott,Science Fiction,The Movie,Too Close to Call,verdict-tie,2,https://amzn.to/4sVhhfc,,.././images/the-martian.jpg,ej3ioOneTy8,https://www.youtube.com/watch?v=ej3ioOneTy8,"Starring Matt Damon, Jessica Chastain, Jeff Daniels — The Martian: 2015",5,true,true,true,false,5,Is The Martian movie faithful to the book? | What did the movie leave out from The Martian book? | Who is better as Mark Watney — the book or Matt Damon? | Does the movie change the ending of The Martian? | Should I read The Martian if I've already seen the movie?,Ridley Scott's film captures Weir's humor and ingenuity with Matt Damon perfectly cast.,4,/project-hail-mary.html | /dune.html | /the-odyssey.html,Project Hail Mary | Dune | The Odyssey,false,0,
the-maze-runner-film,the-maze-runner-film.html,v2,The Maze Runner: Book vs Movie — Key Differences & Should You Read First?,James Dashner,2026-04-11,The Maze Runner,James Dashner,2009,2014,Wes Ball,Dystopian Fiction / YA,The Movie,Book Wins,verdict-book,2,https://amzn.to/4shhHLw,,.././images/the-maze-runner-film.jpg,AwwbhhjQ9Xk,https://www.youtube.com/watch?v=AwwbhhjQ9Xk&amp;t=3s,"Starring Dylan O'Brien, Kaya Scodelario, Thomas Brodie-Sangster — Film: 2014",5,true,true,true,false,5,Is The Maze Runner movie faithful to the book? | Why is Teresa's telepathy removed from the film? | How does Dylan O'Brien compare to the book's Thomas? | Does the film capture the Glade's society? | Should I read the whole Maze Runner series?,"Dashner's novel builds its mystery through Thomas's genuine ignorance — we know nothing because he knows nothing, and the Glade's rules accumulate with the weight of a world that has existed long before we arrived. Ball's film is one of the better YA adaptations of its era, lean and genuinely tense, but the book's slow revelation of the Gladers' society has a texture the film can only suggest.",4,/the-giver.html | /divergent.html | /hunger-games-sunrise.html,The Giver | Divergent | The Hunger Games,false,0,
the-maze-runner,the-maze-runner.html,v2,The Maze Runner: Book vs Movie — James Dashner vs Wes Ball,James Dashner,2026-04-11,The Maze Runner,James Dashner,2009,2014,Wes Ball,Young Adult / Science Fiction,The Movie,Book Wins,verdict-book,2,https://amzn.to/41Kda9B,,.././images/the-maze-runner.jpg,AwwbhhjQ9Xk,https://www.youtube.com/watch?v=AwwbhhjQ9Xk,"Starring Dylan O'Brien, Kaya Scodelario, Thomas Brodie-Sangster — Film: 2014",5,true,true,true,false,5,Is The Maze Runner movie faithful to the book? | What did the movie do better than the book? | Why was Teresa's telepathy removed from the movie? | Should I read the whole Maze Runner series? | How does Dylan O'Brien compare to book Thomas?,"Dashner wrote a propulsive YA thriller that sustains its central mystery with genuine skill. Ball made a faithful, well-executed adaptation that loses some of the novel's interiority and gains a visual rendering of the Maze that the prose can only approximate. The novel is the better version. The film is one of the better YA adaptations of its era.",4,/divergent.html | /enders-game.html | /hunger-games-sunrise.html,Divergent | Ender's Game | The Hunger Games,false,0,
the-notebook,the-notebook.html,v2,The Notebook: Book vs Movie — Nicholas Sparks vs Nick Cassavetes,Nicholas Sparks,2026-04-11,The Notebook,Nicholas Sparks,1996,2004,Nick Cassavetes,Romance / Drama,The Movie,Book Wins,verdict-book,2,https://amzn.to/47D95HU,,.././images/the-notebook.jpg,BjJcYdEOI0k,https://www.youtube.com/watch?v=BjJcYdEOI0k,"Starring Ryan Gosling, Rachel McAdams — Film: 2004",5,true,true,true,false,5,"Is The Notebook movie faithful to the book? | Did Ryan Gosling and Rachel McAdams date in real life? | Which ending is better, the book or the movie? | Is The Notebook based on a true story? | Should I read The Notebook if I've already seen the movie?","Sparks wrote a clean, deliberate love story with more weight than its detractors allow. Cassavetes made a film that transcended its source through sheer chemistry. The novel is better-written. The film is more beloved. Both are worth your time. The book is the better version of the same story.",4,/me-before-you.html | /it-ends-with-us.html | /people-we-meet-on-vacation.html,Me Before You | It Ends With Us | People We Meet on Vacation,false,0,
the-odyssey,the-odyssey.html,v2,The Odyssey Book vs Nolan's 2026 Film: Should You Read First?,Homer,2026-04-11,The Odyssey,Homer,800 BC,2026,Christopher Nolan,Epic / Classic Literature,The Film,Too Close to Call,verdict-tie,2,https://amzn.to/4bYyr43,,.././images/the-odyssey.jpg,Mzw2ttJD2qQ,https://www.youtube.com/watch?v=Mzw2ttJD2qQ,"Starring Matt Damon, Anne Hathaway, Tom Holland — 2026",5,true,true,true,false,5,Is Christopher Nolan's The Odyssey faithful to Homer's poem? | Which translation of The Odyssey should I read before the film? | How long is The Odyssey to read? | Does Nolan's film include all the famous episodes? | Is The Odyssey appropriate for younger readers?,Homer's epic is the foundation of Western storytelling. Christopher Nolan's 2026 adaptation is one of the most anticipated films of the decade — too close to call until release.,4,/project-hail-mary.html | /dune.html | /hamnet.html,Project Hail Mary | Dune | Hamnet,true,1,missing: meta strip book year
the-outsider,the-outsider.html,v2,The Outsider: Book vs Series — Key Differences & Should You Read First?,Stephen King,2026-04-11,The Outsider,Stephen King,2018,2020,Jason Bateman,Horror / Crime,The Series,Book Wins,verdict-book,2,https://amzn.to/4sVfoiA,,.././images/the-outsider.jpg,fiVukc-yNFY,https://www.youtube.com/watch?v=fiVukc-yNFY,"Starring Ben Mendelsohn, Cynthia Erivo, Jason Bateman — HBO: 2020",5,true,true,true,false,5,Is The Outsider connected to other Stephen King books? | How faithful is the HBO series to the book? | Does the series spoil the book's supernatural twist? | Is Jason Bateman in the whole series? | Which is scarier — the book or the series?,"King's novel is a satisfying collision of procedural crime fiction and supernatural horror — a detective story that gradually reveals itself to be something else entirely. HBO's series is a confident, well-cast adaptation that slows the novel's pace to prestige-television rhythm and benefits from Ben Mendelsohn's central performance. Read first for the pivot's full impact.",4,/it-muschietti.html | /doctor-sleep.html | /no-country-for-old-men.html,It | Doctor Sleep | No Country for Old Men,false,0,
the-outsiders,the-outsiders.html,v2,The Outsiders: Book vs Movie — Key Differences & Should You Read First?,S.E. Hinton,2026-04-11,The Outsiders,S.E. Hinton,1967,1983,Francis Ford Coppola,Coming of Age / Classic,The Movie,Too Close to Call,verdict-tie,2,https://amzn.to/48fMa5v,,.././images/the-outsiders.jpg,IVRTWPPvtyU,https://www.youtube.com/watch?v=IVRTWPPvtyU,"Starring C. Thomas Howell, Matt Dillon, Rob Lowe, Tom Cruise, Patrick Swayze — Film: 1983",5,true,true,true,false,5,Is The Outsiders movie faithful to the book? | Did S.E. Hinton really write The Outsiders at fifteen? | Which actors from The Outsiders became famous? | What does 'stay gold' mean in The Outsiders? | Should I watch the theatrical cut or the Complete Novel version?,"Hinton wrote the novel at fifteen and it has never been out of print. Coppola made a film that is faithful, beautifully cast, and slightly too reverential — it treats the source as sacred when the source is better served by being inhabited than preserved. A genuine tie between two works that belong together.",4,/of-mice-and-men.html | /perks-of-being-a-wallflower.html | /lord-of-the-flies.html,Of Mice and Men | The Perks of Being a Wallflower | Lord of the Flies,false,0,
the-pelican-brief,the-pelican-brief.html,v2,The Pelican Brief: Book vs Movie — Key Differences & Should You Read First?,John Grisham,2026-04-11,The Pelican Brief,John Grisham,1992,1993,Alan J. Pakula,Legal Thriller,The Movie,Book Wins,verdict-book,2,https://amzn.to/3NL4Xij,,.././images/the-pelican-brief.jpg,N7seUNbY1_w,https://www.youtube.com/watch?v=N7seUNbY1_w,"Starring Julia Roberts, Denzel Washington — Film: 1993",5,true,true,true,false,5,Is The Pelican Brief movie faithful to the book? | How does Julia Roberts' Darby Shaw compare to the book version? | What major plot points were cut from the movie? | Does the movie change the ending? | Is The Pelican Brief worth reading if I've seen the movie?,"The book wins out as the superior version of this gripping legal thriller, offering deeper characters and a more intricate conspiracy.",4,/the-firm.html | /the-client.html | /a-time-to-kill.html,The Firm | The Client | A Time to Kill,false,0,
the-pianist,the-pianist.html,v2,The Pianist: Book vs Movie — Key Differences & Should You Read First?,Władysław Szpilman,2026-04-11,The Pianist,Władysław Szpilman,1946,2002,Roman Polanski,Memoir / War Drama,The Movie,Too Close to Call,verdict-tie,2,https://amzn.to/3Ooxev8,,.././images/the-pianist.jpg,BFwGqLa_oAo,https://www.youtube.com/watch?v=BFwGqLa_oAo,Starring Adrien Brody - Film: 2002,5,true,true,true,false,5,How accurate is The Pianist movie to the book? | Did Władysław Szpilman really meet a German officer who helped him? | What happened to Szpilman's family in real life? | Why was The Pianist book suppressed for so long? | Did Adrien Brody really learn to play piano for the role?,"The book and film versions of The Pianist are both powerful portrayals of the Holocaust, though each offers a distinct perspective.",5,/schindlers-list.html | /the-boy-in-the-striped-pajamas.html | /life-is-beautiful.html,Schindler's List | The Boy in the Striped Pajamas | Life is Beautiful,false,0,
the-picture-of-dorian-gray,the-picture-of-dorian-gray.html,v2,The Picture of Dorian Gray: Book vs Movie — Key Differences & Should You Read First?,Oscar Wilde,2026-04-11,The Picture of Dorian Gray,Oscar Wilde,1890,2009,Oliver Parker,Gothic Fiction / Classic,The Movie,Book Wins,verdict-book,2,https://amzn.to/4c6AnaJ,,.././images/the-picture-of-dorian-gray.jpg,YVbdd8oOwOY,https://www.youtube.com/watch?v=YVbdd8oOwOY,"Starring Ben Barnes, Colin Firth — Film: 2009",5,true,true,true,false,5,Is the 2009 film faithful to Oscar Wilde's novel? | What happens to Sibyl Vane in both versions? | Does the film include Dorian's murder of Basil Hallward? | How does the portrait's transformation differ between book and film? | Is Lord Henry's influence on Dorian the same in both versions?,"The book firmly wins this adaptation, capturing the depth and complexity of Wilde's themes more effectively than the film.",4,/the-picture-of-dorian-gray.html | /the-great-gatsby.html | /jane-eyre.html,The Picture of Dorian Gray | The Great Gatsby | Jane Eyre,false,0,
the-pillars-of-the-earth,the-pillars-of-the-earth.html,v2,The Pillars of the Earth: Book vs Series — Key Differences & Should You Read First?,Ken Follett,2026-04-11,The Pillars of the Earth,Ken Follett,1989,2010,Sergio Mimica-Gezzan,Historical Fiction,The Series,Book Wins,verdict-book,2,https://amzn.to/4dwASxh,,.././images/the-pillars-of-the-earth.jpg,VxMyXXWoFk8,https://www.youtube.com/watch?v=VxMyXXWoFk8,"Starring Tom Builder, Eddie Redmayne, Hayley Atwell — Starz: 2010",5,true,true,true,false,5,Is The Pillars of the Earth series faithful to the book? | How long does it take to read The Pillars of the Earth? | Who plays Jack in The Pillars of the Earth series? | Is The Pillars of the Earth part of a series? | Is the violence in The Pillars of the Earth series as graphic as the book?,"Ken Follett's 1989 novel versus Sergio Mimica-Gezzan's 2010 miniseries, exploring the epic tale of medieval England and the construction of a magnificent cathedral.",4,/wolf-hall.html | /shogun-2024.html | /the-thorn-birds.html,Wolf Hall | Shogun | The Thorn Birds,false,0,
the-princess-bride,the-princess-bride.html,v2,The Princess Bride: Book vs Movie — Key Differences & Should You Read First?,William Goldman,2026-04-11,The Princess Bride,William Goldman,1973,1987,Rob Reiner,Fantasy / Adventure / Comedy,The Movie,Too Close to Call,verdict-tie,2,https://amzn.to/4me1NAi,,.././images/the-princess-bride.jpg,O3CIXEAjcc8,https://www.youtube.com/watch?v=O3CIXEAjcc8,"Starring Cary Elwes, Robin Wright, Mandy Patinkin, André the Giant — Film: 1987",5,true,true,true,false,5,Is The Princess Bride movie faithful to the book? | What is the framing device in The Princess Bride book? | Is Inigo Montoya better in the book or movie? | Why did they cast André the Giant as Fezzik? | Should I read The Princess Bride before watching the movie?,"Goldman wrote the novel and the screenplay and understood exactly what each medium required. The film is as good as the book — different, faithful in spirit, and in one case genuinely better. A genuine tie between two works that were made by the same person for two different forms.",4,/big-fish.html | /coraline.html | /hitchhikers-guide.html,Big Fish | Coraline | Hitchhiker's Guide,false,0,
the-road,the-road.html,v2,The Road: Book vs Movie — Cormac McCarthy vs John Hillcoat,Cormac McCarthy,2026-04-11,The Road,Cormac McCarthy,2006,2009,John Hillcoat,Literary Fiction / Post-Apocalyptic,The Movie,Book Wins,verdict-book,2,https://amzn.to/41h94pk,,.././images/the-road.jpg,bO8EqMsxOiU,https://www.youtube.com/watch?v=bO8EqMsxOiU,"Starring Viggo Mortensen, Kodi Smit-McPhee — Film: 2009",5,true,true,true,false,5,Is The Road movie as depressing as the book? | How accurate is the movie to the book? | Why are the characters never named in The Road? | What happened to cause the apocalypse in The Road? | Is Viggo Mortensen's performance faithful to the book's father?,"Hillcoat's film is as faithful an adaptation as could be made and still considerably lesser than the source. McCarthy's prose is the whole point — it's not decorative, it's structural. The film gives you the story. The book gives you the experience. There is no comparison.",5,/no-country-for-old-men.html | /never-let-me-go.html | /dune.html,No Country for Old Men | Never Let Me Go | Dune,false,0,
the-secret-garden,the-secret-garden.html,v2,The Secret Garden: Book vs Movie — Key Differences & Should You Read First?,Frances Hodgson Burnett,2026-04-11,The Secret Garden,Frances Hodgson Burnett,1911,2020,Marc Munden,Classic / Children's Literature,The Movie,Book Wins,verdict-book,2,https://amzn.to/4m7Ne12,,.././images/the-secret-garden.jpg,gHNOXDiD9Vk,https://www.youtube.com/watch?v=gHNOXDiD9Vk,"Starring Dixie Egerickx, Colin Firth, Julie Walters — Film: 2020",5,true,true,true,false,5,Is the 2020 Secret Garden movie faithful to the book? | Which Secret Garden movie is most accurate to the book? | How does Mary Lennox change in the book vs the movie? | Does the Secret Garden movie have a different ending than the book? | Is The Secret Garden appropriate for children?,"Burnett wrote a novel about the slow, difficult work of healing — in a child, in a garden, in a household. Munden's film is visually beautiful and emotionally accelerated. The novel is the more honest account of how recovery actually works. Read it. See the film for the visuals.",5,/little-women.html | /coraline.html | /never-let-me-go.html,Little Women | Coraline | Never Let Me Go,false,0,
the-secret-life-of-bees,the-secret-life-of-bees.html,v2,The Secret Life of Bees: Book vs Movie — Key Differences & Should You Read First?,Sue Monk Kidd,2026-04-11,The Secret Life of Bees,Sue Monk Kidd,2002,2008,Gina Prince-Bythewood,Literary Fiction / Drama,The Movie,Book Wins,verdict-book,2,https://amzn.to/4mc0wcV,,.././images/the-secret-life-of-bees.jpg,_C2sCT9Ggbg,https://www.youtube.com/watch?v=_C2sCT9Ggbg,"Starring Viola Davis, Emma Stone — Film: 2008",5,true,true,true,false,5,Is The Secret Life of Bees movie faithful to the book? | What is the biggest difference between the book and movie? | How does the film handle the racial themes? | Is Viola Davis good as August Boatwright? | Does the movie change the ending?,"The book is the clear winner, offering a richer, more nuanced look at the characters and themes.",4,/the-help.html | /the-color-purple.html | /beloved.html,The Help | The Color Purple | Beloved,false,0,
the-shining,the-shining.html,v2,The Shining Book vs Movie: King vs Kubrick Explained,Stephen King,2026-04-11,The Shining,Stephen King,1977,1980,Stanley Kubrick,Horror / Psychological,The Movie,Book Wins,verdict-book,2,https://amzn.to/41vUbzL,,.././images/the-shining.jpg,RmQPBzJKxcw,https://www.youtube.com/watch?v=RmQPBzJKxcw,"Starring Jack Nicholson, Shelley Duvall, Danny Lloyd — The Shining: 1980",5,true,true,true,false,5,Why does Stephen King hate Kubrick's The Shining? | Is the hotel really haunted in Kubrick's film? | What does REDRUM mean? | Did Kubrick really make Shelley Duvall do 127 takes of the baseball bat scene? | Should I read the book or watch the movie first?,"One of the rare cases where both versions are genuine masterworks. King's novel is the better horror story. Kubrick's film is the more haunting cultural object. Read both, watch both.",5,/gone-girl.html | /verity.html | /wuthering-heights.html,Gone Girl | Verity | Wuthering Heights,false,0,
the-sisterhood-of-the-traveling-pants,the-sisterhood-of-the-traveling-pants.html,v2,The Sisterhood of the Traveling Pants: Book vs Movie — Key Differences & Should You Read First?,Ann Brashares,2026-04-11,The Sisterhood of the Traveling Pants,Ann Brashares,2001,2005,Ken Kwapis,YA / Coming of Age,The Movie,Book Wins,verdict-book,2,https://amzn.to/4vcfOCF,,.././images/the-sisterhood-of-the-traveling-pants.jpg,eV1IkLvTe1I,https://www.youtube.com/watch?v=eV1IkLvTe1I,"Starring Amber Tamblyn, Alexis Bledel, Blake Lively, and America Ferrera — Film: 2005",5,true,true,true,false,5,Is The Sisterhood of the Traveling Pants movie faithful to the book? | How does Bridget's storyline differ between book and movie? | What happens to Bailey's character in the adaptation? | Does the movie include all four girls' storylines equally? | Are there sequels to both the book and movie?,The beloved young adult novel The Sisterhood of the Traveling Pants is a heartwarming coming-of-age story that surpasses its 2005 film adaptation.,5,/the-book-thief.html | /the-giver.html | /the-fault-in-our-stars.html,The Book Thief | The Giver | The Fault in Our Stars,false,0,
the-three-body-problem,the-three-body-problem.html,v2,The Three-Body Problem: Book vs Netflix Series — Key Differences & Should You Read First?,Liu Cixin,2026-04-11,The Three-Body Problem,Liu Cixin,2008,2024,,Science Fiction / Hard SF,The Series,Book Wins,verdict-book,2,https://amzn.to/4tH04pP,,.././images/the-three-body-problem.jpg,SdvzhCL7vIA,https://www.youtube.com/watch?v=SdvzhCL7vIA,"Starring Benedict Wong, Eiza González, Jovan Adepo — Netflix 2024",5,true,true,true,false,5,Is the Netflix series faithful to Liu Cixin's novel? | Why did the adaptation move the story from China to England? | Does the series cover all three books in the trilogy? | How does the series handle the Three-Body game? | Who should watch the series instead of reading the book?,"Liu Cixin's visionary sci-fi novel remains a cut above its 2024 Netflix adaptation, despite the talents of David Benioff & D.B. Weiss.",4,/the-martian.html | /dune.html | /ready-player-one.html,The Martian | Dune | Ready Player One,false,1,missing: meta strip director
the-thursday-murder-club,the-thursday-murder-club.html,v2,The Thursday Murder Club: Book vs Movie — Key Differences & Should You Read First?,Richard Osman,2026-04-11,The Thursday Murder Club,Richard Osman,2020,2026,,Mystery / Comedy,The Movie,Book Wins,verdict-book,2,https://amzn.to/3PYYssR,,.././images/the-thursday-murder-club.jpg,50DYgzRBhFA,https://www.youtube.com/watch?v=50DYgzRBhFA,"Starring Viola Davis, Emma Stone — Film: 2026",5,true,true,true,false,5,"Is The Thursday Murder Club movie faithful to the book? | Who plays Elizabeth, Joyce, Ibrahim, and Ron in the movie? | Does the movie spoil the book's ending? | Are there sequels to The Thursday Murder Club? | Is The Thursday Murder Club appropriate for all ages?","Richard Osman's delightful mystery novel The Thursday Murder Club outshines its 2026 film adaptation, delivering a sharper plot, richer characters, and more wit than the screen version.",5,/the-dresden-files.html | /the-handmaid-s-tale.html | /ready-player-one.html,The Dresden Files | The Handmaid's Tale | Ready Player One,false,1,missing: meta strip director
the-time-travelers-wife,the-time-travelers-wife.html,v2,The Time Traveler's Wife: Book vs Movie — Key Differences & Should You Read First?,Audrey Niffenegger,2026-04-11,The Time Traveler's Wife,Audrey Niffenegger,2003,2009,Robert Schwentke,Romance / Science Fiction,The Movie,Book Wins,verdict-book,2,https://amzn.to/4c13sWB,,.././images/the-time-travelers-wife.jpg,3_8WZxHScMk,https://www.youtube.com/watch?v=3_8WZxHScMk,"Starring Rachel McAdams, Eric Bana — Film: 2009",5,true,true,true,false,5,Is The Time Traveler's Wife movie faithful to the book? | How does the film handle Henry's time travel condition? | Does the movie include Clare's perspective as much as the book? | What is the biggest difference between the book and movie? | Is the ending the same in the book and movie?,Niffenegger built a novel whose emotional weight depends entirely on its non-linear structure — every scene means differently because of what surrounds it. Schwentke's film linearises the romance and loses the architecture. Read the book. See the film if McAdams and Bana are sufficient reason.,5,/me-before-you.html | /twilight.html | /the-notebook.html,Me Before You | Twilight | The Notebook,false,0,
the-witcher,the-witcher.html,v2,The Witcher: Book vs Series — Key Differences & Should You Read First?,Sapkowski,2026-04-11,The Last Wish,Andrzej Sapkowski,1993,2019,Lauren Schmidt Hissrich (Creator),Fantasy / Adventure,The Series,Book Wins,verdict-book,2,https://amzn.to/3PPMDoN,,.././images/the-witcher.jpg,ndl1W4ltcmg,https://www.youtube.com/watch?v=ndl1W4ltcmg,"Starring Henry Cavill, Anya Chalotra, Freya Allan — Netflix: 2019",5,true,true,true,false,5,Do I need to read the books before watching The Witcher series? | Are the Witcher books better than the Netflix series? | Is Henry Cavill a good Geralt? | What order should I read the Witcher books? | Does the Netflix series follow the books closely?,"Sapkowski's short story collections are models of mordant, morally complex fantasy — fairy tales retold through a lens of weary cynicism, with a protagonist who survives by refusing to be heroic. Netflix's series is ambitious and often impressive, but it spreads across multiple timelines in ways that obscure the books' clarity. Henry Cavill is the right Geralt. Read the books first.",4,/shadow-and-bone.html | /american-gods.html | /a-knight-of-the-seven-kingdoms.html,Shadow and Bone | American Gods | A Knight of the Seven Kingdoms,false,0,
the-woman-in-the-window,the-woman-in-the-window.html,v2,The Woman in the Window: Book vs Movie — Key Differences & Should You Read First?,A.J. Finn,2026-04-11,The Woman in the Window,A.J. Finn,2018,2021,Joe Wright,Psychological Thriller,The Movie,Book Wins,verdict-book,2,https://amzn.to/4mbGi2T,,.././images/the-woman-in-the-window.jpg,v_0GJg_Jnlo,https://www.youtube.com/watch?v=v_0GJg_Jnlo,"Starring Amy Adams, Gary Oldman, Julianne Moore — Netflix: 2021",5,true,true,true,false,5,Is The Woman in the Window movie faithful to the book? | Why was The Woman in the Window movie delayed? | What Hitchcock films does The Woman in the Window reference? | Is Amy Adams good in The Woman in the Window? | Should I read The Woman in the Window before watching the movie?,"Finn's novel is a knowing, well-constructed homage to Hitchcock that works because the unreliable narrator is doing real work. Wright's film is a handsome production that loses the mechanism. Read the book for the experience. See the film if Amy Adams is sufficient reason — she usually is.",5,/gone-girl.html | /girl-on-the-train.html | /rebecca.html,Gone Girl | The Girl on the Train | Rebecca,false,0,
thirteen-reasons-why,thirteen-reasons-why.html,v2,Thirteen Reasons Why: Book vs Series — Key Differences & Should You Read First?,Jay Asher,2026-04-11,Thirteen Reasons Why,Jay Asher,2007,2017,Brian Yorkey,YA / Drama,The Netflix Series,Book Wins,verdict-book,2,https://amzn.to/4sirYXZ,,.././images/thirteen-reasons-why.jpg,QkT-HIMSrRk,https://www.youtube.com/watch?v=QkT-HIMSrRk,"Starring Dylan Minnette, Katherine Langford — Netflix Series: 2017",5,true,true,true,false,5,Is the Thirteen Reasons Why series faithful to the book? | Why was the Thirteen Reasons Why series so controversial? | Does Clay Jensen's character differ between book and series? | How many seasons did Thirteen Reasons Why run? | Should I read Thirteen Reasons Why before watching the series?,"The book offers a deeper dive into the complex emotions and societal issues driving Hannah's tragedy, making it the more impactful experience.",4,/the-fault-in-our-stars.html | /hunger-games-sunrise.html | /the-giver.html,The Fault in Our Stars | The Hunger Games | The Giver,false,0,
to-kill-a-mockingbird,to-kill-a-mockingbird.html,v2,To Kill a Mockingbird: Book vs Movie — Harper Lee vs Robert Mulligan,Harper Lee,2026-04-11,To Kill a Mockingbird,Harper Lee,1960,1962,Robert Mulligan,Literary Fiction / Classic,The Film,Too Close to Call,verdict-tie,2,https://amzn.to/4cmIdhQ,,.././images/to-kill-a-mockingbird.jpg,4-CrrtYjrbM,https://www.youtube.com/watch?v=4-CrrtYjrbM,"Starring Gregory Peck, Mary Badham — Film: 1962",5,true,true,true,false,5,Is the To Kill a Mockingbird movie faithful to the book? | Did Harper Lee approve of Gregory Peck as Atticus Finch? | What major scenes from the book are missing in the film? | Was Robert Duvall really making his film debut as Boo Radley? | Which version better captures the racial injustice of the story?,Lee wrote one of the great American novels of the twentieth century and Mulligan made one of the great American films of the same period. They are different achievements of approximately equal stature. Read the novel for Scout's voice. See the film for Gregory Peck. This is a genuine tie.,4,/the-color-purple.html | /the-great-gatsby.html | /kite-runner.html,The Color Purple | The Great Gatsby | The Kite Runner,false,0,
twilight,twilight.html,v1,Twilight: Book vs Movie — Key Differences & Should You Read First?,Stephenie Meyer,2026-04-11,Twilight,Stephenie Meyer,2005,2008,Catherine Hardwicke,Fantasy Romance / YA,The Movie,Book Wins,verdict-book,2,https://amzn.to/41OxBSM,,.././images/twilight.jpg,uxjNDE2fMjI,https://www.youtube.com/watch?v=uxjNDE2fMjI,"Starring Kristen Stewart, Robert Pattinson — Film: 2008",5,false,false,false,false,0,,Meyer wrote a novel whose power is entirely in Bella's obsessive first-person voice — the film has Kristen Stewart and Robert Pattinson and loses the interiority that made the book a phenomenon. Read the novel to understand why it sold 160 million copies. See the film for the cast.,5,/the-time-travelers-wife.html | /fourth-wing.html | /me-before-you.html,The Time Traveler's Wife | Fourth Wing | Me Before You,false,1,missing: FAQPage JSON-LD
ugly-love,ugly-love.html,v2,Ugly Love Book vs Movie: Key Differences & Should You Read First?,Colleen Hoover,2026-04-11,Ugly Love,Colleen Hoover,2016,2023,Michael Mohan,Romance / Drama,The Movie,Book Wins,verdict-book,2,https://amzn.to/4vcwXfg,,.././images/ugly-love.jpg,WPzM-vlPplc,https://www.youtube.com/watch?v=WPzM-vlPplc,"Starring Tate McRae, Jake Lacy — Netflix: 2023",5,true,true,true,false,5,Is the Ugly Love movie as emotional as the book? | Does the movie include Miles's backstory chapters? | How is Jake Lacy as Miles compared to the book? | Is Tate McRae good in her first acting role? | Should I read Ugly Love before watching the Netflix movie?,Hoover's novel earns its emotional devastation through dual timelines and Miles's withheld interiority. Mohan's film is well-cast and sincere — and considerably shallower than the source. Read the book. See the film for Lukas Gage.,5,,,false,1,missing related cards: found 0
unbroken,unbroken.html,v1,Unbroken: Book vs Movie — Key Differences & Should You Read First?,"Unbroken is the 2010 biography by Laura Hillenbrand, adapted into a 2014 film directed by Angelina Jolie. This comparison explores the key differences between the powerful story of a WWII POW",2026-04-11,Unbroken,Laura Hillenbrand,2010,2014,Angelina Jolie,Biography / War,The Movie,Book Wins,verdict-book,2,https://amzn.to/3O9MHPz,,.././images/unbroken.jpg,XrjJbl7kRrI,https://www.youtube.com/watch?v=XrjJbl7kRrI,"Starring Jack O'Connell, Domhnall Gleeson, Miyavi — Movie: 2014",5,false,false,false,false,0,,The book is a must-read account of survival and resilience that the film adaptation struggles to fully capture.,4,/schindlers-list.html | /the-firm.html | /the-outsiders.html,Schindler's List | The Firm | The Outsiders,false,1,missing: FAQPage JSON-LD
verity,verity.html,v2,Verity Book vs Movie: Key Differences & Should You Read First,Colleen Hoover,2026-04-11,Verity,Colleen Hoover,2018,2026,Michael Engler,Psychological Thriller,The Movie,Book Wins,verdict-book,2,https://amzn.to/47FO7Ii,,.././images/verity.jpg,ukjssVVPoXc,https://www.youtube.com/watch?v=ukjssVVPoXc,"Starring Anne Hathaway, Dakota Johnson, Josh Hartnett — In theaters October 2, 2026",5,true,true,true,false,5,Is the Verity movie faithful to the book? | Does the movie change the ending of Verity? | Who plays Lowen and Verity in the movie? | Should I read Verity before watching the movie? | Why is Verity so controversial?,Hoover's propulsive thriller is one of the most talked-about books of recent years. The 2026 film adaptation with Anne Hathaway has high expectations to meet.,5,/wuthering-heights.html | /hamnet.html | /hunger-games-sunrise.html,Wuthering Heights | Hamnet | Hunger Games: Sunrise,false,0,
water-for-elephants,water-for-elephants.html,v2,Water for Elephants: Book vs Movie — Key Differences & Should You Read First?,Sara Gruen,2026-04-11,Water for Elephants,Sara Gruen,2006,2011,Francis Lawrence,Historical Fiction / Romance,The Movie,Book Wins,verdict-book,2,https://amzn.to/4sVVOCT,,.././images/water-for-elephants.jpg,OOPHFQZ5aiM,https://www.youtube.com/watch?v=OOPHFQZ5aiM,"Starring Viola Davis, Emma Stone — Film: 2011",5,true,true,true,false,5,Is the Water for Elephants movie faithful to the book? | Why is the book better than the movie? | How does Robert Pattinson compare to book Jacob? | What happens to Rosie the elephant differently in the movie? | Does the movie include old Jacob's storyline?,"The book triumphs over the film adaptation, offering a richer, more nuanced, and emotionally resonant experience.",4,/the-notebook.html | /the-help.html | /memoirs-of-a-geisha.html,The Notebook | The Help | Memoirs of a Geisha,false,0,
where-the-crawdads-sing,where-the-crawdads-sing.html,v2,Where the Crawdads Sing: Book vs Movie — Key Differences,Delia Owens,2026-04-11,Where the Crawdads Sing,Delia Owens,2018,2022,Olivia Newman,Mystery / Literary Fiction,The Movie,Book Wins,verdict-book,2,https://amzn.to/3Ol0R0m,,.././images/where-the-crawdads-sing.jpg,PY3808Iq0Tg,https://www.youtube.com/watch?v=PY3808Iq0Tg,"Starring Daisy Edgar-Jones, Taylor John Smith — Film: 2022",5,true,true,true,false,5,Is the Where the Crawdads Sing movie faithful to the book? | Does the movie change the ending of Where the Crawdads Sing? | How is Daisy Edgar-Jones as Kya? | What's missing from the movie adaptation? | Should I read Where the Crawdads Sing before watching the movie?,"Daisy Edgar-Jones is excellent and the marsh is beautiful on screen — but this is a novel about what it feels like to grow up inside a particular landscape, and that feeling lives on the page. Read the book. See the film if you want to put faces to names. The book is the real thing.",5,/wild.html | /room.html | /kite-runner.html,Wild | Room | The Kite Runner,false,0,
white-noise,white-noise.html,v2,White Noise: Book vs Movie — Should You Read First?,Don DeLillo,2026-04-11,White Noise,Don DeLillo,1985,2022,Noah Baumbach,Literary Fiction / Satire,The Movie,Book Wins,verdict-book,2,https://amzn.to/3PVyRks,,.././images/white-noise.jpg,FqJD7ae11mU,https://www.youtube.com/watch?v=FqJD7ae11mU,"Starring Adam Driver, Greta Gerwig — Film: 2022",5,true,true,true,false,5,Is the White Noise movie faithful to the book? | How does Adam Driver's Jack Gladney compare to the book's character? | Does the movie include the supermarket ending? | What is Dylar in White Noise? | Why is White Noise considered difficult to adapt?,"The book wins, offering a richer, more nuanced exploration of DeLillo's themes.",4,/the-handmaids-tale.html | /one-flew-over-the-cuckoos-nest.html | /the-shining.html,The Handmaid's Tale | One Flew Over the Cuckoo's Nest | The Shining,false,0,
wild,wild.html,v2,Wild: Book vs Movie - Cheryl Strayed vs Reese Witherspoon,Cheryl Strayed,2026-04-11,Wild,Cheryl Strayed,2012,2014,Jean-Marc Vallée,Memoir / Adventure,The Movie,Book Wins,verdict-book,2,https://amzn.to/4sKe2XL,,.././images/wild.jpg,tn2-GSqPyl0,https://www.youtube.com/watch?v=tn2-GSqPyl0,"Starring Reese Witherspoon, Laura Dern, Thomas Sadoski — Wild: 2014",5,true,true,true,false,5,Is the Wild movie accurate to the book? | Did Reese Witherspoon do her own hiking in Wild? | How much of Wild is true? | What is the main message of Wild? | Why did Cheryl Strayed hike the PCT?,"Witherspoon is exceptional and the film is worth seeing, but Wild is fundamentally a book about what it sounds like inside a particular woman's head. The trail is beautiful on screen. It's essential on the page.",5,/slug1.html | /slug2.html | /slug3.html,Title 1 | Title 2 | Title 3,false,0,
wolf-hall,wolf-hall.html,v2,Wolf Hall: Book vs Series — Key Differences & Should You Read First?,Hilary Mantel,2026-04-11,Wolf Hall,Hilary Mantel,2009,2015,Peter Kosminsky,Historical Fiction,The Series,Book Wins,verdict-book,2,https://amzn.to/4m9V9uO,,.././images/wolf-hall.jpg,9zuwuq2Fd2o,https://www.youtube.com/watch?v=9zuwuq2Fd2o,"Starring Mark Rylance, Damian Lewis, Claire Foy — BBC Two: 2015",5,true,true,true,false,5,Is Wolf Hall difficult to read? | How accurate is the BBC series to the books? | Do I need to know Tudor history to enjoy Wolf Hall? | Is Mark Rylance's Cromwell true to the book? | Should I read all three Cromwell novels before watching the series?,"Mantel's Booker Prize–winning novel reinvented the historical novel through its audacious use of present tense and close third person, putting us inside Cromwell's calculating mind with an intimacy the form had rarely attempted. Kosminsky's BBC series, anchored by Mark Rylance's definitive Cromwell, is the finest historical adaptation of its decade. Read first; watch immediately after.",5,/the-pillars-of-the-earth.html | /shogun-2024.html | /the-thorn-birds.html,The Pillars of the Earth | Shogun | The Thorn Birds,false,0,
world-war-z,world-war-z.html,v2,World War Z: Book vs Movie — Key Differences & Should You Read First?,Max Brooks,2026-04-11,World War Z,Max Brooks,2006,2013,Marc Forster,Science Fiction / Horror,The Movie,Book Wins,verdict-book,2,https://amzn.to/4vb4k25,,.././images/world-war-z.jpg,Md6Dvxdr0AQ,https://www.youtube.com/watch?v=Md6Dvxdr0AQ,Starring Brad Pitt — Film: 2013,5,true,true,true,false,5,"Is the World War Z movie based on the book? | Why are the zombies different in the book and movie? | Does Brad Pitt's character appear in the book? | Which is better, the World War Z book or movie? | Should I read World War Z before watching the movie?",Brooks wrote a novel in the form of an oral history — a genuinely original formal conceit that produces something quite different from conventional zombie fiction. Forster made a conventional action thriller that shares only the title and a few proper nouns. They are different works. Both are worth your time. The book is better.,5,/i-am-legend.html | /station-eleven.html | /the-road.html,I Am Legend | Station Eleven | The Road,false,0,
wuthering-heights,wuthering-heights.html,v2,Wuthering Heights Book vs Emerald Fennell's 2026 Film,Emily Brontë,2026-04-11,Wuthering Heights,Emily Brontë,1847,2026,Emerald Fennell,Gothic Romance,The Movie,Book Wins,verdict-book,2,https://amzn.to/3O2osD0,,.././images/wuthering-heights.jpg,3fLCdIYShEQ,https://www.youtube.com/watch?v=3fLCdIYShEQ,"Starring Margot Robbie, Jacob Elordi, Hong Chau — Movie: 2026",5,true,true,true,false,5,Is Wuthering Heights a love story? | How does Emerald Fennell's adaptation differ from previous film versions? | Why is the novel so difficult to adapt? | Is Heathcliff a Byronic hero or a villain? | What happens in the second half of the novel that films usually cut?,Brontë's only novel remains one of the most original and strange in the English language. Emerald Fennell's 2026 adaptation is one of the most anticipated literary films of the year.,5,/hamnet.html | /verity.html | /the-odyssey.html,Hamnet | Verity | The Odyssey,false,0,